org_id,tbl_id,tbl_name,source_org,classification_system,periodicity,direct_item_ids,direct_item_names,supports_direct_level,supports_rate_derivation,supports_absolute_change,supports_trade_balance,supports_trade_balance_change,supports_rank,supports_partial_period,requires_codeset_for_broad_categories,unsupported_claim_types,evidence_source,reviewed_at,capability_source,capability_review_status,evidence_url,evidence_note,reviewed_by
101,DT_1633D,임가공품목별 사업체수 및 수입액(10명 이상),101,KOSIS 공식 메타 분류,,T01|T02,사업체수|임가공 수입액,Y,Y,Y,N,N,N,UNKNOWN,Y,,KOSIS getMeta org_id=101 tbl_id=DT_1633D; meta_rows=514 item_rows=2 obj_rows=512,2026-08-04,AUTO_INFERRED,UNREVIEWED,,KOSIS getMeta org_id=101 tbl_id=DT_1633D; meta_rows=514 item_rows=2 obj_rows=512,
101,DT_1DE6029S,신규 자영업자 사업자금 조달방법(복수응답),101,KOSIS 공식 메타 분류,,T110|T120|T130|T140|T150|T170|T180|T190,계(%)|본인 또는 가족이 마련한 목돈(%)|친지 또는 동업자의 자금(%)|친지 또는 동업자 이외 타인에게 빌려서 마련(%)|은행 보험회사 상호신용금고 등(%)|정부의 보조 또는 지원 등(%)|별도의 자본이 필요 없었음(%)|기타(%),Y,Y,Y,N,N,N,UNKNOWN,Y,,KOSIS getMeta org_id=101 tbl_id=DT_1DE6029S; meta_rows=11 item_rows=8 obj_rows=3,2026-08-04,AUTO_INFERRED,UNREVIEWED,,KOSIS getMeta org_id=101 tbl_id=DT_1DE6029S; meta_rows=11 item_rows=8 obj_rows=3,
101,DT_1DE6047S,신규 자영업자 사업자금 조달방법(복수응답)(농림어업제외),101,KOSIS 공식 메타 분류,,T120|T130|T140|T150|T170|T180|T190,본인 또는 가족이 마련한 목돈(%)|친지 또는 동업자의 자금(%)|친지 또는 동업자 이외 타인에게 빌려서 마련(%)|은행 보험회사 상호신용금고 등(%)|정부의 보조 또는 지원 등(%)|별도의 자본이 필요 없었음(%)|기타(%),Y,Y,Y,N,N,N,UNKNOWN,Y,,KOSIS getMeta org_id=101 tbl_id=DT_1DE6047S; meta_rows=10 item_rows=7 obj_rows=3,2026-08-04,AUTO_INFERRED,UNREVIEWED,,KOSIS getMeta org_id=101 tbl_id=DT_1DE6047S; meta_rows=10 item_rows=7 obj_rows=3,
101,DT_1FP1116B,"임가공품목별 사업체수 및 수입액(10명 이상, 2023년)",101,KOSIS 공식 메타 분류,,T01|T02,사업체수|임가공 수입액,Y,Y,Y,N,N,N,UNKNOWN,Y,,KOSIS getMeta org_id=101 tbl_id=DT_1FP1116B; meta_rows=784 item_rows=2 obj_rows=782,2026-08-04,AUTO_INFERRED,UNREVIEWED,,KOSIS getMeta org_id=101 tbl_id=DT_1FP1116B; meta_rows=784 item_rows=2 obj_rows=782,
101,DT_1FP1124B,"임가공품목별 사업체수 및 수입액(10명 이상, 2024년)",101,KOSIS 공식 메타 분류,,T01|T02,사업체수|임가공 수입액,Y,Y,Y,N,N,N,UNKNOWN,Y,,KOSIS getMeta org_id=101 tbl_id=DT_1FP1124B; meta_rows=523 item_rows=2 obj_rows=521,2026-08-04,AUTO_INFERRED,UNREVIEWED,,KOSIS getMeta org_id=101 tbl_id=DT_1FP1124B; meta_rows=523 item_rows=2 obj_rows=521,
101,DT_1G18004,공종별 건설기성액(계절조정),101,KOSIS 공식 메타 분류,,T10,기성액(계절조정),Y,Y,Y,N,N,N,UNKNOWN,Y,,KOSIS getMeta org_id=101 tbl_id=DT_1G18004; meta_rows=4 item_rows=1 obj_rows=3,2026-08-04,AUTO_INFERRED,UNREVIEWED,,KOSIS getMeta org_id=101 tbl_id=DT_1G18004; meta_rows=4 item_rows=1 obj_rows=3,
101,DT_1G18007,공종별 건설기성액(경상),101,KOSIS 공식 메타 분류,,T30,기성액,Y,Y,Y,N,N,N,UNKNOWN,Y,,KOSIS getMeta org_id=101 tbl_id=DT_1G18007; meta_rows=10 item_rows=1 obj_rows=9,2026-08-04,AUTO_INFERRED,UNREVIEWED,,KOSIS getMeta org_id=101 tbl_id=DT_1G18007; meta_rows=10 item_rows=1 obj_rows=9,
101,DT_1G18008,발주자별 건설기성액(경상),101,KOSIS 공식 메타 분류,,T10,기성액,Y,Y,Y,N,N,N,UNKNOWN,Y,,KOSIS getMeta org_id=101 tbl_id=DT_1G18008; meta_rows=8 item_rows=1 obj_rows=7,2026-08-04,AUTO_INFERRED,UNREVIEWED,,KOSIS getMeta org_id=101 tbl_id=DT_1G18008; meta_rows=8 item_rows=1 obj_rows=7,
101,DT_1G18011,공종별 건설기성액(불변),101,KOSIS 공식 메타 분류,,T10,기성액(불변),Y,Y,Y,N,N,N,UNKNOWN,Y,,KOSIS getMeta org_id=101 tbl_id=DT_1G18011; meta_rows=5 item_rows=1 obj_rows=4,2026-08-04,AUTO_INFERRED,UNREVIEWED,,KOSIS getMeta org_id=101 tbl_id=DT_1G18011; meta_rows=5 item_rows=1 obj_rows=4,
101,DT_1G18012,공종별 건설기성액(불변_계절조정),101,KOSIS 공식 메타 분류,,T1,기성액,Y,Y,Y,N,N,N,UNKNOWN,Y,,KOSIS getMeta org_id=101 tbl_id=DT_1G18012; meta_rows=4 item_rows=1 obj_rows=3,2026-08-04,AUTO_INFERRED,UNREVIEWED,,KOSIS getMeta org_id=101 tbl_id=DT_1G18012; meta_rows=4 item_rows=1 obj_rows=3,
101,DT_1J22003,소비자물가지수(2020=100),101,KOSIS 공식 메타 분류,,T,소비자물가지수(총지수),Y,Y,Y,N,N,N,UNKNOWN,Y,,KOSIS getMeta org_id=101 tbl_id=DT_1J22003; meta_rows=20 item_rows=1 obj_rows=19,2026-08-04,AUTO_INFERRED,UNREVIEWED,,KOSIS getMeta org_id=101 tbl_id=DT_1J22003; meta_rows=20 item_rows=1 obj_rows=19,
101,DT_1J22041,연도별 소비자물가 등락률,101,KOSIS 공식 메타 분류,,T,전년비,Y,Y,Y,N,N,N,UNKNOWN,Y,,KOSIS getMeta org_id=101 tbl_id=DT_1J22041; meta_rows=6 item_rows=1 obj_rows=5,2026-08-04,KOSIS_PAGE,OFFICIAL_REVIEWED,https://kosis.kr/statHtml/statHtml.do?orgId=101&tblId=DT_1J22041&conn_path=I2,KOSIS 공식 메타 확인: 연도별 소비자물가 등락률. 소비자물가 상승률 계열로 사용 가능하나 전망값은 관측값이 아니므로 별도 REVIEW.,codex
101,DT_1J22042,월별 소비자물가 등락률,101,KOSIS 공식 메타 분류,,T02|T03|T04,전월비|전년동월비(%)|전년누계비(%),Y,Y,Y,N,N,N,UNKNOWN,Y,,KOSIS getMeta org_id=101 tbl_id=DT_1J22042; meta_rows=8 item_rows=3 obj_rows=5,2026-08-04,KOSIS_PAGE,OFFICIAL_REVIEWED,https://kosis.kr/statHtml/statHtml.do?orgId=101&tblId=DT_1J22042&conn_path=I2,KOSIS 공식 메타 확인: 월별 소비자물가 등락률. 소비자물가 상승률 계열로 사용 가능하나 전망값은 관측값이 아니므로 별도 REVIEW.,codex
101,DT_1K41002,재별 및 상품군별 판매액,101,KOSIS 공식 메타 분류,,T1,경상금액,Y,Y,Y,N,N,N,UNKNOWN,Y,,KOSIS getMeta org_id=101 tbl_id=DT_1K41002; meta_rows=21 item_rows=1 obj_rows=20,2026-08-04,AUTO_INFERRED,UNREVIEWED,,KOSIS getMeta org_id=101 tbl_id=DT_1K41002; meta_rows=21 item_rows=1 obj_rows=20,
101,DT_1K41003,소매업태별 판매액,101,KOSIS 공식 메타 분류,,T1,경상금액,Y,Y,Y,N,N,N,UNKNOWN,Y,,KOSIS getMeta org_id=101 tbl_id=DT_1K41003; meta_rows=10 item_rows=1 obj_rows=9,2026-08-04,AUTO_INFERRED,UNREVIEWED,,KOSIS getMeta org_id=101 tbl_id=DT_1K41003; meta_rows=10 item_rows=1 obj_rows=9,
101,DT_1K41005,17개 시도별 대형소매점 판매액,101,KOSIS 공식 메타 분류,,T1|T3|T5,대형소매점 경상금액|백화점 경상금액|대형마트 경상금액,Y,Y,Y,N,N,N,UNKNOWN,Y,,KOSIS getMeta org_id=101 tbl_id=DT_1K41005; meta_rows=22 item_rows=3 obj_rows=19,2026-08-04,AUTO_INFERRED,UNREVIEWED,,KOSIS getMeta org_id=101 tbl_id=DT_1K41005; meta_rows=22 item_rows=3 obj_rows=19,
101,DT_1L9E002,"가구당 월평균 가계수지 (전국,1인이상)",101,KOSIS 공식 메타 분류,,T1|T2|T5,전체가구|근로자가구|근로자외가구,Y,Y,Y,N,N,N,UNKNOWN,Y,,KOSIS getMeta org_id=101 tbl_id=DT_1L9E002; meta_rows=138 item_rows=3 obj_rows=135,2026-08-04,AUTO_INFERRED,UNREVIEWED,,KOSIS getMeta org_id=101 tbl_id=DT_1L9E002; meta_rows=138 item_rows=3 obj_rows=135,
101,DT_1L9R012,"가구구성별 가구당 월평균 가계지출 (전국,1인이상)",101,KOSIS 공식 메타 분류,,T10|T12|T20|T22|T50|T52,전체가구|전체가구 중위값|근로자가구|근로자가구 중위값|근로자외가구|근로자외가구 중위값,Y,Y,Y,N,N,N,UNKNOWN,Y,,KOSIS getMeta org_id=101 tbl_id=DT_1L9R012; meta_rows=135 item_rows=6 obj_rows=129,2026-08-04,AUTO_INFERRED,UNREVIEWED,,KOSIS getMeta org_id=101 tbl_id=DT_1L9R012; meta_rows=135 item_rows=6 obj_rows=129,
101,DT_1L9U001,"가구당 월평균 가계수지 (전국,1인이상)",101,KOSIS 공식 메타 분류,,T110|T120|T150,전체가구|근로자가구|근로자외가구,Y,Y,Y,N,N,N,UNKNOWN,Y,,KOSIS getMeta org_id=101 tbl_id=DT_1L9U001; meta_rows=140 item_rows=3 obj_rows=137,2026-08-04,AUTO_INFERRED,UNREVIEWED,,KOSIS getMeta org_id=101 tbl_id=DT_1L9U001; meta_rows=140 item_rows=3 obj_rows=137,
101,DT_1L9U015,"가구구성별 가구당 월평균 가계수지 (전국,1인이상)",101,KOSIS 공식 메타 분류,,T110|T120|T150,전체가구|근로자가구|근로자외가구,Y,Y,Y,N,N,N,UNKNOWN,Y,,KOSIS getMeta org_id=101 tbl_id=DT_1L9U015; meta_rows=145 item_rows=3 obj_rows=142,2026-08-04,AUTO_INFERRED,UNREVIEWED,,KOSIS getMeta org_id=101 tbl_id=DT_1L9U015; meta_rows=145 item_rows=3 obj_rows=142,
101,DT_1L9V014,"가구구성별 가구당 월평균 가계수지 (전국,2인이상)",101,KOSIS 공식 메타 분류,,T210|T220|T250,전체가구|근로자가구|근로자외가구,Y,Y,Y,N,N,N,UNKNOWN,Y,,KOSIS getMeta org_id=101 tbl_id=DT_1L9V014; meta_rows=145 item_rows=3 obj_rows=142,2026-08-04,AUTO_INFERRED,UNREVIEWED,,KOSIS getMeta org_id=101 tbl_id=DT_1L9V014; meta_rows=145 item_rows=3 obj_rows=142,
101,DT_2FB002F,(귀화 전)국적별 취업자(이민자),101,KOSIS 공식 메타 분류,,T100|T200|T210|T220|T230|T240|T241|T242|T243|T244|T245|T246|T001|T247|T248|T249|T250|T300|T400|T500|T600,합계|아시아| - 한국계중국| - 중국(한국계 제외)|- 베트남| - 기타아시아1|   · 우즈베키스탄|   · 필리핀|   · 인도네시아|   · 일본|   · 태국|   · 몽골|   · 기타아시아2|    · · 캄보디아|    · · 네팔|    · · 기타아시아3|아시아이외|- 북미|- 유럽|- 오세아니아|- 기타,Y,Y,Y,N,N,N,UNKNOWN,Y,,KOSIS getMeta org_id=101 tbl_id=DT_2FB002F; meta_rows=28 item_rows=21 obj_rows=7,2026-08-04,AUTO_INFERRED,UNREVIEWED,,KOSIS getMeta org_id=101 tbl_id=DT_2FB002F; meta_rows=28 item_rows=21 obj_rows=7,
101,DT_2FB003F,거주지역별 취업자(이민자),101,KOSIS 공식 메타 분류,,T100|T200|T210|T220|T230|T240|T300|T310|T320|T330|T340|T350,합계|수도권| - 서울| - 경기 인천|ㆍ인천|ㆍ경기|비수도권| - 부산 울산 경남| - 대전 충남 충북 세종| - 대구 경북| - 광주 전남 전북| - 강원 제주,Y,Y,Y,N,N,N,UNKNOWN,Y,,KOSIS getMeta org_id=101 tbl_id=DT_2FB003F; meta_rows=19 item_rows=12 obj_rows=7,2026-08-04,AUTO_INFERRED,UNREVIEWED,,KOSIS getMeta org_id=101 tbl_id=DT_2FB003F; meta_rows=19 item_rows=12 obj_rows=7,
101,DT_2FB010F,동일 직장 근속기간별 취업자(이민자),101,KOSIS 공식 메타 분류,,T100|T200|T300|T400|T500|T600,합계|6개월 미만|6개월 이상 ~ 1년 미만|1년 이상 ~ 2년 미만|2년 이상 ~ 3년 미만|3년 이상,Y,Y,Y,N,N,N,UNKNOWN,Y,,KOSIS getMeta org_id=101 tbl_id=DT_2FB010F; meta_rows=13 item_rows=6 obj_rows=7,2026-08-04,AUTO_INFERRED,UNREVIEWED,,KOSIS getMeta org_id=101 tbl_id=DT_2FB010F; meta_rows=13 item_rows=6 obj_rows=7,
101,DT_2FB011F,동일 직업 근무기간별 취업자(이민자),101,KOSIS 공식 메타 분류,,T100|T200|T300|T400|T500|T600,합계|6개월 미만|6개월 이상 ~ 1년 미만|1년 이상 ~ 2년 미만|2년 이상 ~ 3년 미만|3년 이상,Y,Y,Y,N,N,N,UNKNOWN,Y,,KOSIS getMeta org_id=101 tbl_id=DT_2FB011F; meta_rows=13 item_rows=6 obj_rows=7,2026-08-04,AUTO_INFERRED,UNREVIEWED,,KOSIS getMeta org_id=101 tbl_id=DT_2FB011F; meta_rows=13 item_rows=6 obj_rows=7,
101,DT_3KB9017,[도소매업] 시도/산업/상품 판매처별 구성비 현황,101,KOSIS 공식 메타 분류,,T01|T02|T021|T022|T023|T024|T025|T026|T027,사업체수|합계|본지점 간 이동|도매업자|소매업자|산업사용자|일반소비자|해외수출|기타,Y,Y,Y,N,N,N,UNKNOWN,Y,,KOSIS getMeta org_id=101 tbl_id=DT_3KB9017; meta_rows=300 item_rows=9 obj_rows=291,2026-08-04,AUTO_INFERRED,UNREVIEWED,,KOSIS getMeta org_id=101 tbl_id=DT_3KB9017; meta_rows=300 item_rows=9 obj_rows=291,
101,DT_3KB9018,[도소매업] 시도/산업/상품판매 유형별 매출액 구성비 현황,101,KOSIS 공식 메타 분류,,T01|T02|T021|T022|T023|T024|T025,사업체수|합계|매장 판매|방문 판매|인터넷 판매|TV홈쇼핑 전화 우편 판매|기타,Y,Y,Y,N,N,N,UNKNOWN,Y,,KOSIS getMeta org_id=101 tbl_id=DT_3KB9018; meta_rows=298 item_rows=7 obj_rows=291,2026-08-04,AUTO_INFERRED,UNREVIEWED,,KOSIS getMeta org_id=101 tbl_id=DT_3KB9018; meta_rows=298 item_rows=7 obj_rows=291,
110,DT_11029N_204,행정서비스 이용 시 이용 방법_ 자동차 등록 및 이전,110,KOSIS 공식 메타 분류,,T2,행정서비스 이용 시 이용 방법_ 자동차 등록 및 이전,Y,Y,Y,N,N,N,UNKNOWN,Y,,KOSIS getMeta org_id=110 tbl_id=DT_11029N_204; meta_rows=75 item_rows=1 obj_rows=74,2026-08-04,AUTO_INFERRED,UNREVIEWED,,KOSIS getMeta org_id=110 tbl_id=DT_11029N_204; meta_rows=75 item_rows=1 obj_rows=74,
111,DT_111014_B087,숙련기능인력(E-7-4) 고용 이유 - 비전문취업자보다 업무 숙련도가 높아서,111,KOSIS 공식 메타 분류,,T001,숙련기능인력(E-7-4) 고용 이유,Y,Y,Y,N,N,N,UNKNOWN,Y,,KOSIS getMeta org_id=111 tbl_id=DT_111014_B087; meta_rows=39 item_rows=1 obj_rows=38,2026-08-04,AUTO_INFERRED,UNREVIEWED,,KOSIS getMeta org_id=111 tbl_id=DT_111014_B087; meta_rows=39 item_rows=1 obj_rows=38,
111,DT_111014_C029,올해 일당 근로자 중 외국인 고용 비율,111,KOSIS 공식 메타 분류,,T001,올해 일당 근로자 중 외국인 고용 비율,Y,Y,Y,N,N,N,UNKNOWN,Y,,KOSIS getMeta org_id=111 tbl_id=DT_111014_C029; meta_rows=29 item_rows=1 obj_rows=28,2026-08-04,AUTO_INFERRED,UNREVIEWED,,KOSIS getMeta org_id=111 tbl_id=DT_111014_C029; meta_rows=29 item_rows=1 obj_rows=28,
111,DT_111014_C035,올해 한달 이상 고용 근로자 필요한 근로자 중 외국인 비율,111,KOSIS 공식 메타 분류,,T001,올해 한달 이상 고용 근로자 필요한 근로자 중 외국인 비율,Y,Y,Y,N,N,N,UNKNOWN,Y,,KOSIS getMeta org_id=111 tbl_id=DT_111014_C035; meta_rows=29 item_rows=1 obj_rows=28,2026-08-04,AUTO_INFERRED,UNREVIEWED,,KOSIS getMeta org_id=111 tbl_id=DT_111014_C035; meta_rows=29 item_rows=1 obj_rows=28,
113,DT_113_STBL_1024767,콘텐츠산업 :  유통(소매 및 서비스) 매출액 현황,113,KOSIS 공식 메타 분류,,13103844025T1|13103844025T2|13103844025T3|13103844025T4,매출액|비중|전년대비증감률|연평균증감률,Y,Y,Y,N,N,N,UNKNOWN,Y,,KOSIS getMeta org_id=113 tbl_id=DT_113_STBL_1024767; meta_rows=13 item_rows=4 obj_rows=9,2026-08-04,AUTO_INFERRED,UNREVIEWED,,KOSIS getMeta org_id=113 tbl_id=DT_113_STBL_1024767; meta_rows=13 item_rows=4 obj_rows=9,
113,DT_113_STBL_1030566,관광여행 만족도_관광지 물가,113,KOSIS 공식 메타 분류,,13103133085T1|13103133085T2|13103133085T3|13103133085T4|13103133085T5|13103133085T6|13103133085T7|13103133085T8|13103133085T9|13103133085T10|13103133085T11|13103133085T12|13103133085T13|13103133085T14|13103133085T15|13103133085T16|13103133085T17,서울|부산|대구|인천|광주|대전|울산|세종|경기|강원|충북|충남|전북|전남|경북|경남|제주,Y,Y,Y,N,N,N,UNKNOWN,Y,,KOSIS getMeta org_id=113 tbl_id=DT_113_STBL_1030566; meta_rows=54 item_rows=17 obj_rows=37,2026-08-04,AUTO_INFERRED,UNREVIEWED,,KOSIS getMeta org_id=113 tbl_id=DT_113_STBL_1030566; meta_rows=54 item_rows=17 obj_rows=37,
113,DT_113_STBL_1030567,관광 숙박여행 만족도_관광지 물가,113,KOSIS 공식 메타 분류,,13103133096T1|13103133096T2|13103133096T3|13103133096T4|13103133096T5|13103133096T6|13103133096T7|13103133096T8|13103133096T9|13103133096T10|13103133096T11|13103133096T12|13103133096T13|13103133096T14|13103133096T15|13103133096T16|13103133096T17,서울|부산|대구|인천|광주|대전|울산|세종|경기|강원|충북|충남|전북|전남|경북|경남|제주,Y,Y,Y,N,N,N,UNKNOWN,Y,,KOSIS getMeta org_id=113 tbl_id=DT_113_STBL_1030567; meta_rows=54 item_rows=17 obj_rows=37,2026-08-04,AUTO_INFERRED,UNREVIEWED,,KOSIS getMeta org_id=113 tbl_id=DT_113_STBL_1030567; meta_rows=54 item_rows=17 obj_rows=37,
113,DT_113_STBL_1030568,관광 당일여행 만족도_관광지 물가,113,KOSIS 공식 메타 분류,,13103133093T1|13103133093T2|13103133093T3|13103133093T4|13103133093T5|13103133093T6|13103133093T7|13103133093T8|13103133093T9|13103133093T10|13103133093T11|13103133093T12|13103133093T13|13103133093T14|13103133093T15|13103133093T16|13103133093T17,서울|부산|대구|인천|광주|대전|울산|세종|경기|강원|충북|충남|전북|전남|경북|경남|제주,Y,Y,Y,N,N,N,UNKNOWN,Y,,KOSIS getMeta org_id=113 tbl_id=DT_113_STBL_1030568; meta_rows=54 item_rows=17 obj_rows=37,2026-08-04,AUTO_INFERRED,UNREVIEWED,,KOSIS getMeta org_id=113 tbl_id=DT_113_STBL_1030568; meta_rows=54 item_rows=17 obj_rows=37,
113,DT_113_STBL_1030964, 광역자치단체 중앙정부 문화 관련 사업 평균 및 전체 건 수,113,KOSIS 공식 메타 분류,,13103135279T1|13103135279T2|13103135279T3,광역전체|시|도,Y,Y,Y,N,N,N,UNKNOWN,Y,,KOSIS getMeta org_id=113 tbl_id=DT_113_STBL_1030964; meta_rows=5 item_rows=3 obj_rows=2,2026-08-04,AUTO_INFERRED,UNREVIEWED,,KOSIS getMeta org_id=113 tbl_id=DT_113_STBL_1030964; meta_rows=5 item_rows=3 obj_rows=2,
114,DT_114055_B015,귀촌 후 경제활동 수행에서의 어려움,114,KOSIS 공식 메타 분류,,T001,귀촌 후 경제활동 수행에서의 어려움,Y,Y,Y,N,N,N,UNKNOWN,Y,,KOSIS getMeta org_id=114 tbl_id=DT_114055_B015; meta_rows=13 item_rows=1 obj_rows=12,2026-08-04,AUTO_INFERRED,UNREVIEWED,,KOSIS getMeta org_id=114 tbl_id=DT_114055_B015; meta_rows=13 item_rows=1 obj_rows=12,
115,DT_115042_25_024,생산 품목별 수출 금액(합계),115,KOSIS 공식 메타 분류,,T001,생산 품목별 수출 금액(합계),Y,Y,Y,N,N,N,UNKNOWN,Y,,KOSIS getMeta org_id=115 tbl_id=DT_115042_25_024; meta_rows=42 item_rows=1 obj_rows=41,2026-08-04,AUTO_INFERRED,UNREVIEWED,,KOSIS getMeta org_id=115 tbl_id=DT_115042_25_024; meta_rows=42 item_rows=1 obj_rows=41,
115,DT_115042_25_042,향후 신규 수출 계획 또는 수출 확대 계획,115,KOSIS 공식 메타 분류,,T001|T002|T003,사업체 수|예|아니오,Y,Y,Y,N,N,N,UNKNOWN,Y,,KOSIS getMeta org_id=115 tbl_id=DT_115042_25_042; meta_rows=42 item_rows=3 obj_rows=39,2026-08-04,AUTO_INFERRED,UNREVIEWED,,KOSIS getMeta org_id=115 tbl_id=DT_115042_25_042; meta_rows=42 item_rows=3 obj_rows=39,
115,DT_115042_25_045,자동차 부품 수출계획 관련 애로사항,115,KOSIS 공식 메타 분류,,T001|T002|T003|T004|T005|T006|T007,사업체 수|해외 시장 정보 부족|해외 거래처 확보 어려움|수출입 관련 실무(실무인력 부족 통관 및 현지 법률 등 제도의 복잡성) 부담|제품 가격경쟁력 부족|수출입 관련 비용(무역보험·금융 및 기타 현지 시설자금 등) 부담|기타,Y,Y,Y,N,N,N,UNKNOWN,Y,,KOSIS getMeta org_id=115 tbl_id=DT_115042_25_045; meta_rows=45 item_rows=7 obj_rows=38,2026-08-04,AUTO_INFERRED,UNREVIEWED,,KOSIS getMeta org_id=115 tbl_id=DT_115042_25_045; meta_rows=45 item_rows=7 obj_rows=38,
115,DT_115042_25_077,자동차 부품산업 연간 투자액 - 생산설비투자,115,KOSIS 공식 메타 분류,,T001|T002,합계|비율,Y,Y,Y,N,N,N,UNKNOWN,Y,,KOSIS getMeta org_id=115 tbl_id=DT_115042_25_077; meta_rows=41 item_rows=2 obj_rows=39,2026-08-04,AUTO_INFERRED,UNREVIEWED,,KOSIS getMeta org_id=115 tbl_id=DT_115042_25_077; meta_rows=41 item_rows=2 obj_rows=39,
115,DT_115042_25_082,자동차 부품산업 연간 투자계획 금액 - 생산설비투자,115,KOSIS 공식 메타 분류,,T001|T002,합계|비율,Y,Y,Y,N,N,N,UNKNOWN,Y,,KOSIS getMeta org_id=115 tbl_id=DT_115042_25_082; meta_rows=41 item_rows=2 obj_rows=39,2026-08-04,AUTO_INFERRED,UNREVIEWED,,KOSIS getMeta org_id=115 tbl_id=DT_115042_25_082; meta_rows=41 item_rows=2 obj_rows=39,
115,DT_115_2012_AA061,"광주광역시･산업별(중분류) 현재인원(성별, 고용형태별 등)",115,KOSIS 공식 메타 분류,,T001,산업별(중분류)･광주광역시 현재인원,Y,Y,Y,N,N,N,UNKNOWN,Y,,KOSIS getMeta org_id=115 tbl_id=DT_115_2012_AA061; meta_rows=84 item_rows=1 obj_rows=83,2026-08-04,AUTO_INFERRED,UNREVIEWED,,KOSIS getMeta org_id=115 tbl_id=DT_115_2012_AA061; meta_rows=84 item_rows=1 obj_rows=83,
115,DT_115_2012_AA079,"경기도･산업별(중분류) 현재인원(성별, 고용형태별 등)",115,KOSIS 공식 메타 분류,,T001,경기도･산업별(중분류) 현재인원(성별 고용형태별 등),Y,Y,Y,N,N,N,UNKNOWN,Y,,KOSIS getMeta org_id=115 tbl_id=DT_115_2012_AA079; meta_rows=84 item_rows=1 obj_rows=83,2026-08-04,AUTO_INFERRED,UNREVIEWED,,KOSIS getMeta org_id=115 tbl_id=DT_115_2012_AA079; meta_rows=84 item_rows=1 obj_rows=83,
115,DT_115_2012_AA085,"강원특별자치도･산업별(중분류) 현재인원(성별, 고용형태별 등)",115,KOSIS 공식 메타 분류,,T001,강원도･산업별(중분류) 현재인원(성별 고용형태별 등),Y,Y,Y,N,N,N,UNKNOWN,Y,,KOSIS getMeta org_id=115 tbl_id=DT_115_2012_AA085; meta_rows=84 item_rows=1 obj_rows=83,2026-08-04,AUTO_INFERRED,UNREVIEWED,,KOSIS getMeta org_id=115 tbl_id=DT_115_2012_AA085; meta_rows=84 item_rows=1 obj_rows=83,
115,DT_115_2012_AA115,"경상북도･산업별(중분류) 현재인원(성별, 고용형태별 등)",115,KOSIS 공식 메타 분류,,T001,경상북도･산업별(중분류) 현재인원(성별 고용형태별 등),Y,Y,Y,N,N,N,UNKNOWN,Y,,KOSIS getMeta org_id=115 tbl_id=DT_115_2012_AA115; meta_rows=84 item_rows=1 obj_rows=83,2026-08-04,AUTO_INFERRED,UNREVIEWED,,KOSIS getMeta org_id=115 tbl_id=DT_115_2012_AA115; meta_rows=84 item_rows=1 obj_rows=83,
115,DT_115_2012_AA121,"경상남도･산업별(중분류) 현재인원(성별, 고용형태별 등)",115,KOSIS 공식 메타 분류,,T001,경상남도･산업별(중분류) 현재인원(성별 고용형태별 등),Y,Y,Y,N,N,N,UNKNOWN,Y,,KOSIS getMeta org_id=115 tbl_id=DT_115_2012_AA121; meta_rows=84 item_rows=1 obj_rows=83,2026-08-04,AUTO_INFERRED,UNREVIEWED,,KOSIS getMeta org_id=115 tbl_id=DT_115_2012_AA121; meta_rows=84 item_rows=1 obj_rows=83,
115,DT_14217C_055,중견기업 후보기업 주요수출 국가 1+2+3+4+5순위(상위 14개),115,KOSIS 공식 메타 분류,,T001,주요수출 국가 1+2+3+4+5순위(상위 14개),Y,Y,Y,N,N,N,UNKNOWN,Y,,KOSIS getMeta org_id=115 tbl_id=DT_14217C_055; meta_rows=57 item_rows=1 obj_rows=56,2026-08-04,AUTO_INFERRED,UNREVIEWED,,KOSIS getMeta org_id=115 tbl_id=DT_14217C_055; meta_rows=57 item_rows=1 obj_rows=56,
115,TX_115_2009_H4562,정부/공공기관 연간 이러닝 과정 수,115,KOSIS 공식 메타 분류,,16115T2009_1959|16115T2009_1960|16115T2009_1961,평균 교육과정|이러닝 운영과정수|이러닝 과정비율,Y,Y,Y,N,N,N,UNKNOWN,Y,,KOSIS getMeta org_id=115 tbl_id=TX_115_2009_H4562; meta_rows=12 item_rows=3 obj_rows=9,2026-08-04,AUTO_INFERRED,UNREVIEWED,,KOSIS getMeta org_id=115 tbl_id=TX_115_2009_H4562; meta_rows=12 item_rows=3 obj_rows=9,
116,DT_MLTM_1048,국내·국제여객 월별 수송수단별,116,KOSIS 공식 메타 분류,,13103871070T1,합계,Y,Y,Y,N,N,N,UNKNOWN,Y,,KOSIS getMeta org_id=116 tbl_id=DT_MLTM_1048; meta_rows=17 item_rows=1 obj_rows=16,2026-08-04,AUTO_INFERRED,UNREVIEWED,,KOSIS getMeta org_id=116 tbl_id=DT_MLTM_1048; meta_rows=17 item_rows=1 obj_rows=16,
116,DT_MLTM_1050,국내·국제여객총괄,116,KOSIS 공식 메타 분류,,13103871071T1|13103871071T2|13103871071T3,수송인원|분담율|증가율,Y,Y,Y,N,N,N,UNKNOWN,Y,,KOSIS getMeta org_id=116 tbl_id=DT_MLTM_1050; meta_rows=15 item_rows=3 obj_rows=12,2026-08-04,AUTO_INFERRED,UNREVIEWED,,KOSIS getMeta org_id=116 tbl_id=DT_MLTM_1050; meta_rows=15 item_rows=3 obj_rows=12,
116,DT_MLTM_5376,국내·국제여객 연도별 수송수단별,116,KOSIS 공식 메타 분류,,13103890143T1,합계,Y,Y,Y,N,N,N,UNKNOWN,Y,,KOSIS getMeta org_id=116 tbl_id=DT_MLTM_5376; meta_rows=17 item_rows=1 obj_rows=16,2026-08-04,AUTO_INFERRED,UNREVIEWED,,KOSIS getMeta org_id=116 tbl_id=DT_MLTM_5376; meta_rows=17 item_rows=1 obj_rows=16,
116,DT_MLTM_5406,"<여객>지역간 통행량(승용차,버스,철도,항공,해운)",116,KOSIS 공식 메타 분류,,13103890141T18|13103890141T1|13103890141T2|13103890141T3|13103890141T4|13103890141T5|13103890141T6|13103890141T7|13103890141T17|13103890141T8|13103890141T9|13103890141T10|13103890141T11|13103890141T12|13103890141T13|13103890141T14|13103890141T15|13103890141T16,총합계|서울|부산|대구|인천|광주|대전|울산|세종|경기|강원|충북|충남|전북|전남|경북|경남|제주,Y,Y,Y,N,N,N,UNKNOWN,Y,,KOSIS getMeta org_id=116 tbl_id=DT_MLTM_5406; meta_rows=36 item_rows=18 obj_rows=18,2026-08-04,AUTO_INFERRED,UNREVIEWED,,KOSIS getMeta org_id=116 tbl_id=DT_MLTM_5406; meta_rows=36 item_rows=18 obj_rows=18,
127,DT_092_115_2009_S023,IT산업별/월별 수출 현황,127,ICT산업별,,13103131003T1,IT산업별/월별 수출 현황,Y,Y,Y,N,N,N,UNKNOWN,Y,,KOSIS getMeta org_id=127 tbl_id=DT_092_115_2009_S023; meta_rows=330 item_rows=1 obj_rows=329,2026-08-04,AUTO_INFERRED,UNREVIEWED,,KOSIS getMeta org_id=127 tbl_id=DT_092_115_2009_S023; meta_rows=330 item_rows=1 obj_rows=329,
127,DT_092_115_2009_S024,IT산업별/월별 수입 현황,127,ICT산업별,,13103131004T1,IT산업별/월별 수입 현황,Y,Y,Y,N,N,N,UNKNOWN,Y,,KOSIS getMeta org_id=127 tbl_id=DT_092_115_2009_S024; meta_rows=330 item_rows=1 obj_rows=329,2026-08-04,AUTO_INFERRED,UNREVIEWED,,KOSIS getMeta org_id=127 tbl_id=DT_092_115_2009_S024; meta_rows=330 item_rows=1 obj_rows=329,
127,DT_092_115_2009_S027,국가별/IT산업별/월별 수출 현황,127,ICT산업별,,13103131005T1,국가별/IT산업별/월별 수출 현황,Y,Y,Y,N,N,N,UNKNOWN,Y,,KOSIS getMeta org_id=127 tbl_id=DT_092_115_2009_S027; meta_rows=593 item_rows=1 obj_rows=592,2026-08-04,AUTO_INFERRED,UNREVIEWED,,KOSIS getMeta org_id=127 tbl_id=DT_092_115_2009_S027; meta_rows=593 item_rows=1 obj_rows=592,
127,DT_092_115_2009_S028,국가별/IT산업별/월별 수입 현황,127,ICT산업별,,13103131006T1,국가별/IT산업별/월별 수입 현황,Y,Y,Y,N,N,N,UNKNOWN,Y,,KOSIS getMeta org_id=127 tbl_id=DT_092_115_2009_S028; meta_rows=594 item_rows=1 obj_rows=593,2026-08-04,AUTO_INFERRED,UNREVIEWED,,KOSIS getMeta org_id=127 tbl_id=DT_092_115_2009_S028; meta_rows=594 item_rows=1 obj_rows=593,
127,DT_127004N_018,데이터 서비스 기반별 직접매출 시장 규모,127,KOSIS 공식 메타 분류,,T001,데이터 서비스 기반별 직접매출 시장 규모,Y,Y,Y,N,N,N,UNKNOWN,Y,,KOSIS getMeta org_id=127 tbl_id=DT_127004N_018; meta_rows=5 item_rows=1 obj_rows=4,2026-08-04,AUTO_INFERRED,UNREVIEWED,,KOSIS getMeta org_id=127 tbl_id=DT_127004N_018; meta_rows=5 item_rows=1 obj_rows=4,
127,DT_127005_005,수출 및 수입액,127,ICT산업별,,T001|T002,수출액|수입액,Y,Y,Y,Y,Y,N,UNKNOWN,Y,세계 순위|전망치|정책 목표치,KOSIS getMeta org_id=127 tbl_id=DT_127005_005; meta_rows=44 item_rows=2 obj_rows=42,2026-08-04,KOSIS_META,OFFICIAL_REVIEWED,https://kosis.kr/statHtml/statHtml.do?orgId=127&tblId=DT_127005_005&conn_path=I2,KOSIS 공식 메타 확인: ICT 수출 및 수입액. 수출액/증감률 후보이나 전체 수출·전망·다른 산업 범위와는 별도 검토 필요.,codex
127,DT_127023_A099,연구산업 관련 설비 투자 계획 금액,127,KOSIS 공식 메타 분류,,T001,금액,Y,Y,Y,N,N,N,UNKNOWN,Y,,KOSIS getMeta org_id=127 tbl_id=DT_127023_A099; meta_rows=50 item_rows=1 obj_rows=49,2026-08-04,AUTO_INFERRED,UNREVIEWED,,KOSIS getMeta org_id=127 tbl_id=DT_127023_A099; meta_rows=50 item_rows=1 obj_rows=49,
127,DT_12702N_028,사물인터넷 서비스의 활용 분야별 매출액,127,KOSIS 공식 메타 분류,,T001,사물인터넷 서비스의 활용 분야별 매출액,Y,Y,Y,N,N,N,UNKNOWN,Y,,KOSIS getMeta org_id=127 tbl_id=DT_12702N_028; meta_rows=14 item_rows=1 obj_rows=13,2026-08-04,AUTO_INFERRED,UNREVIEWED,,KOSIS getMeta org_id=127 tbl_id=DT_12702N_028; meta_rows=14 item_rows=1 obj_rows=13,
127,DT_DAA0001_S10502,기관유형별 산업별 기술무역수지 추이,127,KOSIS 공식 메타 분류,,T001,기관유형별 산업별 기술무역수지 추이,Y,Y,Y,N,N,N,UNKNOWN,Y,,KOSIS getMeta org_id=127 tbl_id=DT_DAA0001_S10502; meta_rows=19 item_rows=1 obj_rows=18,2026-08-04,AUTO_INFERRED,UNREVIEWED,,KOSIS getMeta org_id=127 tbl_id=DT_DAA0001_S10502; meta_rows=19 item_rows=1 obj_rows=18,
127,DT_DBA0001_S10502,기관유형별 기술별 기술무역수지 추이,127,KOSIS 공식 메타 분류,,T001,기관유형별 기술별 기술무역수지 추이,Y,Y,Y,N,N,N,UNKNOWN,Y,,KOSIS getMeta org_id=127 tbl_id=DT_DBA0001_S10502; meta_rows=30 item_rows=1 obj_rows=29,2026-08-04,AUTO_INFERRED,UNREVIEWED,,KOSIS getMeta org_id=127 tbl_id=DT_DBA0001_S10502; meta_rows=30 item_rows=1 obj_rows=29,
127,DT_DCA0001_S10502,주요 국가별 산업별 기술무역수지 추이,127,KOSIS 공식 메타 분류,,T001,주요 국가별 산업별 기술무역수지 추이,Y,Y,Y,N,N,N,UNKNOWN,Y,,KOSIS getMeta org_id=127 tbl_id=DT_DCA0001_S10502; meta_rows=25 item_rows=1 obj_rows=24,2026-08-04,AUTO_INFERRED,UNREVIEWED,,KOSIS getMeta org_id=127 tbl_id=DT_DCA0001_S10502; meta_rows=25 item_rows=1 obj_rows=24,
127,DT_DEA0001_S10502,주요 국가별 기술별 기술무역수지 추이,127,KOSIS 공식 메타 분류,,T001,주요 국가별 기술별 기술무역수지 추이,Y,Y,Y,N,N,N,UNKNOWN,Y,,KOSIS getMeta org_id=127 tbl_id=DT_DEA0001_S10502; meta_rows=36 item_rows=1 obj_rows=35,2026-08-04,AUTO_INFERRED,UNREVIEWED,,KOSIS getMeta org_id=127 tbl_id=DT_DEA0001_S10502; meta_rows=36 item_rows=1 obj_rows=35,
127,TX_10506_A098,RI핵종별 방사능순위별 수출국가별 비밀봉 RI수입량,127,KOSIS 공식 메타 분류,,16112AAQ7|16112AAQ8,수입량|수입액,Y,Y,Y,N,N,N,UNKNOWN,Y,,KOSIS getMeta org_id=127 tbl_id=TX_10506_A098; meta_rows=27 item_rows=2 obj_rows=25,2026-08-04,AUTO_INFERRED,UNREVIEWED,,KOSIS getMeta org_id=127 tbl_id=TX_10506_A098; meta_rows=27 item_rows=2 obj_rows=25,
127,TX_10506_A102,비밀봉RI와 밀봉RI의 수출국가별 수입량,127,KOSIS 공식 메타 분류,,16112AAR1|16112AAR2,수량|금액,Y,Y,Y,N,N,N,UNKNOWN,Y,,KOSIS getMeta org_id=127 tbl_id=TX_10506_A102; meta_rows=19 item_rows=2 obj_rows=17,2026-08-04,AUTO_INFERRED,UNREVIEWED,,KOSIS getMeta org_id=127 tbl_id=TX_10506_A102; meta_rows=19 item_rows=2 obj_rows=17,
127,TX_10506_A103,RI내장기기류 및 방사선발생장치의 수출국가별 수입량,127,KOSIS 공식 메타 분류,,16112ABD5,수입량,Y,Y,Y,N,N,N,UNKNOWN,Y,,KOSIS getMeta org_id=127 tbl_id=TX_10506_A103; meta_rows=21 item_rows=1 obj_rows=20,2026-08-04,AUTO_INFERRED,UNREVIEWED,,KOSIS getMeta org_id=127 tbl_id=TX_10506_A103; meta_rows=21 item_rows=1 obj_rows=20,
134,DT_134006_N001,품목별 수입·수출현황,134,KOSIS 공식 메타 분류,,T001|T002|T003|T004|T005|T006,업체수|교역액|업체수 진입률|업체수 퇴출률|교역액 진입률|교역액 퇴출률,Y,Y,Y,N,N,N,UNKNOWN,Y,,KOSIS getMeta org_id=134 tbl_id=DT_134006_N001; meta_rows=107 item_rows=6 obj_rows=101,2026-08-04,AUTO_INFERRED,UNREVIEWED,,KOSIS getMeta org_id=134 tbl_id=DT_134006_N001; meta_rows=107 item_rows=6 obj_rows=101,
134,DT_134006_N012,품목별 고성장·가젤기업 수출현황,134,KOSIS 공식 메타 분류,,T001,업체수,Y,Y,Y,N,N,N,UNKNOWN,Y,,KOSIS getMeta org_id=134 tbl_id=DT_134006_N012; meta_rows=99 item_rows=1 obj_rows=98,2026-08-04,AUTO_INFERRED,UNREVIEWED,,KOSIS getMeta org_id=134 tbl_id=DT_134006_N012; meta_rows=99 item_rows=1 obj_rows=98,
134,DT_13405_003,품목별 FTA 수출활용률,134,KOSIS 공식 메타 분류,,T002,수출활용률,Y,Y,Y,N,N,N,UNKNOWN,Y,,KOSIS getMeta org_id=134 tbl_id=DT_13405_003; meta_rows=22 item_rows=1 obj_rows=21,2026-08-04,AUTO_INFERRED,UNREVIEWED,,KOSIS getMeta org_id=134 tbl_id=DT_13405_003; meta_rows=22 item_rows=1 obj_rows=21,
142,DT_G26046,외국인근로자 고용 사유,142,KOSIS 공식 메타 분류,,T001,외국인근로자 고용 사유,Y,Y,Y,N,N,N,UNKNOWN,Y,,KOSIS getMeta org_id=142 tbl_id=DT_G26046; meta_rows=60 item_rows=1 obj_rows=59,2026-08-04,AUTO_INFERRED,UNREVIEWED,,KOSIS getMeta org_id=142 tbl_id=DT_G26046; meta_rows=60 item_rows=1 obj_rows=59,
142,DT_G26047,외국인근로자 고용시 고려한 사항,142,KOSIS 공식 메타 분류,,T001,외국인근로자 고용시 고려한 사항,Y,Y,Y,N,N,N,UNKNOWN,Y,,KOSIS getMeta org_id=142 tbl_id=DT_G26047; meta_rows=60 item_rows=1 obj_rows=59,2026-08-04,AUTO_INFERRED,UNREVIEWED,,KOSIS getMeta org_id=142 tbl_id=DT_G26047; meta_rows=60 item_rows=1 obj_rows=59,
142,DT_G26048,외국인근로자 고용시 주요 애로사항,142,KOSIS 공식 메타 분류,,T001,외국인근로자 고용시 주요 애로사항,Y,Y,Y,N,N,N,UNKNOWN,Y,,KOSIS getMeta org_id=142 tbl_id=DT_G26048; meta_rows=63 item_rows=1 obj_rows=62,2026-08-04,AUTO_INFERRED,UNREVIEWED,,KOSIS getMeta org_id=142 tbl_id=DT_G26048; meta_rows=63 item_rows=1 obj_rows=62,
145,DT_145009_026,"국내 의약품 생산·수출·수입액, 무역수지, 시장규모",145,KOSIS 공식 메타 분류,,T001|T002|T003|T004|T005,생산액|수출액|수입액|무역수지|시장규모,Y,Y,Y,Y,Y,N,UNKNOWN,Y,세계 순위|전망치|정책 목표치,KOSIS getMeta org_id=145 tbl_id=DT_145009_026; meta_rows=6 item_rows=5 obj_rows=1,2026-08-04,AUTO_INFERRED,UNREVIEWED,,KOSIS getMeta org_id=145 tbl_id=DT_145009_026; meta_rows=6 item_rows=5 obj_rows=1,
145,DT_145011_A002,화장품 수입업체 현황,145,KOSIS 공식 메타 분류,,T001,수입업체수,Y,Y,Y,N,N,N,UNKNOWN,Y,,KOSIS getMeta org_id=145 tbl_id=DT_145011_A002; meta_rows=2 item_rows=1 obj_rows=1,2026-08-04,AUTO_INFERRED,UNREVIEWED,,KOSIS getMeta org_id=145 tbl_id=DT_145011_A002; meta_rows=2 item_rows=1 obj_rows=1,
145,DT_145011_A006,화장품 수입 및 수출액 현황,145,KOSIS 공식 메타 분류,,T001|T002,수입액|수출액,Y,Y,Y,Y,Y,N,UNKNOWN,Y,세계 순위|전망치|정책 목표치,KOSIS getMeta org_id=145 tbl_id=DT_145011_A006; meta_rows=3 item_rows=2 obj_rows=1,2026-08-04,AUTO_INFERRED,UNREVIEWED,,KOSIS getMeta org_id=145 tbl_id=DT_145011_A006; meta_rows=3 item_rows=2 obj_rows=1,
145,DT_145011_A009,국내 화장품산업 현황,145,KOSIS 공식 메타 분류,,T001|T002|T003|T004|T005|T006,생산액|수출액|수입액|무역수지|시장규모|연평균환율,Y,Y,Y,Y,Y,N,UNKNOWN,Y,세계 순위|전망치|정책 목표치,KOSIS getMeta org_id=145 tbl_id=DT_145011_A009; meta_rows=7 item_rows=6 obj_rows=1,2026-08-04,AUTO_INFERRED,UNREVIEWED,,KOSIS getMeta org_id=145 tbl_id=DT_145011_A009; meta_rows=7 item_rows=6 obj_rows=1,
145,DT_145014_013,"위생용품 생산·수출·수입액 무역수지, 시장규모",145,KOSIS 공식 메타 분류,,T001|T002|T003|T004|T005|T006|T007,생산액|국내판매액|수출액|수입액|무역수지|시장규모|수입점유율,Y,Y,Y,Y,Y,N,UNKNOWN,Y,세계 순위|전망치|정책 목표치,KOSIS getMeta org_id=145 tbl_id=DT_145014_013; meta_rows=8 item_rows=7 obj_rows=1,2026-08-04,AUTO_INFERRED,UNREVIEWED,,KOSIS getMeta org_id=145 tbl_id=DT_145014_013; meta_rows=8 item_rows=7 obj_rows=1,
145,DT_14508_007,"의료기기 생산·수출·수입액, 무역수지, 시장규모",145,KOSIS 공식 메타 분류,,T001,의료기기 생산·수출·수입액 무역수지 시장규모,Y,Y,Y,N,N,N,UNKNOWN,Y,,KOSIS getMeta org_id=145 tbl_id=DT_14508_007; meta_rows=6 item_rows=1 obj_rows=5,2026-08-04,AUTO_INFERRED,UNREVIEWED,,KOSIS getMeta org_id=145 tbl_id=DT_14508_007; meta_rows=6 item_rows=1 obj_rows=5,
145,DT_145_2012_H005,"품목별(중량기준, 상위 20개) 수입신고 현황",145,KOSIS 공식 메타 분류,,1614572009_0012|16145T2009_0009|16145T2009_0010|16145T2009_0011,품목(명)|건수|중량|금액,Y,Y,Y,N,N,N,UNKNOWN,Y,,KOSIS getMeta org_id=145 tbl_id=DT_145_2012_H005; meta_rows=26 item_rows=4 obj_rows=22,2026-08-04,AUTO_INFERRED,UNREVIEWED,,KOSIS getMeta org_id=145 tbl_id=DT_145_2012_H005; meta_rows=26 item_rows=4 obj_rows=22,
145,TX_14503_A135,축산물가공품 품목군기준,145,KOSIS 공식 메타 분류,,16145AAA6|16145AAA7|16145AAA8,생산량|국내출하액|수출액,Y,Y,Y,N,N,N,UNKNOWN,Y,,KOSIS getMeta org_id=145 tbl_id=TX_14503_A135; meta_rows=6 item_rows=3 obj_rows=3,2026-08-04,AUTO_INFERRED,UNREVIEWED,,KOSIS getMeta org_id=145 tbl_id=TX_14503_A135; meta_rows=6 item_rows=3 obj_rows=3,
145,TX_145_2009_H1021,가공식품 품목 및 국가별(중량순),145,KOSIS 공식 메타 분류,,16145T2009_0009|16145T2009_0010|16145T2009_0011,건수|중량|금액,Y,Y,Y,N,N,N,UNKNOWN,Y,,KOSIS getMeta org_id=145 tbl_id=TX_145_2009_H1021; meta_rows=3735 item_rows=3 obj_rows=3732,2026-08-04,AUTO_INFERRED,UNREVIEWED,,KOSIS getMeta org_id=145 tbl_id=TX_145_2009_H1021; meta_rows=3735 item_rows=3 obj_rows=3732,
145,TX_145_2009_H1026,가공식품 국가 및 품목별(중량순),145,KOSIS 공식 메타 분류,,16145T2009_0009|16145T2009_0010|16145T2009_0011,건수|중량|금액,Y,Y,Y,N,N,N,UNKNOWN,Y,,KOSIS getMeta org_id=145 tbl_id=TX_145_2009_H1026; meta_rows=652 item_rows=3 obj_rows=649,2026-08-04,AUTO_INFERRED,UNREVIEWED,,KOSIS getMeta org_id=145 tbl_id=TX_145_2009_H1026; meta_rows=652 item_rows=3 obj_rows=649,
145,TX_145_2009_H1028,식품첨가물 국가 및 품목별(중량순),145,KOSIS 공식 메타 분류,,16145T2009_0009|16145T2009_0010|16145T2009_0011,건수|중량|금액,Y,Y,Y,N,N,N,UNKNOWN,Y,,KOSIS getMeta org_id=145 tbl_id=TX_145_2009_H1028; meta_rows=662 item_rows=3 obj_rows=659,2026-08-04,AUTO_INFERRED,UNREVIEWED,,KOSIS getMeta org_id=145 tbl_id=TX_145_2009_H1028; meta_rows=662 item_rows=3 obj_rows=659,
146,DT_MLTM_5002627,"산업분류,기업규모,선박규모별 수출현황",146,KOSIS 공식 메타 분류,,13103125757T.0001|13103125757T.0002,수출량|수출금액,Y,Y,Y,N,N,N,UNKNOWN,Y,,KOSIS getMeta org_id=146 tbl_id=DT_MLTM_5002627; meta_rows=18 item_rows=2 obj_rows=16,2026-08-04,AUTO_INFERRED,UNREVIEWED,,KOSIS getMeta org_id=146 tbl_id=DT_MLTM_5002627; meta_rows=18 item_rows=2 obj_rows=16,
154,DT_154013_24BB005101,(취업자) 고용주 혹은 직원/손님,154,KOSIS 공식 메타 분류,,T001,고용주 혹은 직원/손님,Y,Y,Y,N,N,N,UNKNOWN,Y,,KOSIS getMeta org_id=154 tbl_id=DT_154013_24BB005101; meta_rows=39 item_rows=1 obj_rows=38,2026-08-04,AUTO_INFERRED,UNREVIEWED,,KOSIS getMeta org_id=154 tbl_id=DT_154013_24BB005101; meta_rows=39 item_rows=1 obj_rows=38,
154,DT_154013_A067,(취업자) 고용주 혹은 직원 / 손님,154,KOSIS 공식 메타 분류,,T001,비율,Y,Y,Y,N,N,N,UNKNOWN,Y,,KOSIS getMeta org_id=154 tbl_id=DT_154013_A067; meta_rows=38 item_rows=1 obj_rows=37,2026-08-04,AUTO_INFERRED,UNREVIEWED,,KOSIS getMeta org_id=154 tbl_id=DT_154013_A067; meta_rows=38 item_rows=1 obj_rows=37,
154,DT_MOGE_3033900622,통역·번역 서비스 담당 직원 고용형태,154,KOSIS 공식 메타 분류,,T001,통역 및 번역 서비스 담당 직원 고용형태,Y,Y,Y,N,N,N,UNKNOWN,Y,,KOSIS getMeta org_id=154 tbl_id=DT_MOGE_3033900622; meta_rows=26 item_rows=1 obj_rows=25,2026-08-04,AUTO_INFERRED,UNREVIEWED,,KOSIS getMeta org_id=154 tbl_id=DT_MOGE_3033900622; meta_rows=26 item_rows=1 obj_rows=25,
164,DT_164004_2022078,지능정보 서비스 상용화_무인 자율주행 자동차로 목적지까지 이동한다,164,KOSIS 공식 메타 분류,,T001|T002|T003|T004|T005|T006|T007,사례수|1년 이내|3년 이내|5년 이내|7년 이내|10년 이내|10년 이상,Y,Y,Y,N,N,N,UNKNOWN,Y,,KOSIS getMeta org_id=164 tbl_id=DT_164004_2022078; meta_rows=50 item_rows=7 obj_rows=43,2026-08-04,AUTO_INFERRED,UNREVIEWED,,KOSIS getMeta org_id=164 tbl_id=DT_164004_2022078; meta_rows=50 item_rows=7 obj_rows=43,
164,DT_164004_2022212,"범죄 예방, 안전, 공익 등 서비스·앱 이용 상황별 수용 정도_도로교통 안전 및 차량 흐름의 신속성을 위해 자동차의 운행정보를 제공하는 것",164,KOSIS 공식 메타 분류,,T001|T002|T003|T004|T005|T006|T010,사례수|절대로 받아들일 수 없다|받아들일 수 없다|보통이다|받아들일 수 있다|전적으로 받아들일 수 있다|평균,Y,Y,Y,N,N,N,UNKNOWN,Y,,KOSIS getMeta org_id=164 tbl_id=DT_164004_2022212; meta_rows=50 item_rows=7 obj_rows=43,2026-08-04,AUTO_INFERRED,UNREVIEWED,,KOSIS getMeta org_id=164 tbl_id=DT_164004_2022212; meta_rows=50 item_rows=7 obj_rows=43,
164,DT_164004_2023050,지능정보 서비스 상용화_무인 자율주행자동차로 목적지까지 이동한다,164,KOSIS 공식 메타 분류,,T001|T002|T003|T004|T005|T006|T007,사례수|1년 이내|3년 이내|5년 이내|7년 이내|10년 이내|10년 이상,Y,Y,Y,N,N,N,UNKNOWN,Y,,KOSIS getMeta org_id=164 tbl_id=DT_164004_2023050; meta_rows=50 item_rows=7 obj_rows=43,2026-08-04,AUTO_INFERRED,UNREVIEWED,,KOSIS getMeta org_id=164 tbl_id=DT_164004_2023050; meta_rows=50 item_rows=7 obj_rows=43,
164,DT_164004_2023155,"범죄 예방, 안전, 공익 등 서비스·앱 이용 상황별 수용 정도_도로교통 안전 및 차량 흐름의 신속성을 위해 자동차의 운행정보를 제공하는 것",164,KOSIS 공식 메타 분류,,T001|T002|T003|T004|T005|T006|T010,사례수|절대로 받아들일 수 없다|받아들일 수 없다|보통이다|받아들일 수 있다|전적으로 받아들일 수 있다|평균,Y,Y,Y,N,N,N,UNKNOWN,Y,,KOSIS getMeta org_id=164 tbl_id=DT_164004_2023155; meta_rows=50 item_rows=7 obj_rows=43,2026-08-04,AUTO_INFERRED,UNREVIEWED,,KOSIS getMeta org_id=164 tbl_id=DT_164004_2023155; meta_rows=50 item_rows=7 obj_rows=43,
164,DT_164004_2024050,지능정보 서비스 상용화_무인 자율주행자동차로 목적지까지 이동한다,164,KOSIS 공식 메타 분류,,T001|T002|T003|T004|T005|T006|T007,사례수|1년 이내|3년 이내|5년 이내|7년 이내|10년 이내|10년 이상,Y,Y,Y,N,N,N,UNKNOWN,Y,,KOSIS getMeta org_id=164 tbl_id=DT_164004_2024050; meta_rows=31 item_rows=7 obj_rows=24,2026-08-04,AUTO_INFERRED,UNREVIEWED,,KOSIS getMeta org_id=164 tbl_id=DT_164004_2024050; meta_rows=31 item_rows=7 obj_rows=24,
164,DT_164004_2024152,"범죄 예방, 안전, 공익 등 서비스·앱 이용 상황별 수용 정도_도로교통 안전 및 차량 흐름의 신속성을 위해 자동차의 운행정보를 제공하는 것",164,KOSIS 공식 메타 분류,,T001|T002|T003|T004|T005|T006|T007,사례수|전혀 받아들일 수 없다|별로 받아들일 수 없다|보통이다|어느 정도 받아들일 수 있다|매우 받아들일 수 있다|평균,Y,Y,Y,N,N,N,UNKNOWN,Y,,KOSIS getMeta org_id=164 tbl_id=DT_164004_2024152; meta_rows=31 item_rows=7 obj_rows=24,2026-08-04,AUTO_INFERRED,UNREVIEWED,,KOSIS getMeta org_id=164 tbl_id=DT_164004_2024152; meta_rows=31 item_rows=7 obj_rows=24,
177,DT_11702_N126,2주간 이환율 추이,177,KOSIS 공식 메타 분류,,N|RATIO|SE,응답자수|분율|표준오차,Y,Y,Y,N,N,N,UNKNOWN,Y,,KOSIS getMeta org_id=177 tbl_id=DT_11702_N126; meta_rows=37 item_rows=3 obj_rows=34,2026-08-04,AUTO_INFERRED,UNREVIEWED,,KOSIS getMeta org_id=177 tbl_id=DT_11702_N126; meta_rows=37 item_rows=3 obj_rows=34,
301,DT_103Y002,한국은행 주요계정(말잔),301,KOSIS 공식 메타 분류,,13103134613999,한국은행 주요계정(말잔),Y,Y,Y,N,N,N,UNKNOWN,Y,,KOSIS getMeta org_id=301 tbl_id=DT_103Y002; meta_rows=38 item_rows=1 obj_rows=37,2026-08-04,AUTO_INFERRED,UNREVIEWED,,KOSIS getMeta org_id=301 tbl_id=DT_103Y002; meta_rows=38 item_rows=1 obj_rows=37,
301,DT_104Y008,"예금은행 원화예금(종별, 평잔)",301,KOSIS 공식 메타 분류,,13103860891999,예금은행 원화예금(종별 평잔),Y,Y,Y,N,N,N,UNKNOWN,Y,,KOSIS getMeta org_id=301 tbl_id=DT_104Y008; meta_rows=23 item_rows=1 obj_rows=22,2026-08-04,AUTO_INFERRED,UNREVIEWED,,KOSIS getMeta org_id=301 tbl_id=DT_104Y008; meta_rows=23 item_rows=1 obj_rows=22,
301,DT_104Y009,"예금은행 원화예금(예금주별,말잔)",301,KOSIS 공식 메타 분류,,13103860880999,예금은행 원화예금(예금주별말잔),Y,Y,Y,N,N,N,UNKNOWN,Y,,KOSIS getMeta org_id=301 tbl_id=DT_104Y009; meta_rows=13 item_rows=1 obj_rows=12,2026-08-04,AUTO_INFERRED,UNREVIEWED,,KOSIS getMeta org_id=301 tbl_id=DT_104Y009; meta_rows=13 item_rows=1 obj_rows=12,
301,DT_104Y015,"예금은행 원화예금(종별, 말잔)",301,KOSIS 공식 메타 분류,,13103860875999,예금은행 원화예금(종별 말잔),Y,Y,Y,N,N,N,UNKNOWN,Y,,KOSIS getMeta org_id=301 tbl_id=DT_104Y015; meta_rows=23 item_rows=1 obj_rows=22,2026-08-04,AUTO_INFERRED,UNREVIEWED,,KOSIS getMeta org_id=301 tbl_id=DT_104Y015; meta_rows=23 item_rows=1 obj_rows=22,
301,DT_121Y006,예금은행 대출금리(신규취급액 기준),301,KOSIS 공식 메타 분류,,13103134553999,예금은행 대출금리(신규취급액 기준),Y,Y,Y,N,N,N,UNKNOWN,Y,,KOSIS getMeta org_id=301 tbl_id=DT_121Y006; meta_rows=21 item_rows=1 obj_rows=20,2026-08-04,AUTO_INFERRED,UNREVIEWED,,KOSIS getMeta org_id=301 tbl_id=DT_121Y006; meta_rows=21 item_rows=1 obj_rows=20,
301,DT_121Y010,예금은행 고정 및 변동금리대출 비중(신규취급액 기준),301,KOSIS 공식 메타 분류,,13103134554999,예금은행 고정 및 변동금리대출 비중(신규취급액 기준),Y,Y,Y,N,N,N,UNKNOWN,Y,,KOSIS getMeta org_id=301 tbl_id=DT_121Y010; meta_rows=20 item_rows=1 obj_rows=19,2026-08-04,AUTO_INFERRED,UNREVIEWED,,KOSIS getMeta org_id=301 tbl_id=DT_121Y010; meta_rows=20 item_rows=1 obj_rows=19,
301,DT_121Y011,예금은행 고정 및 변동금리대출 비중(잔액 기준),301,KOSIS 공식 메타 분류,,13103134655999,예금은행 고정 및 변동금리대출 비중(잔액 기준),Y,Y,Y,N,N,N,UNKNOWN,Y,,KOSIS getMeta org_id=301 tbl_id=DT_121Y011; meta_rows=20 item_rows=1 obj_rows=19,2026-08-04,AUTO_INFERRED,UNREVIEWED,,KOSIS getMeta org_id=301 tbl_id=DT_121Y011; meta_rows=20 item_rows=1 obj_rows=19,
301,DT_121Y015,예금은행 대출금리(잔액 기준),301,KOSIS 공식 메타 분류,,13103134612999,예금은행 대출금리(잔액 기준),Y,Y,Y,N,N,N,UNKNOWN,Y,,KOSIS getMeta org_id=301 tbl_id=DT_121Y015; meta_rows=21 item_rows=1 obj_rows=20,2026-08-04,AUTO_INFERRED,UNREVIEWED,,KOSIS getMeta org_id=301 tbl_id=DT_121Y015; meta_rows=21 item_rows=1 obj_rows=20,
301,DT_131Y014,"산업별대출금(비은행예금취급기관, 전산업)",301,KOSIS 공식 메타 분류,,13103134552999,산업별대출금(비은행예금취급기관 전산업),Y,Y,Y,N,N,N,UNKNOWN,Y,,KOSIS getMeta org_id=301 tbl_id=DT_131Y014; meta_rows=44 item_rows=1 obj_rows=43,2026-08-04,AUTO_INFERRED,UNREVIEWED,,KOSIS getMeta org_id=301 tbl_id=DT_131Y014; meta_rows=44 item_rows=1 obj_rows=43,
301,DT_131Y015,"산업별대출금(비은행예금취급기관, 용도별)",301,KOSIS 공식 메타 분류,,13103134587999,산업별대출금(비은행예금취급기관 용도별),Y,Y,Y,N,N,N,UNKNOWN,Y,,KOSIS getMeta org_id=301 tbl_id=DT_131Y015; meta_rows=24 item_rows=1 obj_rows=23,2026-08-04,AUTO_INFERRED,UNREVIEWED,,KOSIS getMeta org_id=301 tbl_id=DT_131Y015; meta_rows=24 item_rows=1 obj_rows=23,
301,DT_131Y018,"산업별대출금(예금은행, 기업규모별)",301,KOSIS 공식 메타 분류,,13103136163999,산업별대출금(예금은행 기업규모별),Y,Y,Y,N,N,N,UNKNOWN,Y,,KOSIS getMeta org_id=301 tbl_id=DT_131Y018; meta_rows=27 item_rows=1 obj_rows=26,2026-08-04,AUTO_INFERRED,UNREVIEWED,,KOSIS getMeta org_id=301 tbl_id=DT_131Y018; meta_rows=27 item_rows=1 obj_rows=26,
301,DT_200Y151,"일반정부의 부문별 기능별 최종소비지출(명목, 연간)",301,KOSIS 공식 메타 분류,,13103136273999,일반정부의 부문별 기능별 최종소비지출(명목 연간),Y,Y,Y,N,N,N,UNKNOWN,Y,,KOSIS getMeta org_id=301 tbl_id=DT_200Y151; meta_rows=56 item_rows=1 obj_rows=55,2026-08-04,AUTO_INFERRED,UNREVIEWED,,KOSIS getMeta org_id=301 tbl_id=DT_200Y151; meta_rows=56 item_rows=1 obj_rows=55,
301,DT_200Y152,"일반정부의 부문별 기능별 총지출 (명목, 연간)",301,KOSIS 공식 메타 분류,,13103136281999,일반정부의 부문별 기능별 총지출 (명목 연간),Y,Y,Y,N,N,N,UNKNOWN,Y,,KOSIS getMeta org_id=301 tbl_id=DT_200Y152; meta_rows=64 item_rows=1 obj_rows=63,2026-08-04,AUTO_INFERRED,UNREVIEWED,,KOSIS getMeta org_id=301 tbl_id=DT_200Y152; meta_rows=64 item_rows=1 obj_rows=63,
301,DT_200Y153,"일반정부의 부문별 총수입, 총지출, 저축투자차액(명목, 연간)",301,KOSIS 공식 메타 분류,,13103136306999,일반정부의 부문별 총수입 총지출 저축투자차액(명목 연간),Y,Y,Y,N,N,N,UNKNOWN,Y,,KOSIS getMeta org_id=301 tbl_id=DT_200Y153; meta_rows=55 item_rows=1 obj_rows=54,2026-08-04,AUTO_INFERRED,UNREVIEWED,,KOSIS getMeta org_id=301 tbl_id=DT_200Y153; meta_rows=55 item_rows=1 obj_rows=54,
301,DT_404Y014,생산자물가지수(기본분류),301,KOSIS 공식 메타 분류,,13103134604999,생산자물가지수(기본분류),Y,Y,Y,N,N,N,UNKNOWN,Y,,KOSIS getMeta org_id=301 tbl_id=DT_404Y014; meta_rows=527 item_rows=1 obj_rows=526,2026-08-04,AUTO_INFERRED,UNREVIEWED,,KOSIS getMeta org_id=301 tbl_id=DT_404Y014; meta_rows=527 item_rows=1 obj_rows=526,
301,DT_404Y015,생산자물가지수(특수분류),301,KOSIS 공식 메타 분류,,13103134727999,생산자물가지수(특수분류),Y,Y,Y,N,N,N,UNKNOWN,Y,,KOSIS getMeta org_id=301 tbl_id=DT_404Y015; meta_rows=16 item_rows=1 obj_rows=15,2026-08-04,AUTO_INFERRED,UNREVIEWED,,KOSIS getMeta org_id=301 tbl_id=DT_404Y015; meta_rows=16 item_rows=1 obj_rows=15,
301,DT_404Y016,생산자물가지수(품목별),301,KOSIS 공식 메타 분류,,13103134764999,생산자물가지수(품목별),Y,Y,Y,N,N,N,UNKNOWN,Y,,KOSIS getMeta org_id=301 tbl_id=DT_404Y016; meta_rows=928 item_rows=1 obj_rows=927,2026-08-04,AUTO_INFERRED,UNREVIEWED,,KOSIS getMeta org_id=301 tbl_id=DT_404Y016; meta_rows=928 item_rows=1 obj_rows=927,
301,DT_404Y017,생산자물가지수-총지수(1910~1964),301,KOSIS 공식 메타 분류,,13103134500999,생산자물가지수-총지수(1910~1964),Y,Y,Y,N,N,N,UNKNOWN,Y,,KOSIS getMeta org_id=301 tbl_id=DT_404Y017; meta_rows=2 item_rows=1 obj_rows=1,2026-08-04,AUTO_INFERRED,UNREVIEWED,,KOSIS getMeta org_id=301 tbl_id=DT_404Y017; meta_rows=2 item_rows=1 obj_rows=1,
301,DT_641Y001,한국은행 원화대출금,301,KOSIS 공식 메타 분류,,13103134702999,한국은행 원화대출금,Y,Y,Y,N,N,N,UNKNOWN,Y,,KOSIS getMeta org_id=301 tbl_id=DT_641Y001; meta_rows=13 item_rows=1 obj_rows=12,2026-08-04,KOSIS_META,OFFICIAL_REVIEWED,https://kosis.kr/statHtml/statHtml.do?orgId=301&tblId=DT_641Y001&conn_path=I2,KOSIS 공식 메타 확인: 한국은행 원화대출금. 환율 통계가 아니므로 환율 claim에는 semantic mismatch로 REVIEW.,codex
303,TX_30303_A003,경기전망지수(고용동향),303,KOSIS 공식 메타 분류,,16303AAA0|16303AAA1,실적|전망,Y,Y,Y,N,N,N,UNKNOWN,Y,,KOSIS getMeta org_id=303 tbl_id=TX_30303_A003; meta_rows=4 item_rows=2 obj_rows=2,2026-08-04,AUTO_INFERRED,UNREVIEWED,,KOSIS getMeta org_id=303 tbl_id=TX_30303_A003; meta_rows=4 item_rows=2 obj_rows=2,
339,DT_F_Y160,에너지 수입액,339,KOSIS 공식 메타 분류,,13103112841ITEM,에너지 수입액,Y,Y,Y,N,N,N,UNKNOWN,Y,,KOSIS getMeta org_id=339 tbl_id=DT_F_Y160; meta_rows=15 item_rows=1 obj_rows=14,2026-08-04,AUTO_INFERRED,UNREVIEWED,,KOSIS getMeta org_id=339 tbl_id=DT_F_Y160; meta_rows=15 item_rows=1 obj_rows=14,
340,DT_D10123,고용수준 실적 SBHI,340,KOSIS 공식 메타 분류,,1634013103124559T1|1634013103124559T2|1634013103124559T3|1634013103124559T4|1634013103124559T5|1634013103124559T6,매우부족|다소부족|동일|다소과잉|매우과잉|SBHI,Y,Y,Y,N,N,N,UNKNOWN,Y,,KOSIS getMeta org_id=340 tbl_id=DT_D10123; meta_rows=67 item_rows=6 obj_rows=61,2026-08-04,AUTO_INFERRED,UNREVIEWED,,KOSIS getMeta org_id=340 tbl_id=DT_D10123; meta_rows=67 item_rows=6 obj_rows=61,
343,DT_343_2010_S0027,코스피 지수,343,KOSIS 공식 메타 분류,,13103792814T1,코스피 지수,Y,Y,Y,N,N,N,UNKNOWN,Y,,KOSIS getMeta org_id=343 tbl_id=DT_343_2010_S0027; meta_rows=23 item_rows=1 obj_rows=22,2026-08-04,AUTO_INFERRED,UNREVIEWED,,KOSIS getMeta org_id=343 tbl_id=DT_343_2010_S0027; meta_rows=23 item_rows=1 obj_rows=22,
343,DT_343_2010_S0039,코스피 지수 등락기록,343,KOSIS 공식 메타 분류,,13103792795T1,등락기록,Y,Y,Y,N,N,N,UNKNOWN,Y,,KOSIS getMeta org_id=343 tbl_id=DT_343_2010_S0039; meta_rows=47 item_rows=1 obj_rows=46,2026-08-04,AUTO_INFERRED,UNREVIEWED,,KOSIS getMeta org_id=343 tbl_id=DT_343_2010_S0039; meta_rows=47 item_rows=1 obj_rows=46,
343,DT_343_2010_S0065,코스닥 지수,343,KOSIS 공식 메타 분류,,13103792840T1,코스닥지수,Y,Y,Y,N,N,N,UNKNOWN,Y,,KOSIS getMeta org_id=343 tbl_id=DT_343_2010_S0065; meta_rows=23 item_rows=1 obj_rows=22,2026-08-04,AUTO_INFERRED,UNREVIEWED,,KOSIS getMeta org_id=343 tbl_id=DT_343_2010_S0065; meta_rows=23 item_rows=1 obj_rows=22,
358,DT_358004_002,바이오헬스산업 매출액,358,KOSIS 공식 메타 분류,,T001,바이오헬스산업 매출액,Y,Y,Y,N,N,N,UNKNOWN,Y,,KOSIS getMeta org_id=358 tbl_id=DT_358004_002; meta_rows=13 item_rows=1 obj_rows=12,2026-08-04,AUTO_INFERRED,UNREVIEWED,,KOSIS getMeta org_id=358 tbl_id=DT_358004_002; meta_rows=13 item_rows=1 obj_rows=12,
360,DT_1R11001_FRM101,"품목별 수출액, 수입액",360,SITC 품목분류,,13103112831T1|13103112831T2,수출액|수입액,Y,Y,Y,Y,Y,N,UNKNOWN,Y,세계 순위|전망치|정책 목표치,KOSIS getMeta org_id=360 tbl_id=DT_1R11001_FRM101; meta_rows=5104 item_rows=2 obj_rows=5102,2026-08-04,KOSIS_PAGE,OFFICIAL_REVIEWED,https://kosis.kr/statHtml/statHtml.do?orgId=360&tblId=DT_1R11001_FRM101&conn_path=I2,KOSIS page and getMeta confirm direct ITEMs 수출액/수입액 and SITC 품목 OBJ axis; trade balance/rank/broad industry claims require formula/codeset/review,codex
360,DT_1R11006_FRM101,"국가별 수출액, 수입액",360,SITC 품목분류,,13103103829T1|13103103829T2,수출액|수입액,Y,Y,Y,Y,Y,N,UNKNOWN,Y,세계 순위|전망치|정책 목표치,KOSIS getMeta org_id=360 tbl_id=DT_1R11006_FRM101; meta_rows=280 item_rows=2 obj_rows=278,2026-08-04,AUTO_INFERRED,UNREVIEWED,,KOSIS getMeta org_id=360 tbl_id=DT_1R11006_FRM101; meta_rows=280 item_rows=2 obj_rows=278,
380,DT_380002_A0072_7TH,자영업자_직원 고용 여부,380,KOSIS 공식 메타 분류,,T001,직원 고용 여부,Y,Y,Y,N,N,N,UNKNOWN,Y,,KOSIS getMeta org_id=380 tbl_id=DT_380002_A0072_7TH; meta_rows=89 item_rows=1 obj_rows=88,2026-08-04,AUTO_INFERRED,UNREVIEWED,,KOSIS getMeta org_id=380 tbl_id=DT_380002_A0072_7TH; meta_rows=89 item_rows=1 obj_rows=88,
380,DT_380002_A0075_7TH,자영업자_직원을 고용하거나 해고할 권한,380,KOSIS 공식 메타 분류,,T001,직원 고용/해고 권한,Y,Y,Y,N,N,N,UNKNOWN,Y,,KOSIS getMeta org_id=380 tbl_id=DT_380002_A0075_7TH; meta_rows=89 item_rows=1 obj_rows=88,2026-08-04,AUTO_INFERRED,UNREVIEWED,,KOSIS getMeta org_id=380 tbl_id=DT_380002_A0075_7TH; meta_rows=89 item_rows=1 obj_rows=88,
381,DT_920005_B005,국제선 지역별 통계,381,KOSIS 공식 메타 분류,,T001|T002|T003,운항|여객|화물,Y,Y,Y,N,N,N,UNKNOWN,Y,,KOSIS getMeta org_id=381 tbl_id=DT_920005_B005; meta_rows=16 item_rows=3 obj_rows=13,2026-08-04,AUTO_INFERRED,UNREVIEWED,,KOSIS getMeta org_id=381 tbl_id=DT_920005_B005; meta_rows=16 item_rows=3 obj_rows=13,
381,DT_920005_B008,항공사별 통계,381,KOSIS 공식 메타 분류,,T001|T002|T003,운항|여객|화물,Y,Y,Y,N,N,N,UNKNOWN,Y,,KOSIS getMeta org_id=381 tbl_id=DT_920005_B008; meta_rows=21 item_rows=3 obj_rows=18,2026-08-04,AUTO_INFERRED,UNREVIEWED,,KOSIS getMeta org_id=381 tbl_id=DT_920005_B008; meta_rows=21 item_rows=3 obj_rows=18,
395,DT_395N_I2019264,코로나19관련 정부지원 여부: 조세 지원,395,KOSIS 공식 메타 분류,,T001|T002,사례수|비율,Y,Y,Y,N,N,N,UNKNOWN,Y,,KOSIS getMeta org_id=395 tbl_id=DT_395N_I2019264; meta_rows=50 item_rows=2 obj_rows=48,2026-08-04,AUTO_INFERRED,UNREVIEWED,,KOSIS getMeta org_id=395 tbl_id=DT_395N_I2019264; meta_rows=50 item_rows=2 obj_rows=48,
395,DT_395N_S2022177,정부지원제도 활용 여부: 조세지원,395,KOSIS 공식 메타 분류,,T001|T002,사례수|비율,Y,Y,Y,N,N,N,UNKNOWN,Y,,KOSIS getMeta org_id=395 tbl_id=DT_395N_S2022177; meta_rows=50 item_rows=2 obj_rows=48,2026-08-04,AUTO_INFERRED,UNREVIEWED,,KOSIS getMeta org_id=395 tbl_id=DT_395N_S2022177; meta_rows=50 item_rows=2 obj_rows=48,
395,DT_395N_S2022184,정부지원제도 중요도: 조세지원,395,KOSIS 공식 메타 분류,,T001|T002|T003,사례수|비율|점수,Y,Y,Y,N,N,N,UNKNOWN,Y,,KOSIS getMeta org_id=395 tbl_id=DT_395N_S2022184; meta_rows=55 item_rows=3 obj_rows=52,2026-08-04,AUTO_INFERRED,UNREVIEWED,,KOSIS getMeta org_id=395 tbl_id=DT_395N_S2022184; meta_rows=55 item_rows=3 obj_rows=52,
395,DT_395N_S2022296,수출액 수준: 2021년,395,KOSIS 공식 메타 분류,,T001|T002|T003,사례수|비율|금액,Y,Y,Y,N,N,N,UNKNOWN,Y,,KOSIS getMeta org_id=395 tbl_id=DT_395N_S2022296; meta_rows=59 item_rows=3 obj_rows=56,2026-08-04,AUTO_INFERRED,UNREVIEWED,,KOSIS getMeta org_id=395 tbl_id=DT_395N_S2022296; meta_rows=59 item_rows=3 obj_rows=56,
395,DT_395N_S2022298,수출액 수준: 2020년,395,KOSIS 공식 메타 분류,,T001|T002|T003,사례수|비율|금액,Y,Y,Y,N,N,N,UNKNOWN,Y,,KOSIS getMeta org_id=395 tbl_id=DT_395N_S2022298; meta_rows=58 item_rows=3 obj_rows=55,2026-08-04,AUTO_INFERRED,UNREVIEWED,,KOSIS getMeta org_id=395 tbl_id=DT_395N_S2022298; meta_rows=58 item_rows=3 obj_rows=55,
395,DT_395N_S2023177,정부지원제도 활용 여부: 조세지원,395,KOSIS 공식 메타 분류,,T001|T002,사례수|비율,Y,Y,Y,N,N,N,UNKNOWN,Y,,KOSIS getMeta org_id=395 tbl_id=DT_395N_S2023177; meta_rows=61 item_rows=2 obj_rows=59,2026-08-04,AUTO_INFERRED,UNREVIEWED,,KOSIS getMeta org_id=395 tbl_id=DT_395N_S2023177; meta_rows=61 item_rows=2 obj_rows=59,
395,DT_395N_S2023184,정부지원제도 중요도: 조세지원,395,KOSIS 공식 메타 분류,,T001|T002|T003,사례수|비율|점수,Y,Y,Y,N,N,N,UNKNOWN,Y,,KOSIS getMeta org_id=395 tbl_id=DT_395N_S2023184; meta_rows=66 item_rows=3 obj_rows=63,2026-08-04,AUTO_INFERRED,UNREVIEWED,,KOSIS getMeta org_id=395 tbl_id=DT_395N_S2023184; meta_rows=66 item_rows=3 obj_rows=63,
395,DT_395N_S2023296,수출액 수준: 2021년,395,KOSIS 공식 메타 분류,,T001|T002|T003,사례수|비율|금액,Y,Y,Y,N,N,N,UNKNOWN,Y,,KOSIS getMeta org_id=395 tbl_id=DT_395N_S2023296; meta_rows=69 item_rows=3 obj_rows=66,2026-08-04,AUTO_INFERRED,UNREVIEWED,,KOSIS getMeta org_id=395 tbl_id=DT_395N_S2023296; meta_rows=69 item_rows=3 obj_rows=66,
395,DT_395N_S2023298,수출액 수준: 2022년,395,KOSIS 공식 메타 분류,,T001|T002|T003,사례수|비율|금액,Y,Y,Y,N,N,N,UNKNOWN,Y,,KOSIS getMeta org_id=395 tbl_id=DT_395N_S2023298; meta_rows=68 item_rows=3 obj_rows=65,2026-08-04,AUTO_INFERRED,UNREVIEWED,,KOSIS getMeta org_id=395 tbl_id=DT_395N_S2023298; meta_rows=68 item_rows=3 obj_rows=65,
395,DT_395N_S2023300,수출액 수준: 2023년,395,KOSIS 공식 메타 분류,,T001|T002|T003,사례수|비율|금액,Y,Y,Y,N,N,N,UNKNOWN,Y,,KOSIS getMeta org_id=395 tbl_id=DT_395N_S2023300; meta_rows=68 item_rows=3 obj_rows=65,2026-08-04,AUTO_INFERRED,UNREVIEWED,,KOSIS getMeta org_id=395 tbl_id=DT_395N_S2023300; meta_rows=68 item_rows=3 obj_rows=65,
395,DT_395N_S2024177,정부지원제도 활용 여부: 조세지원,395,KOSIS 공식 메타 분류,,T001|T002,사례수|비율,Y,Y,Y,N,N,N,UNKNOWN,Y,,KOSIS getMeta org_id=395 tbl_id=DT_395N_S2024177; meta_rows=50 item_rows=2 obj_rows=48,2026-08-04,AUTO_INFERRED,UNREVIEWED,,KOSIS getMeta org_id=395 tbl_id=DT_395N_S2024177; meta_rows=50 item_rows=2 obj_rows=48,
395,DT_395N_S2024184,정부지원제도 중요도: 조세지원,395,KOSIS 공식 메타 분류,,T001|T002|T003,사례수|비율|점수,Y,Y,Y,N,N,N,UNKNOWN,Y,,KOSIS getMeta org_id=395 tbl_id=DT_395N_S2024184; meta_rows=55 item_rows=3 obj_rows=52,2026-08-04,AUTO_INFERRED,UNREVIEWED,,KOSIS getMeta org_id=395 tbl_id=DT_395N_S2024184; meta_rows=55 item_rows=3 obj_rows=52,
395,DT_395N_S2024265,수출액 수준: 2022년,395,KOSIS 공식 메타 분류,,T001|T002|T003,사례수|비율|금액,Y,Y,Y,N,N,N,UNKNOWN,Y,,KOSIS getMeta org_id=395 tbl_id=DT_395N_S2024265; meta_rows=57 item_rows=3 obj_rows=54,2026-08-04,AUTO_INFERRED,UNREVIEWED,,KOSIS getMeta org_id=395 tbl_id=DT_395N_S2024265; meta_rows=57 item_rows=3 obj_rows=54,
395,DT_395N_S2024267,수출액 수준: 2023년,395,KOSIS 공식 메타 분류,,T001|T002|T003,사례수|비율|금액,Y,Y,Y,N,N,N,UNKNOWN,Y,,KOSIS getMeta org_id=395 tbl_id=DT_395N_S2024267; meta_rows=57 item_rows=3 obj_rows=54,2026-08-04,AUTO_INFERRED,UNREVIEWED,,KOSIS getMeta org_id=395 tbl_id=DT_395N_S2024267; meta_rows=57 item_rows=3 obj_rows=54,
401,DT_373002_001,"제조업용 로봇 생산 현황_기계구조, 적용산업별",401,KOSIS 공식 메타 분류,,T001,금액,Y,Y,Y,N,N,N,UNKNOWN,Y,,KOSIS getMeta org_id=401 tbl_id=DT_373002_001; meta_rows=39 item_rows=1 obj_rows=38,2026-08-04,AUTO_INFERRED,UNREVIEWED,,KOSIS getMeta org_id=401 tbl_id=DT_373002_001; meta_rows=39 item_rows=1 obj_rows=38,
401,DT_373002_002,"제조업용 로봇 출하 현황_기계구조, 적용산업별",401,KOSIS 공식 메타 분류,,T001,금액,Y,Y,Y,N,N,N,UNKNOWN,Y,,KOSIS getMeta org_id=401 tbl_id=DT_373002_002; meta_rows=39 item_rows=1 obj_rows=38,2026-08-04,AUTO_INFERRED,UNREVIEWED,,KOSIS getMeta org_id=401 tbl_id=DT_373002_002; meta_rows=39 item_rows=1 obj_rows=38,
401,DT_373002_003,로봇산업 설비 투자 계획,401,KOSIS 공식 메타 분류,,T001,금액,Y,Y,Y,N,N,N,UNKNOWN,Y,,KOSIS getMeta org_id=401 tbl_id=DT_373002_003; meta_rows=34 item_rows=1 obj_rows=33,2026-08-04,AUTO_INFERRED,UNREVIEWED,,KOSIS getMeta org_id=401 tbl_id=DT_373002_003; meta_rows=34 item_rows=1 obj_rows=33,
401,DT_401001_001,로봇산업 매출 현황,401,KOSIS 공식 메타 분류,,T002|T001,사업체수|금액,Y,Y,Y,N,N,N,UNKNOWN,Y,,KOSIS getMeta org_id=401 tbl_id=DT_401001_001; meta_rows=31 item_rows=2 obj_rows=29,2026-08-04,AUTO_INFERRED,UNREVIEWED,,KOSIS getMeta org_id=401 tbl_id=DT_401001_001; meta_rows=31 item_rows=2 obj_rows=29,
401,DT_401001_005,사업체 수,401,KOSIS 공식 메타 분류,,T001|T002,사업체수|비율,Y,Y,Y,N,N,N,UNKNOWN,Y,,KOSIS getMeta org_id=401 tbl_id=DT_401001_005; meta_rows=31 item_rows=2 obj_rows=29,2026-08-04,AUTO_INFERRED,UNREVIEWED,,KOSIS getMeta org_id=401 tbl_id=DT_401001_005; meta_rows=31 item_rows=2 obj_rows=29,
401,DT_401N_008,로봇산업 분야 직무별 종사자 수,401,KOSIS 공식 메타 분류,,00,종사자수,Y,Y,Y,N,N,N,UNKNOWN,Y,,KOSIS getMeta org_id=401 tbl_id=DT_401N_008; meta_rows=35 item_rows=1 obj_rows=34,2026-08-04,AUTO_INFERRED,UNREVIEWED,,KOSIS getMeta org_id=401 tbl_id=DT_401N_008; meta_rows=35 item_rows=1 obj_rows=34,
401,DT_401N_012,로봇산업 부문별 지적재산권 현황,401,KOSIS 공식 메타 분류,,16401T01|16401T02|16401T03|16401T04|16401T06,고유개발|외부 라이센스|계|상품화된 지적재산권|구성비,Y,Y,Y,N,N,N,UNKNOWN,Y,,KOSIS getMeta org_id=401 tbl_id=DT_401N_012; meta_rows=10 item_rows=5 obj_rows=5,2026-08-04,AUTO_INFERRED,UNREVIEWED,,KOSIS getMeta org_id=401 tbl_id=DT_401N_012; meta_rows=10 item_rows=5 obj_rows=5,
401,DT_401N_016,로봇산업 설비 투자액,401,KOSIS 공식 메타 분류,,16401T02|16401T03,금액|평균,Y,Y,Y,N,N,N,UNKNOWN,Y,,KOSIS getMeta org_id=401 tbl_id=DT_401N_016; meta_rows=31 item_rows=2 obj_rows=29,2026-08-04,AUTO_INFERRED,UNREVIEWED,,KOSIS getMeta org_id=401 tbl_id=DT_401N_016; meta_rows=31 item_rows=2 obj_rows=29,
408,DT_304004_WEEK_005_A,주간 규모별 아파트 매매가격지수 변동률,408,KOSIS 공식 메타 분류,,T001,매매가격지수 ,Y,Y,Y,N,N,N,UNKNOWN,Y,,KOSIS getMeta org_id=408 tbl_id=DT_304004_WEEK_005_A; meta_rows=48 item_rows=1 obj_rows=47,2026-08-04,AUTO_INFERRED,UNREVIEWED,,KOSIS getMeta org_id=408 tbl_id=DT_304004_WEEK_005_A; meta_rows=48 item_rows=1 obj_rows=47,
408,DT_304004_WEEK_005_B,주간 규모별 아파트 매매가격지수 변동률,408,KOSIS 공식 메타 분류,,T001,매매가격지수 ,Y,Y,Y,N,N,N,UNKNOWN,Y,,KOSIS getMeta org_id=408 tbl_id=DT_304004_WEEK_005_B; meta_rows=48 item_rows=1 obj_rows=47,2026-08-04,AUTO_INFERRED,UNREVIEWED,,KOSIS getMeta org_id=408 tbl_id=DT_304004_WEEK_005_B; meta_rows=48 item_rows=1 obj_rows=47,
408,DT_30404_N0009,규모별 전월세전환율,408,KOSIS 공식 메타 분류,,T1,규모별 전월세전환율,Y,Y,Y,N,N,N,UNKNOWN,Y,,KOSIS getMeta org_id=408 tbl_id=DT_30404_N0009; meta_rows=36 item_rows=1 obj_rows=35,2026-08-04,AUTO_INFERRED,UNREVIEWED,,KOSIS getMeta org_id=408 tbl_id=DT_30404_N0009; meta_rows=36 item_rows=1 obj_rows=35,
408,DT_31501N_010,읍면동별 지가변동률,408,KOSIS 공식 메타 분류,,T1,지가변동률,Y,Y,Y,N,N,N,UNKNOWN,Y,,KOSIS getMeta org_id=408 tbl_id=DT_31501N_010; meta_rows=3527 item_rows=1 obj_rows=3526,2026-08-04,AUTO_INFERRED,UNREVIEWED,,KOSIS getMeta org_id=408 tbl_id=DT_31501N_010; meta_rows=3527 item_rows=1 obj_rows=3526,
408,DT_PLCAHTUSE,시군구별/용도지역별/이용상황별 지가변동률,408,KOSIS 공식 메타 분류,,13103890822T1,지가변동률,Y,Y,Y,N,N,N,UNKNOWN,Y,,KOSIS getMeta org_id=408 tbl_id=DT_PLCAHTUSE; meta_rows=457 item_rows=1 obj_rows=456,2026-08-04,AUTO_INFERRED,UNREVIEWED,,KOSIS getMeta org_id=408 tbl_id=DT_PLCAHTUSE; meta_rows=457 item_rows=1 obj_rows=456,
430,DT_430001_04_004,전시 서비스 사업자의 판매 경로별 매출 현황,430,KOSIS 공식 메타 분류,,T002_1|T002_2|T002_3|T002_4|T002_5,사례수|전시주최 사업자|전시디자인설치 사업자|참가업체|기타,Y,Y,Y,N,N,N,UNKNOWN,Y,,KOSIS getMeta org_id=430 tbl_id=DT_430001_04_004; meta_rows=42 item_rows=5 obj_rows=37,2026-08-04,AUTO_INFERRED,UNREVIEWED,,KOSIS getMeta org_id=430 tbl_id=DT_430001_04_004; meta_rows=42 item_rows=5 obj_rows=37,
434,DT_434_STBL_1028678,레저용품 품목별 수출입 실적,434,KOSIS 공식 메타 분류,,13103127403T1,항목,Y,Y,Y,N,N,N,UNKNOWN,Y,,KOSIS getMeta org_id=434 tbl_id=DT_434_STBL_1028678; meta_rows=16 item_rows=1 obj_rows=15,2026-08-04,AUTO_INFERRED,UNREVIEWED,,KOSIS getMeta org_id=434 tbl_id=DT_434_STBL_1028678; meta_rows=16 item_rows=1 obj_rows=15,
434,DT_434_STBL_1028682,공예품 품목별 수출입 실적,434,KOSIS 공식 메타 분류,,13103127386T1,항목,Y,Y,Y,N,N,N,UNKNOWN,Y,,KOSIS getMeta org_id=434 tbl_id=DT_434_STBL_1028682; meta_rows=19 item_rows=1 obj_rows=18,2026-08-04,AUTO_INFERRED,UNREVIEWED,,KOSIS getMeta org_id=434 tbl_id=DT_434_STBL_1028682; meta_rows=19 item_rows=1 obj_rows=18,
434,DT_434_STBL_1028692,게임기기 품목별 수출입 실적,434,KOSIS 공식 메타 분류,,13103127402T1,항목,Y,Y,Y,N,N,N,UNKNOWN,Y,,KOSIS getMeta org_id=434 tbl_id=DT_434_STBL_1028692; meta_rows=13 item_rows=1 obj_rows=12,2026-08-04,AUTO_INFERRED,UNREVIEWED,,KOSIS getMeta org_id=434 tbl_id=DT_434_STBL_1028692; meta_rows=13 item_rows=1 obj_rows=12,
437,DT_43701N_063,현 사업 사업자금 조달방법,437,KOSIS 공식 메타 분류,,T001,현 사업 사업자금 조달방법,Y,Y,Y,N,N,N,UNKNOWN,Y,,KOSIS getMeta org_id=437 tbl_id=DT_43701N_063; meta_rows=38 item_rows=1 obj_rows=37,2026-08-04,AUTO_INFERRED,UNREVIEWED,,KOSIS getMeta org_id=437 tbl_id=DT_43701N_063; meta_rows=38 item_rows=1 obj_rows=37,
439,DT_439001N_049,비경제활동인구의 산재 장해로 인한 구직상 어려움,439,KOSIS 공식 메타 분류,,T001,비경제활동인구,Y,Y,Y,N,N,N,UNKNOWN,Y,,KOSIS getMeta org_id=439 tbl_id=DT_439001N_049; meta_rows=22 item_rows=1 obj_rows=21,2026-08-04,AUTO_INFERRED,UNREVIEWED,,KOSIS getMeta org_id=439 tbl_id=DT_439001N_049; meta_rows=22 item_rows=1 obj_rows=21,
444,DT_444002_N2023A006,직무별 종사자 현황,444,KOSIS 공식 메타 분류,,T001,직무별 종사자 현황,Y,Y,Y,N,N,N,UNKNOWN,Y,,KOSIS getMeta org_id=444 tbl_id=DT_444002_N2023A006; meta_rows=87 item_rows=1 obj_rows=86,2026-08-04,KOSIS_META,OFFICIAL_REVIEWED,https://kosis.kr/statHtml/statHtml.do?orgId=444&tblId=DT_444002_N2023A006&conn_path=I2,KOSIS 공식 메타 확인: 직무별 종사자 현황. 정비사 수 후보이나 항공사/기업/산업 모집단 일치 여부는 별도 확인 필요.,codex
458,DT_11533N_034,첨단세라믹산업 매출규모별 생산설비투자,458,KOSIS 공식 메타 분류,,T01|T02|T001,생산설비투자액(A)|총투자액(B)|생산설비투자 비중(A/B),Y,Y,Y,N,N,N,UNKNOWN,Y,,KOSIS getMeta org_id=458 tbl_id=DT_11533N_034; meta_rows=16 item_rows=3 obj_rows=13,2026-08-04,AUTO_INFERRED,UNREVIEWED,,KOSIS getMeta org_id=458 tbl_id=DT_11533N_034; meta_rows=16 item_rows=3 obj_rows=13,
458,DT_11533N_043,첨단세라믹산업 기업규모별 생산설비투자,458,KOSIS 공식 메타 분류,,T01|T02|T001,생산설비투자액(A)|총투자액(B)|생산설비투자 비중(A/B),Y,Y,Y,N,N,N,UNKNOWN,Y,,KOSIS getMeta org_id=458 tbl_id=DT_11533N_043; meta_rows=11 item_rows=3 obj_rows=8,2026-08-04,AUTO_INFERRED,UNREVIEWED,,KOSIS getMeta org_id=458 tbl_id=DT_11533N_043; meta_rows=11 item_rows=3 obj_rows=8,
463,DT_FS463001_A055,자동차튜닝 관련 매출액 중 해외수출액 비중,463,KOSIS 공식 메타 분류,,T001|T002|T003|T004|T005|T006|T007|T008|T009,사례수|없음|10% 미만|10~30% 미만|30~50% 미만|50~70% 미만|70~90% 미만|90% 이상|평균,Y,Y,Y,N,N,N,UNKNOWN,Y,,KOSIS getMeta org_id=463 tbl_id=DT_FS463001_A055; meta_rows=30 item_rows=9 obj_rows=21,2026-08-04,AUTO_INFERRED,UNREVIEWED,,KOSIS getMeta org_id=463 tbl_id=DT_FS463001_A055; meta_rows=30 item_rows=9 obj_rows=21,
463,DT_FS463001_A056,자동차튜닝 관련 해외수출액,463,KOSIS 공식 메타 분류,,T001|T002|T003|T004|T005|T006|T007|T008|T009|T010,사례수|없음|1억 미만|1억~5억 미만|5억~10억 미만|10억~30억 미만|30억~50억 미만|50억 이상|평균|합계,Y,Y,Y,N,N,N,UNKNOWN,Y,,KOSIS getMeta org_id=463 tbl_id=DT_FS463001_A056; meta_rows=31 item_rows=10 obj_rows=21,2026-08-04,AUTO_INFERRED,UNREVIEWED,,KOSIS getMeta org_id=463 tbl_id=DT_FS463001_A056; meta_rows=31 item_rows=10 obj_rows=21,
466,DT_446001_A027,쌀가루 생산판매 현황 : 품목별 수출액 - 총계,466,KOSIS 공식 메타 분류,,T001,쌀가루 생산판매 현황,Y,Y,Y,N,N,N,UNKNOWN,Y,,KOSIS getMeta org_id=466 tbl_id=DT_446001_A027; meta_rows=22 item_rows=1 obj_rows=21,2026-08-04,AUTO_INFERRED,UNREVIEWED,,KOSIS getMeta org_id=466 tbl_id=DT_446001_A027; meta_rows=22 item_rows=1 obj_rows=21,
