claim_id,claim_measurement_id,article_id,title,date,url,claim_text,prev_sentence,prev_prev_sentence,claim_domain_scope,is_recurring_series,metric_domain,indicator,keywords,region,age_group,gender,industry_or_item,population_etc,origin_country,destination_country,period,period_end,prd_se,time_resolution_status,measurement_text,measurement_usage,measurement_source,measurement_indicator,measurement_item,measurement_period,measurement_prd_se,measurement_binding_source,measurement_role,value,value_min,value_max,value_approximate,unit,value_type,direction,change_base,evidence_text,extraction_confidence,needs_review,review_reason,measurement_repaired,measurement_fallback_count,measurement_binding_fallback_count,extraction_model,prompt_version,extracted_at,claim_indicator,claim_industry_or_item,claim_period,claim_prd_se,raw_unit,canonical_unit,unit_dimension,semantic_type,entity_type,comparison_period,mapping_eligible,mapping_exclusion_code,mapping_exclusion_reason
A0004-C020,A0004-C020-m2,A0004,‘직원 한 명에 로봇 수십 대’… 이젠 로봇이 공장 움직인다,2025-01-01,https://www.chosun.com/economy/economy_general/2025/01/01/TGA2SHZ4SFACHOHRP36OUPCMHE,"우리나라는 로봇 밀도 1위 나라일 뿐 아니라, 지난 2018년 이후로 매년 5%씩 성장한 유일한 나라이기도 하다.",◇로봇 밀도 1위의 나라 로봇 밀도는 그 나라의 제조업이 얼마나 자동화됐는지 평가하는 기본 지표로 여겨진다.,가파른 경제성장 이후 저출산·고령화 사회로 진입하면서 ‘사람’에서 ‘로봇’으로 빠르게 옮겨가고 있는 산업 현장을 살펴봤다.,국내공식통계,N,고용,로봇 밀도 증가율,"로봇 밀도, 제조업, 자동화",-,-,-,,-,-,-,2018,-,Y,확정,5%,KOSIS_VALUE,hcx,로봇 밀도 증가율,-,2018,Y,hcx,증감률,5,-,-,N,%,증감률,증가,전년,"우리나라는 로봇 밀도 1위 나라일 뿐 아니라, 지난 2018년 이후로 매년 5%씩 성장한 유일한 나라이기도 하다.",high,Y,measurement_binding_fallback:1;measurement_period_ungrounded:1,N,0,1,HCX-007,v1.6-prev2-context,2026-07-30,로봇 밀도,,2025,Y,%,%,rate,rate_change,unspecified,2017,Y,,
A0004-C046,A0004-C046-m1,A0004,‘직원 한 명에 로봇 수십 대’… 이젠 로봇이 공장 움직인다,2025-01-01,https://www.chosun.com/economy/economy_general/2025/01/01/TGA2SHZ4SFACHOHRP36OUPCMHE,한국로봇산업진흥원에 따르면 2023년까지 로봇화에 뛰어든 우리 기업은 2524곳으로 지난 2019년보다 13%가량 증가했다.,경기도 파주의 한 소규모 도서물류 업체 관계자는 “물류 현장에서 각종 사고를 예방하기 위해 허리나 허벅지에 차면 근력을 올려주는 웨어러블 로봇 7대를 구입해 사용하고 있다”고 했다.,중대재해법 관련 사고를 예방하기 위해 로봇을 쓰는 경우도 있다.,국내공식통계,N,생산·산업,로봇화에 뛰어든 기업 수,"로봇화, 기업, 증가",-,-,-,,-,-,-,2019,-,Y,확정,13%가량,KOSIS_VALUE,hcx,로봇화에 뛰어든 기업 수,-,2019,Y,hcx,증감률,13,-,-,Y,%,증감률,증가,전년,한국로봇산업진흥원에 따르면 2023년까지 로봇화에 뛰어든 우리 기업은 2524곳으로 지난 2019년보다 13%가량 증가했다.,high,N,-,N,0,0,HCX-007,v1.6-prev2-context,2026-07-30,로봇화에 뛰어든 기업 수,,2023,Y,%,%,rate,rate_change,organization,2018,Y,,
A0006-C001,A0006-C001-m1,A0006,"2024년 수출, 6838억달러로 ‘역대 최대’ 경신",2025-01-01,https://www.chosun.com/economy/industry-company/2025/01/01/2UPTGREAPRAWRG4XUBRMLONSKY,한국의 2024년 수출이 6838억 달러를 기록해 역대 최대실적을 달성했다고 1일 산업통상자원부가 밝혔다.,,,국내공식통계,N,무역,수출액,"2024년, 수출, 역대 최대 실적",-,-,-,,-,-,-,2024,-,Y,확정,6838억 달러,KOSIS_VALUE,hcx,수출액,-,2024,Y,hcx,현재값,683800000000,-,-,N,달러,수준값,-,전년,한국의 2024년 수출이 6838억 달러를 기록해 역대 최대실적을 달성했다고 1일 산업통상자원부가 밝혔다.,high,N,-,N,0,0,HCX-007,v1.6-prev2-context,2026-07-30,수출액,,2024,Y,달러,달러,currency,amount,unspecified,,Y,,
A0006-C002,A0006-C002-m1,A0006,"2024년 수출, 6838억달러로 ‘역대 최대’ 경신",2025-01-01,https://www.chosun.com/economy/industry-company/2025/01/01/2UPTGREAPRAWRG4XUBRMLONSKY,"이전 최대 실적은 2022년 기록한 6836억달러인데, 이를 2년 만에 근소하게 경신한 것이다.",한국의 2024년 수출이 6838억 달러를 기록해 역대 최대실적을 달성했다고 1일 산업통상자원부가 밝혔다.,,국내공식통계,N,무역,수출액,"수출, 역대 최대 실적",-,-,-,,-,-,-,2022,-,Y,확정,6836억달러,KOSIS_VALUE,hcx,수출액,-,2022,Y,hcx,이전값,683600000000,-,-,N,달러,수준값,-,전년,한국의 2024년 수출이 6838억 달러를 기록해 역대 최대실적을 달성했다고 1일 산업통상자원부가 밝혔다.,high,Y,measurement_binding_fallback:1,N,0,1,HCX-007,v1.6-prev2-context,2026-07-30,수출액,,2024,Y,달러,달러,currency,amount,unspecified,,Y,,
A0006-C003,A0006-C003-m3,A0006,"2024년 수출, 6838억달러로 ‘역대 최대’ 경신",2025-01-01,https://www.chosun.com/economy/industry-company/2025/01/01/2UPTGREAPRAWRG4XUBRMLONSKY,"이에 따라 2024년 1~9월 기준(WTO)으로 전 세계 수출순위도 2023년 8위에서 두 단계 상승한 6위를 달성했으며, 상위 10대 수출국 중 가장 높은 수출증가율(+9.6%)을 기록했다.","이전 최대 실적은 2022년 기록한 6836억달러인데, 이를 2년 만에 근소하게 경신한 것이다.",한국의 2024년 수출이 6838억 달러를 기록해 역대 최대실적을 달성했다고 1일 산업통상자원부가 밝혔다.,국내공식통계,N,무역,상위 수출국 수,"수출, WTO, 순위, 증가율",-,-,-,,-,-,-,2024,-,Y,확정,10대,KOSIS_VALUE,hcx,상위 수출국 수,-,2024,Y,hcx,현재값,10,-,-,N,대,수준값,증가,전년,"이에 따라 2024년 1~9월 기준(WTO)으로 전 세계 수출순위도 2023년 8위에서 두 단계 상승한 6위를 달성했으며, 상위 10대 수출국 중 가장 높은 수출증가율(+9.6%)을 기록했다.",high,N,-,Y,0,0,HCX-007,v1.6-prev2-context,2026-07-30,수출액,,2024,Y,대,대,count,count,unspecified,,Y,,
A0006-C003,A0006-C003-m4,A0006,"2024년 수출, 6838억달러로 ‘역대 최대’ 경신",2025-01-01,https://www.chosun.com/economy/industry-company/2025/01/01/2UPTGREAPRAWRG4XUBRMLONSKY,"이에 따라 2024년 1~9월 기준(WTO)으로 전 세계 수출순위도 2023년 8위에서 두 단계 상승한 6위를 달성했으며, 상위 10대 수출국 중 가장 높은 수출증가율(+9.6%)을 기록했다.","이전 최대 실적은 2022년 기록한 6836억달러인데, 이를 2년 만에 근소하게 경신한 것이다.",한국의 2024년 수출이 6838억 달러를 기록해 역대 최대실적을 달성했다고 1일 산업통상자원부가 밝혔다.,국내공식통계,N,무역,수출증가율,"수출, WTO, 순위, 증가율",-,-,-,,-,-,-,2024,-,Y,확정,9.6%,KOSIS_VALUE,hcx,수출증가율,-,2024,Y,hcx,증감률,9.6,-,-,N,%,증감률,증가,전년,"이에 따라 2024년 1~9월 기준(WTO)으로 전 세계 수출순위도 2023년 8위에서 두 단계 상승한 6위를 달성했으며, 상위 10대 수출국 중 가장 높은 수출증가율(+9.6%)을 기록했다.",high,N,-,Y,0,0,HCX-007,v1.6-prev2-context,2026-07-30,수출액,,2024,Y,%,%,rate,rate_change,unspecified,2023,Y,,
A0006-C004,A0006-C004-m1,A0006,"2024년 수출, 6838억달러로 ‘역대 최대’ 경신",2025-01-01,https://www.chosun.com/economy/industry-company/2025/01/01/2UPTGREAPRAWRG4XUBRMLONSKY,무역수지는 전년 대비 621억 달러 개선된 518억 달러의 흑자를 기록했다.,"이에 따라 2024년 1~9월 기준(WTO)으로 전 세계 수출순위도 2023년 8위에서 두 단계 상승한 6위를 달성했으며, 상위 10대 수출국 중 가장 높은 수출증가율(+9.6%)을 기록했다.","이전 최대 실적은 2022년 기록한 6836억달러인데, 이를 2년 만에 근소하게 경신한 것이다.",국내공식통계,Y,무역,무역수지 증감액,"수출, WTO, 수출증가율, 무역수지",-,-,-,,-,-,-,2024,-,Y,확정,621억 달러,KOSIS_VALUE,hcx,무역수지 증감액,-,2024,Y,hcx,현재값,62100000000,-,-,N,달러,증감량,증가,전년,무역수지는 전년 대비 621억 달러 개선된 518억 달러의 흑자를 기록했다.,high,N,-,N,0,0,HCX-007,v1.6-prev2-context,2026-07-30,무역수지,,2024,Y,달러,달러,currency,absolute_change,unspecified,2023,Y,,
A0006-C004,A0006-C004-m2,A0006,"2024년 수출, 6838억달러로 ‘역대 최대’ 경신",2025-01-01,https://www.chosun.com/economy/industry-company/2025/01/01/2UPTGREAPRAWRG4XUBRMLONSKY,무역수지는 전년 대비 621억 달러 개선된 518억 달러의 흑자를 기록했다.,"이에 따라 2024년 1~9월 기준(WTO)으로 전 세계 수출순위도 2023년 8위에서 두 단계 상승한 6위를 달성했으며, 상위 10대 수출국 중 가장 높은 수출증가율(+9.6%)을 기록했다.","이전 최대 실적은 2022년 기록한 6836억달러인데, 이를 2년 만에 근소하게 경신한 것이다.",국내공식통계,Y,무역,무역수지,"수출, WTO, 수출증가율, 무역수지",-,-,-,,-,-,-,2024,-,Y,확정,518억 달러,KOSIS_VALUE,hcx,무역수지,-,2024,Y,hcx,현재값,51800000000,-,-,N,달러,수준값,-,-,무역수지는 전년 대비 621억 달러 개선된 518억 달러의 흑자를 기록했다.,high,N,-,N,0,0,HCX-007,v1.6-prev2-context,2026-07-30,무역수지,,2024,Y,달러,달러,currency,amount,unspecified,,Y,,
A0006-C005,A0006-C005-m1,A0006,"2024년 수출, 6838억달러로 ‘역대 최대’ 경신",2025-01-01,https://www.chosun.com/economy/industry-company/2025/01/01/2UPTGREAPRAWRG4XUBRMLONSKY,2022년 당시 수출액은 역대 최대를 기록하면서도 472억달러 적자를 냈던 것과 다른 결과다.,무역수지는 전년 대비 621억 달러 개선된 518억 달러의 흑자를 기록했다.,"이에 따라 2024년 1~9월 기준(WTO)으로 전 세계 수출순위도 2023년 8위에서 두 단계 상승한 6위를 달성했으며, 상위 10대 수출국 중 가장 높은 수출증가율(+9.6%)을 기록했다.",국내공식통계,N,무역,무역수지,"수출액, WTO, 수출증가율, 무역수지",-,-,-,,-,-,-,2022,-,Y,확정,472억달러,KOSIS_VALUE,hcx,무역수지,-,2022,Y,hcx,이전값,47200000000,-,-,N,달러,수준값,감소,전년,2022년 당시 수출액은 역대 최대를 기록하면서도 472억달러 적자를 냈던 것과 다른 결과다.,high,Y,measurement_rule_fallback:1,Y,1,0,HCX-007,v1.6-prev2-context,2026-07-30,수출액,,2022,Y,달러,달러,currency,amount,unspecified,,Y,,
A0006-C006,A0006-C006-m1,A0006,"2024년 수출, 6838억달러로 ‘역대 최대’ 경신",2025-01-01,https://www.chosun.com/economy/industry-company/2025/01/01/2UPTGREAPRAWRG4XUBRMLONSKY,2024년에는 에너지 수입이 감소하면서 전체 수입이 전년 대비 1.6% 감소한 덕에 무역수지가 개선됐다.,2022년 당시 수출액은 역대 최대를 기록하면서도 472억달러 적자를 냈던 것과 다른 결과다.,무역수지는 전년 대비 621억 달러 개선된 518억 달러의 흑자를 기록했다.,국내공식통계,N,무역,수입 증가율,"무역수지, 수출액, 에너지 수입",-,-,-,,-,-,-,2024,-,Y,확정,1.6%,KOSIS_VALUE,hcx,수입 증가율,-,2024,Y,hcx,증감률,1.6,-,-,N,%,증감률,감소,전년,2024년에는 에너지 수입이 감소하면서 전체 수입이 전년 대비 1.6% 감소한 덕에 무역수지가 개선됐다.,high,N,-,N,0,0,HCX-007,v1.6-prev2-context,2026-07-30,수입 증가율,,2024,Y,%,%,rate,rate_change,unspecified,2023,Y,,
A0006-C007,A0006-C007-m1,A0006,"2024년 수출, 6838억달러로 ‘역대 최대’ 경신",2025-01-01,https://www.chosun.com/economy/industry-company/2025/01/01/2UPTGREAPRAWRG4XUBRMLONSKY,이에 2018년(697억 달러 흑자) 이후 최대 흑자를 기록하게 됐다.,2024년에는 에너지 수입이 감소하면서 전체 수입이 전년 대비 1.6% 감소한 덕에 무역수지가 개선됐다.,2022년 당시 수출액은 역대 최대를 기록하면서도 472억달러 적자를 냈던 것과 다른 결과다.,국내공식통계,N,무역,흑자,"수출, 무역수지, 흑자",-,-,-,,-,-,-,2018,-,Y,확정,697억 달러,KOSIS_VALUE,hcx,흑자,-,2018,Y,hcx,현재값,69700000000,-,-,N,달러,수준값,유지,전년,이에 2018년(697억 달러 흑자) 이후 최대 흑자를 기록하게 됐다.,high,N,-,N,0,0,HCX-007,v1.6-prev2-context,2026-07-30,흑자,,2025,Y,달러,달러,currency,amount,unspecified,,Y,,
A0006-C009,A0006-C009-m1,A0006,"2024년 수출, 6838억달러로 ‘역대 최대’ 경신",2025-01-01,https://www.chosun.com/economy/industry-company/2025/01/01/2UPTGREAPRAWRG4XUBRMLONSKY,"◇반도체, 자동차가 이끌고 바이오, 농수산, 화장품 등도 고르게 증가 품목별로는 최대 수출품목인 반도체가 43.9% 증가한 1419억 달러를 기록, 2023년 11월 이후 14개월 연속 증가 흐름을 이어가면서 기존 최대 실적인 2022년 1292억 달러를 2년 만에 경신했다.","지난해 유가가 하향 안정화된 가운데 반도체 등 IT 품목, 선박·자동차 등 주력 품목과 바이오헬스·농수산식품·화장품 등 소비재 품목이 고르게 호조를 보이면서 역대 최대 수출 실적과 무역수지 흑자를 동시에 기록했다.",이에 2018년(697억 달러 흑자) 이후 최대 흑자를 기록하게 됐다.,국내공식통계,Y,무역,반도체 수출액,"수출, 반도체, 자동차, 바이오, 농수산, 화장품",-,-,-,반도체,-,-,-,2024,-,Y,확정,1419억 달러,KOSIS_VALUE,hcx,반도체 수출액,반도체,2024,Y,hcx,현재값,141900000000,-,-,N,달러,수준값,증가,전년,"◇반도체, 자동차가 이끌고 바이오, 농수산, 화장품 등도 고르게 증가 품목별로는 최대 수출품목인 반도체가 43.9% 증가한 1419억 달러를 기록, 2023년 11월 이후 14개월 연속 증가 흐름을 이어가면서 기존 최대 실적인 2022년 1292억 달러를 2년 만에 경신했다.",high,N,-,Y,0,0,HCX-007,v1.6-prev2-context,2026-07-30,수출액,,2024,Y,달러,달러,currency,amount,vehicle,,Y,,
A0006-C009,A0006-C009-m2,A0006,"2024년 수출, 6838억달러로 ‘역대 최대’ 경신",2025-01-01,https://www.chosun.com/economy/industry-company/2025/01/01/2UPTGREAPRAWRG4XUBRMLONSKY,"◇반도체, 자동차가 이끌고 바이오, 농수산, 화장품 등도 고르게 증가 품목별로는 최대 수출품목인 반도체가 43.9% 증가한 1419억 달러를 기록, 2023년 11월 이후 14개월 연속 증가 흐름을 이어가면서 기존 최대 실적인 2022년 1292억 달러를 2년 만에 경신했다.","지난해 유가가 하향 안정화된 가운데 반도체 등 IT 품목, 선박·자동차 등 주력 품목과 바이오헬스·농수산식품·화장품 등 소비재 품목이 고르게 호조를 보이면서 역대 최대 수출 실적과 무역수지 흑자를 동시에 기록했다.",이에 2018년(697억 달러 흑자) 이후 최대 흑자를 기록하게 됐다.,국내공식통계,Y,무역,반도체 수출 증감률,"수출, 반도체, 자동차, 바이오, 농수산, 화장품",-,-,-,반도체,-,-,-,2024,-,Y,확정,43.9%,KOSIS_VALUE,hcx,반도체 수출 증감률,반도체,2024,Y,hcx,증감률,43.9,-,-,N,%,증감률,증가,전년,"◇반도체, 자동차가 이끌고 바이오, 농수산, 화장품 등도 고르게 증가 품목별로는 최대 수출품목인 반도체가 43.9% 증가한 1419억 달러를 기록, 2023년 11월 이후 14개월 연속 증가 흐름을 이어가면서 기존 최대 실적인 2022년 1292억 달러를 2년 만에 경신했다.",high,N,-,Y,0,0,HCX-007,v1.6-prev2-context,2026-07-30,수출액,,2024,Y,%,%,rate,rate_change,vehicle,2023,Y,,
A0006-C009,A0006-C009-m3,A0006,"2024년 수출, 6838억달러로 ‘역대 최대’ 경신",2025-01-01,https://www.chosun.com/economy/industry-company/2025/01/01/2UPTGREAPRAWRG4XUBRMLONSKY,"◇반도체, 자동차가 이끌고 바이오, 농수산, 화장품 등도 고르게 증가 품목별로는 최대 수출품목인 반도체가 43.9% 증가한 1419억 달러를 기록, 2023년 11월 이후 14개월 연속 증가 흐름을 이어가면서 기존 최대 실적인 2022년 1292억 달러를 2년 만에 경신했다.","지난해 유가가 하향 안정화된 가운데 반도체 등 IT 품목, 선박·자동차 등 주력 품목과 바이오헬스·농수산식품·화장품 등 소비재 품목이 고르게 호조를 보이면서 역대 최대 수출 실적과 무역수지 흑자를 동시에 기록했다.",이에 2018년(697억 달러 흑자) 이후 최대 흑자를 기록하게 됐다.,국내공식통계,Y,무역,반도체 수출액,"수출, 반도체, 자동차, 바이오, 농수산, 화장품",-,-,-,반도체,-,-,-,2022,-,Y,확정,1292억 달러,KOSIS_VALUE,hcx,반도체 수출액,반도체,2022,Y,hcx,이전값,129200000000,-,-,N,달러,수준값,증가,전년동기,"◇반도체, 자동차가 이끌고 바이오, 농수산, 화장품 등도 고르게 증가 품목별로는 최대 수출품목인 반도체가 43.9% 증가한 1419억 달러를 기록, 2023년 11월 이후 14개월 연속 증가 흐름을 이어가면서 기존 최대 실적인 2022년 1292억 달러를 2년 만에 경신했다.",high,N,-,Y,0,0,HCX-007,v1.6-prev2-context,2026-07-30,수출액,,2024,Y,달러,달러,currency,amount,vehicle,,Y,,
A0006-C011,A0006-C011-m1,A0006,"2024년 수출, 6838억달러로 ‘역대 최대’ 경신",2025-01-01,https://www.chosun.com/economy/industry-company/2025/01/01/2UPTGREAPRAWRG4XUBRMLONSKY,"자동차 수출은 하반기 주요 완성차·부품업계 파업 등에 따른 일부 생산 차질 영향으로 전년도와 보합세인 708억 달러(-0.1%)를 기록하였으며, 2년 연속 700억 달러 이상의 호실적을 이어갔다.","특히 지난 4분기에는 범용 메모리 가격하락에도 불구하고, DDR5·HBM 등 고부가 품목을 중심으로 수출이 확대되면서 올해 전체적으로 분기별 수출이 우상향했다.","◇반도체, 자동차가 이끌고 바이오, 농수산, 화장품 등도 고르게 증가 품목별로는 최대 수출품목인 반도체가 43.9% 증가한 1419억 달러를 기록, 2023년 11월 이후 14개월 연속 증가 흐름을 이어가면서 기존 최대 실적인 2022년 1292억 달러를 2년 만에 경신했다.",국내공식통계,Y,무역,자동차 수출,"수출, 자동차, 완성차, 부품업계, 생산 차질",-,-,-,자동차,-,-,-,2024,-,Y,확정,708억 달러,KOSIS_VALUE,hcx,자동차 수출,자동차,2024,Y,hcx,현재값,70800000000,-,-,N,달러,수준값,유지,전년,"자동차 수출은 하반기 주요 완성차·부품업계 파업 등에 따른 일부 생산 차질 영향으로 전년도와 보합세인 708억 달러(-0.1%)를 기록하였으며, 2년 연속 700억 달러 이상의 호실적을 이어갔다.",high,N,-,Y,0,0,HCX-007,v1.6-prev2-context,2026-07-30,자동차 수출,자동차,2024,Y,달러,달러,currency,amount,vehicle,,Y,,
A0006-C011,A0006-C011-m2,A0006,"2024년 수출, 6838억달러로 ‘역대 최대’ 경신",2025-01-01,https://www.chosun.com/economy/industry-company/2025/01/01/2UPTGREAPRAWRG4XUBRMLONSKY,"자동차 수출은 하반기 주요 완성차·부품업계 파업 등에 따른 일부 생산 차질 영향으로 전년도와 보합세인 708억 달러(-0.1%)를 기록하였으며, 2년 연속 700억 달러 이상의 호실적을 이어갔다.","특히 지난 4분기에는 범용 메모리 가격하락에도 불구하고, DDR5·HBM 등 고부가 품목을 중심으로 수출이 확대되면서 올해 전체적으로 분기별 수출이 우상향했다.","◇반도체, 자동차가 이끌고 바이오, 농수산, 화장품 등도 고르게 증가 품목별로는 최대 수출품목인 반도체가 43.9% 증가한 1419억 달러를 기록, 2023년 11월 이후 14개월 연속 증가 흐름을 이어가면서 기존 최대 실적인 2022년 1292억 달러를 2년 만에 경신했다.",국내공식통계,Y,무역,변화율,"수출, 자동차, 완성차, 부품업계, 생산 차질",-,-,-,자동차,-,-,-,2024,-,Y,확정,0.1%,KOSIS_VALUE,hcx,변화율,자동차,2024,Y,hcx,참고값,0.1,-,-,N,%,증감률,감소,전년,"자동차 수출은 하반기 주요 완성차·부품업계 파업 등에 따른 일부 생산 차질 영향으로 전년도와 보합세인 708억 달러(-0.1%)를 기록하였으며, 2년 연속 700억 달러 이상의 호실적을 이어갔다.",high,N,-,Y,0,0,HCX-007,v1.6-prev2-context,2026-07-30,자동차 수출,자동차,2024,Y,%,%,rate,rate_change,vehicle,2023,Y,,
A0006-C012,A0006-C012-m1,A0006,"2024년 수출, 6838억달러로 ‘역대 최대’ 경신",2025-01-01,https://www.chosun.com/economy/industry-company/2025/01/01/2UPTGREAPRAWRG4XUBRMLONSKY,"선박 수출은 2021년 높은 선가로 수주한 LNG 운반선, 대형 컨테이너선 등 고부가 선박이 본격 수출되면서 두 자릿수(18%) 증가한 256억 달러를 기록했다.","자동차 수출은 하반기 주요 완성차·부품업계 파업 등에 따른 일부 생산 차질 영향으로 전년도와 보합세인 708억 달러(-0.1%)를 기록하였으며, 2년 연속 700억 달러 이상의 호실적을 이어갔다.","특히 지난 4분기에는 범용 메모리 가격하락에도 불구하고, DDR5·HBM 등 고부가 품목을 중심으로 수출이 확대되면서 올해 전체적으로 분기별 수출이 우상향했다.",국내공식통계,N,무역,선박 수출 증감률,"LNG 운반선, 대형 컨테이너선, 고부가 선박",-,-,-,고부가 선박,-,-,-,2024,-,Y,확정,18%,KOSIS_VALUE,hcx,선박 수출 증감률,고부가 선박,2024,Y,hcx,증감률,18,-,-,N,%,증감률,증가,전년,"선박 수출은 2021년 높은 선가로 수주한 LNG 운반선, 대형 컨테이너선 등 고부가 선박이 본격 수출되면서 두 자릿수(18%) 증가한 256억 달러를 기록했다.",high,N,-,N,0,0,HCX-007,v1.6-prev2-context,2026-07-30,선박 수출,선박,2024,Y,%,%,rate,rate_change,vehicle,2023,Y,,
A0006-C012,A0006-C012-m2,A0006,"2024년 수출, 6838억달러로 ‘역대 최대’ 경신",2025-01-01,https://www.chosun.com/economy/industry-company/2025/01/01/2UPTGREAPRAWRG4XUBRMLONSKY,"선박 수출은 2021년 높은 선가로 수주한 LNG 운반선, 대형 컨테이너선 등 고부가 선박이 본격 수출되면서 두 자릿수(18%) 증가한 256억 달러를 기록했다.","자동차 수출은 하반기 주요 완성차·부품업계 파업 등에 따른 일부 생산 차질 영향으로 전년도와 보합세인 708억 달러(-0.1%)를 기록하였으며, 2년 연속 700억 달러 이상의 호실적을 이어갔다.","특히 지난 4분기에는 범용 메모리 가격하락에도 불구하고, DDR5·HBM 등 고부가 품목을 중심으로 수출이 확대되면서 올해 전체적으로 분기별 수출이 우상향했다.",국내공식통계,N,무역,선박 수출,"LNG 운반선, 대형 컨테이너선, 고부가 선박",-,-,-,고부가 선박,-,-,-,2024,-,Y,확정,256억 달러,KOSIS_VALUE,hcx,선박 수출,고부가 선박,2024,Y,hcx,현재값,25600000000,-,-,N,달러,수준값,증가,전년,"선박 수출은 2021년 높은 선가로 수주한 LNG 운반선, 대형 컨테이너선 등 고부가 선박이 본격 수출되면서 두 자릿수(18%) 증가한 256억 달러를 기록했다.",high,N,-,N,0,0,HCX-007,v1.6-prev2-context,2026-07-30,선박 수출,선박,2024,Y,달러,달러,currency,amount,vehicle,,Y,,
A0006-C013,A0006-C013-m1,A0006,"2024년 수출, 6838억달러로 ‘역대 최대’ 경신",2025-01-01,https://www.chosun.com/economy/industry-company/2025/01/01/2UPTGREAPRAWRG4XUBRMLONSKY,"석유화학 수출은 480억 달러로, 하반기 유가 하락에 따른 수출단가 하락에도 불구하고 수출물량이 확대되면서 5% 증가했다.","선박 수출은 2021년 높은 선가로 수주한 LNG 운반선, 대형 컨테이너선 등 고부가 선박이 본격 수출되면서 두 자릿수(18%) 증가한 256억 달러를 기록했다.","자동차 수출은 하반기 주요 완성차·부품업계 파업 등에 따른 일부 생산 차질 영향으로 전년도와 보합세인 708억 달러(-0.1%)를 기록하였으며, 2년 연속 700억 달러 이상의 호실적을 이어갔다.",국내공식통계,Y,무역,석유화학 수출액,"수출, 석유화학, 달러",-,-,-,석유화학,-,-,-,2024,-,Y,확정,480억 달러,KOSIS_VALUE,hcx,석유화학 수출액,석유화학,2024,Y,hcx,현재값,48000000000,-,-,N,달러,수준값,증가,전년,"석유화학 수출은 480억 달러로, 하반기 유가 하락에 따른 수출단가 하락에도 불구하고 수출물량이 확대되면서 5% 증가했다.",high,N,-,N,0,0,HCX-007,v1.6-prev2-context,2026-07-30,석유화학 수출액,석유화학,2024,Y,달러,달러,currency,amount,item,,Y,,
A0006-C013,A0006-C013-m2,A0006,"2024년 수출, 6838억달러로 ‘역대 최대’ 경신",2025-01-01,https://www.chosun.com/economy/industry-company/2025/01/01/2UPTGREAPRAWRG4XUBRMLONSKY,"석유화학 수출은 480억 달러로, 하반기 유가 하락에 따른 수출단가 하락에도 불구하고 수출물량이 확대되면서 5% 증가했다.","선박 수출은 2021년 높은 선가로 수주한 LNG 운반선, 대형 컨테이너선 등 고부가 선박이 본격 수출되면서 두 자릿수(18%) 증가한 256억 달러를 기록했다.","자동차 수출은 하반기 주요 완성차·부품업계 파업 등에 따른 일부 생산 차질 영향으로 전년도와 보합세인 708억 달러(-0.1%)를 기록하였으며, 2년 연속 700억 달러 이상의 호실적을 이어갔다.",국내공식통계,Y,무역,석유화학 수출 증가율,"수출, 석유화학, 달러",-,-,-,석유화학,-,-,-,2024,-,Y,확정,5%,KOSIS_VALUE,hcx,석유화학 수출 증가율,석유화학,2024,Y,hcx,증감률,5,-,-,N,%,증감률,증가,전년,"석유화학 수출은 480억 달러로, 하반기 유가 하락에 따른 수출단가 하락에도 불구하고 수출물량이 확대되면서 5% 증가했다.",high,N,-,N,0,0,HCX-007,v1.6-prev2-context,2026-07-30,석유화학 수출액,석유화학,2024,Y,%,%,rate,rate_change,item,2023,Y,,
A0006-C014,A0006-C014-m1,A0006,"2024년 수출, 6838억달러로 ‘역대 최대’ 경신",2025-01-01,https://www.chosun.com/economy/industry-company/2025/01/01/2UPTGREAPRAWRG4XUBRMLONSKY,"바이오헬스 수출은 바이오시밀러 등 의약품을 중심으로 전년 대비 13.1% 증가한 151억 달러를 기록했으며, 전 세계적으로 K푸드, K뷰티 선호가 확대되면서 농수산식품 수출은 117억 달러(7.6%), 화장품 수출(102억 달러, +20.6%)은 처음으로 100억 달러를 돌파하면서 역대 최대 수출실적을 경신했다.","석유화학 수출은 480억 달러로, 하반기 유가 하락에 따른 수출단가 하락에도 불구하고 수출물량이 확대되면서 5% 증가했다.","선박 수출은 2021년 높은 선가로 수주한 LNG 운반선, 대형 컨테이너선 등 고부가 선박이 본격 수출되면서 두 자릿수(18%) 증가한 256억 달러를 기록했다.",국내공식통계,N,무역,바이오헬스 수출 증가율,"바이오헬스, 농수산식품, 화장품, 수출액",-,-,-,바이오헬스,-,-,-,2024,-,Y,확정,13.1%,KOSIS_VALUE,hcx,바이오헬스 수출 증가율,바이오헬스,2024,Y,hcx,증감률,13.1,-,-,N,%,증감률,증가,전년,"바이오헬스 수출은 바이오시밀러 등 의약품을 중심으로 전년 대비 13.1% 증가한 151억 달러를 기록했으며, 전 세계적으로 K푸드, K뷰티 선호가 확대되면서 농수산식품 수출은 117억 달러(7.6%), 화장품 수출(102억 달러, +20.6%)은 처음으로 100억 달러를 돌파하면서 역대 최대 수출실적을 경신했다.",high,N,-,Y,0,0,HCX-007,v1.6-prev2-context,2026-07-30,수출액,,2024,Y,%,%,rate,rate_change,item,2023,Y,,
A0006-C014,A0006-C014-m2,A0006,"2024년 수출, 6838억달러로 ‘역대 최대’ 경신",2025-01-01,https://www.chosun.com/economy/industry-company/2025/01/01/2UPTGREAPRAWRG4XUBRMLONSKY,"바이오헬스 수출은 바이오시밀러 등 의약품을 중심으로 전년 대비 13.1% 증가한 151억 달러를 기록했으며, 전 세계적으로 K푸드, K뷰티 선호가 확대되면서 농수산식품 수출은 117억 달러(7.6%), 화장품 수출(102억 달러, +20.6%)은 처음으로 100억 달러를 돌파하면서 역대 최대 수출실적을 경신했다.","석유화학 수출은 480억 달러로, 하반기 유가 하락에 따른 수출단가 하락에도 불구하고 수출물량이 확대되면서 5% 증가했다.","선박 수출은 2021년 높은 선가로 수주한 LNG 운반선, 대형 컨테이너선 등 고부가 선박이 본격 수출되면서 두 자릿수(18%) 증가한 256억 달러를 기록했다.",국내공식통계,N,무역,바이오헬스 수출액,"바이오헬스, 농수산식품, 화장품, 수출액",-,-,-,바이오헬스,-,-,-,2024,-,Y,확정,151억 달러,KOSIS_VALUE,hcx,바이오헬스 수출액,바이오헬스,2024,Y,hcx,현재값,15100000000,-,-,N,달러,수준값,증가,전년,"바이오헬스 수출은 바이오시밀러 등 의약품을 중심으로 전년 대비 13.1% 증가한 151억 달러를 기록했으며, 전 세계적으로 K푸드, K뷰티 선호가 확대되면서 농수산식품 수출은 117억 달러(7.6%), 화장품 수출(102억 달러, +20.6%)은 처음으로 100억 달러를 돌파하면서 역대 최대 수출실적을 경신했다.",high,N,-,Y,0,0,HCX-007,v1.6-prev2-context,2026-07-30,수출액,,2024,Y,달러,달러,currency,amount,item,,Y,,
A0006-C014,A0006-C014-m3,A0006,"2024년 수출, 6838억달러로 ‘역대 최대’ 경신",2025-01-01,https://www.chosun.com/economy/industry-company/2025/01/01/2UPTGREAPRAWRG4XUBRMLONSKY,"바이오헬스 수출은 바이오시밀러 등 의약품을 중심으로 전년 대비 13.1% 증가한 151억 달러를 기록했으며, 전 세계적으로 K푸드, K뷰티 선호가 확대되면서 농수산식품 수출은 117억 달러(7.6%), 화장품 수출(102억 달러, +20.6%)은 처음으로 100억 달러를 돌파하면서 역대 최대 수출실적을 경신했다.","석유화학 수출은 480억 달러로, 하반기 유가 하락에 따른 수출단가 하락에도 불구하고 수출물량이 확대되면서 5% 증가했다.","선박 수출은 2021년 높은 선가로 수주한 LNG 운반선, 대형 컨테이너선 등 고부가 선박이 본격 수출되면서 두 자릿수(18%) 증가한 256억 달러를 기록했다.",국내공식통계,N,무역,농수산식품 수출 증가율,"바이오헬스, 농수산식품, 화장품, 수출액",-,-,-,농수산식품,-,-,-,2024,-,Y,확정,7.6%,KOSIS_VALUE,hcx,농수산식품 수출 증가율,농수산식품,2024,Y,hcx,증감률,7.6,-,-,N,%,증감률,증가,전년,"바이오헬스 수출은 바이오시밀러 등 의약품을 중심으로 전년 대비 13.1% 증가한 151억 달러를 기록했으며, 전 세계적으로 K푸드, K뷰티 선호가 확대되면서 농수산식품 수출은 117억 달러(7.6%), 화장품 수출(102억 달러, +20.6%)은 처음으로 100억 달러를 돌파하면서 역대 최대 수출실적을 경신했다.",high,N,-,Y,0,0,HCX-007,v1.6-prev2-context,2026-07-30,수출액,,2024,Y,%,%,rate,rate_change,item,2023,Y,,
A0006-C014,A0006-C014-m4,A0006,"2024년 수출, 6838억달러로 ‘역대 최대’ 경신",2025-01-01,https://www.chosun.com/economy/industry-company/2025/01/01/2UPTGREAPRAWRG4XUBRMLONSKY,"바이오헬스 수출은 바이오시밀러 등 의약품을 중심으로 전년 대비 13.1% 증가한 151억 달러를 기록했으며, 전 세계적으로 K푸드, K뷰티 선호가 확대되면서 농수산식품 수출은 117억 달러(7.6%), 화장품 수출(102억 달러, +20.6%)은 처음으로 100억 달러를 돌파하면서 역대 최대 수출실적을 경신했다.","석유화학 수출은 480억 달러로, 하반기 유가 하락에 따른 수출단가 하락에도 불구하고 수출물량이 확대되면서 5% 증가했다.","선박 수출은 2021년 높은 선가로 수주한 LNG 운반선, 대형 컨테이너선 등 고부가 선박이 본격 수출되면서 두 자릿수(18%) 증가한 256억 달러를 기록했다.",국내공식통계,N,무역,농수산식품 수출액,"바이오헬스, 농수산식품, 화장품, 수출액",-,-,-,농수산식품,-,-,-,2024,-,Y,확정,117억 달러,KOSIS_VALUE,hcx,농수산식품 수출액,농수산식품,2024,Y,hcx,현재값,11700000000,-,-,N,달러,수준값,증가,전년,"바이오헬스 수출은 바이오시밀러 등 의약품을 중심으로 전년 대비 13.1% 증가한 151억 달러를 기록했으며, 전 세계적으로 K푸드, K뷰티 선호가 확대되면서 농수산식품 수출은 117억 달러(7.6%), 화장품 수출(102억 달러, +20.6%)은 처음으로 100억 달러를 돌파하면서 역대 최대 수출실적을 경신했다.",high,N,-,Y,0,0,HCX-007,v1.6-prev2-context,2026-07-30,수출액,,2024,Y,달러,달러,currency,amount,item,,Y,,
A0006-C014,A0006-C014-m5,A0006,"2024년 수출, 6838억달러로 ‘역대 최대’ 경신",2025-01-01,https://www.chosun.com/economy/industry-company/2025/01/01/2UPTGREAPRAWRG4XUBRMLONSKY,"바이오헬스 수출은 바이오시밀러 등 의약품을 중심으로 전년 대비 13.1% 증가한 151억 달러를 기록했으며, 전 세계적으로 K푸드, K뷰티 선호가 확대되면서 농수산식품 수출은 117억 달러(7.6%), 화장품 수출(102억 달러, +20.6%)은 처음으로 100억 달러를 돌파하면서 역대 최대 수출실적을 경신했다.","석유화학 수출은 480억 달러로, 하반기 유가 하락에 따른 수출단가 하락에도 불구하고 수출물량이 확대되면서 5% 증가했다.","선박 수출은 2021년 높은 선가로 수주한 LNG 운반선, 대형 컨테이너선 등 고부가 선박이 본격 수출되면서 두 자릿수(18%) 증가한 256억 달러를 기록했다.",국내공식통계,N,무역,화장품 수출액,"바이오헬스, 농수산식품, 화장품, 수출액",-,-,-,화장품,-,-,-,2024,-,Y,확정,102억 달러,KOSIS_VALUE,hcx,화장품 수출액,화장품,2024,Y,hcx,현재값,10200000000,-,-,N,달러,수준값,증가,전년,"바이오헬스 수출은 바이오시밀러 등 의약품을 중심으로 전년 대비 13.1% 증가한 151억 달러를 기록했으며, 전 세계적으로 K푸드, K뷰티 선호가 확대되면서 농수산식품 수출은 117억 달러(7.6%), 화장품 수출(102억 달러, +20.6%)은 처음으로 100억 달러를 돌파하면서 역대 최대 수출실적을 경신했다.",high,N,-,Y,0,0,HCX-007,v1.6-prev2-context,2026-07-30,수출액,,2024,Y,달러,달러,currency,amount,item,,Y,,
A0006-C014,A0006-C014-m6,A0006,"2024년 수출, 6838억달러로 ‘역대 최대’ 경신",2025-01-01,https://www.chosun.com/economy/industry-company/2025/01/01/2UPTGREAPRAWRG4XUBRMLONSKY,"바이오헬스 수출은 바이오시밀러 등 의약품을 중심으로 전년 대비 13.1% 증가한 151억 달러를 기록했으며, 전 세계적으로 K푸드, K뷰티 선호가 확대되면서 농수산식품 수출은 117억 달러(7.6%), 화장품 수출(102억 달러, +20.6%)은 처음으로 100억 달러를 돌파하면서 역대 최대 수출실적을 경신했다.","석유화학 수출은 480억 달러로, 하반기 유가 하락에 따른 수출단가 하락에도 불구하고 수출물량이 확대되면서 5% 증가했다.","선박 수출은 2021년 높은 선가로 수주한 LNG 운반선, 대형 컨테이너선 등 고부가 선박이 본격 수출되면서 두 자릿수(18%) 증가한 256억 달러를 기록했다.",국내공식통계,N,무역,화장품 수출 증가율,"바이오헬스, 농수산식품, 화장품, 수출액",-,-,-,화장품,-,-,-,2024,-,Y,확정,20.6%,KOSIS_VALUE,hcx,화장품 수출 증가율,화장품,2024,Y,hcx,증감률,20.6,-,-,N,%,증감률,증가,전년,"바이오헬스 수출은 바이오시밀러 등 의약품을 중심으로 전년 대비 13.1% 증가한 151억 달러를 기록했으며, 전 세계적으로 K푸드, K뷰티 선호가 확대되면서 농수산식품 수출은 117억 달러(7.6%), 화장품 수출(102억 달러, +20.6%)은 처음으로 100억 달러를 돌파하면서 역대 최대 수출실적을 경신했다.",high,N,-,Y,0,0,HCX-007,v1.6-prev2-context,2026-07-30,수출액,,2024,Y,%,%,rate,rate_change,item,2023,Y,,
A0006-C018,A0006-C018-m1,A0006,"2024년 수출, 6838억달러로 ‘역대 최대’ 경신",2025-01-01,https://www.chosun.com/economy/industry-company/2025/01/01/2UPTGREAPRAWRG4XUBRMLONSKY,"전년 대비 월간 수출 증가율은 8월(11%), 9월(7.5%), 10월(4.6%), 11월(1.4%)로 계속 감소 중이었으나, 12월에 6.6%로 반등에 성공한 것이다.",특히 감소 추세를 보이던 수출 증가율이 5개월 만에 반등에 성공했다.,15개월 연속 플러스 흐름을 이어간 것이다.,국내공식통계,Y,무역,수출 증가율,"수출, 수출 증가율, 월간 수출 증가율",-,-,-,,-,-,-,2024M08,-,M,확정,11%,KOSIS_VALUE,hcx,수출 증가율,-,2024M08,M,hcx,증감률,11,-,-,N,%,증감률,증가,전년동월,"전년 대비 월간 수출 증가율은 8월(11%), 9월(7.5%), 10월(4.6%), 11월(1.4%)로 계속 감소 중이었으나, 12월에 6.6%로 반등에 성공한 것이다.",high,N,-,N,0,0,HCX-007,v1.6-prev2-context,2026-07-30,수출액,,2024,M,%,%,rate,rate_change,unspecified,2023,Y,,
A0006-C018,A0006-C018-m2,A0006,"2024년 수출, 6838억달러로 ‘역대 최대’ 경신",2025-01-01,https://www.chosun.com/economy/industry-company/2025/01/01/2UPTGREAPRAWRG4XUBRMLONSKY,"전년 대비 월간 수출 증가율은 8월(11%), 9월(7.5%), 10월(4.6%), 11월(1.4%)로 계속 감소 중이었으나, 12월에 6.6%로 반등에 성공한 것이다.",특히 감소 추세를 보이던 수출 증가율이 5개월 만에 반등에 성공했다.,15개월 연속 플러스 흐름을 이어간 것이다.,국내공식통계,Y,무역,수출 증가율,"수출, 수출 증가율, 월간 수출 증가율",-,-,-,,-,-,-,2024M09,-,M,확정,7.5%,KOSIS_VALUE,hcx,수출 증가율,-,2024M09,M,hcx,증감률,7.5,-,-,N,%,증감률,증가,전년동월,"전년 대비 월간 수출 증가율은 8월(11%), 9월(7.5%), 10월(4.6%), 11월(1.4%)로 계속 감소 중이었으나, 12월에 6.6%로 반등에 성공한 것이다.",high,N,-,N,0,0,HCX-007,v1.6-prev2-context,2026-07-30,수출액,,2024,M,%,%,rate,rate_change,unspecified,2023,Y,,
A0006-C018,A0006-C018-m3,A0006,"2024년 수출, 6838억달러로 ‘역대 최대’ 경신",2025-01-01,https://www.chosun.com/economy/industry-company/2025/01/01/2UPTGREAPRAWRG4XUBRMLONSKY,"전년 대비 월간 수출 증가율은 8월(11%), 9월(7.5%), 10월(4.6%), 11월(1.4%)로 계속 감소 중이었으나, 12월에 6.6%로 반등에 성공한 것이다.",특히 감소 추세를 보이던 수출 증가율이 5개월 만에 반등에 성공했다.,15개월 연속 플러스 흐름을 이어간 것이다.,국내공식통계,Y,무역,수출 증가율,"수출, 수출 증가율, 월간 수출 증가율",-,-,-,,-,-,-,2024M10,-,M,확정,4.6%,KOSIS_VALUE,hcx,수출 증가율,-,2024M10,M,hcx,증감률,4.6,-,-,N,%,증감률,증가,전년동월,"전년 대비 월간 수출 증가율은 8월(11%), 9월(7.5%), 10월(4.6%), 11월(1.4%)로 계속 감소 중이었으나, 12월에 6.6%로 반등에 성공한 것이다.",high,N,-,N,0,0,HCX-007,v1.6-prev2-context,2026-07-30,수출액,,2024,M,%,%,rate,rate_change,unspecified,2023,Y,,
A0006-C018,A0006-C018-m4,A0006,"2024년 수출, 6838억달러로 ‘역대 최대’ 경신",2025-01-01,https://www.chosun.com/economy/industry-company/2025/01/01/2UPTGREAPRAWRG4XUBRMLONSKY,"전년 대비 월간 수출 증가율은 8월(11%), 9월(7.5%), 10월(4.6%), 11월(1.4%)로 계속 감소 중이었으나, 12월에 6.6%로 반등에 성공한 것이다.",특히 감소 추세를 보이던 수출 증가율이 5개월 만에 반등에 성공했다.,15개월 연속 플러스 흐름을 이어간 것이다.,국내공식통계,Y,무역,수출 증가율,"수출, 수출 증가율, 월간 수출 증가율",-,-,-,,-,-,-,2024M11,-,M,확정,1.4%,KOSIS_VALUE,hcx,수출 증가율,-,2024M11,M,hcx,증감률,1.4,-,-,N,%,증감률,증가,전년동월,"전년 대비 월간 수출 증가율은 8월(11%), 9월(7.5%), 10월(4.6%), 11월(1.4%)로 계속 감소 중이었으나, 12월에 6.6%로 반등에 성공한 것이다.",high,N,-,N,0,0,HCX-007,v1.6-prev2-context,2026-07-30,수출액,,2024,M,%,%,rate,rate_change,unspecified,2023,Y,,
A0006-C018,A0006-C018-m5,A0006,"2024년 수출, 6838억달러로 ‘역대 최대’ 경신",2025-01-01,https://www.chosun.com/economy/industry-company/2025/01/01/2UPTGREAPRAWRG4XUBRMLONSKY,"전년 대비 월간 수출 증가율은 8월(11%), 9월(7.5%), 10월(4.6%), 11월(1.4%)로 계속 감소 중이었으나, 12월에 6.6%로 반등에 성공한 것이다.",특히 감소 추세를 보이던 수출 증가율이 5개월 만에 반등에 성공했다.,15개월 연속 플러스 흐름을 이어간 것이다.,국내공식통계,Y,무역,수출 증가율,"수출, 수출 증가율, 월간 수출 증가율",-,-,-,,-,-,-,2024M12,-,M,확정,6.6%,KOSIS_VALUE,hcx,수출 증가율,-,2024M12,M,hcx,증감률,6.6,-,-,N,%,증감률,증가,전년동월,"전년 대비 월간 수출 증가율은 8월(11%), 9월(7.5%), 10월(4.6%), 11월(1.4%)로 계속 감소 중이었으나, 12월에 6.6%로 반등에 성공한 것이다.",high,N,-,N,0,0,HCX-007,v1.6-prev2-context,2026-07-30,수출액,,2024,M,%,%,rate,rate_change,unspecified,2023,Y,,
A0006-C019,A0006-C019-m1,A0006,"2024년 수출, 6838억달러로 ‘역대 최대’ 경신",2025-01-01,https://www.chosun.com/economy/industry-company/2025/01/01/2UPTGREAPRAWRG4XUBRMLONSKY,12월 수출도 한국의 최대 수출 품목인 반도체가 31.5% 증가한 145억 달러를 기록하며 호실적을 이끌었다.,"전년 대비 월간 수출 증가율은 8월(11%), 9월(7.5%), 10월(4.6%), 11월(1.4%)로 계속 감소 중이었으나, 12월에 6.6%로 반등에 성공한 것이다.",특히 감소 추세를 보이던 수출 증가율이 5개월 만에 반등에 성공했다.,국내공식통계,N,무역,반도체 수출 증가율,"수출, 반도체, 증가율",-,-,-,반도체,-,-,-,202412,-,M,확정,31.5%,KOSIS_VALUE,hcx,반도체 수출 증가율,반도체,202412,M,hcx,증감률,31.5,-,-,N,%,증감률,증가,전년동기,12월 수출도 한국의 최대 수출 품목인 반도체가 31.5% 증가한 145억 달러를 기록하며 호실적을 이끌었다.,high,N,-,N,0,0,HCX-007,v1.6-prev2-context,2026-07-30,수출액,반도체,202412,M,%,%,rate,rate_change,item,202312,Y,,
A0006-C019,A0006-C019-m2,A0006,"2024년 수출, 6838억달러로 ‘역대 최대’ 경신",2025-01-01,https://www.chosun.com/economy/industry-company/2025/01/01/2UPTGREAPRAWRG4XUBRMLONSKY,12월 수출도 한국의 최대 수출 품목인 반도체가 31.5% 증가한 145억 달러를 기록하며 호실적을 이끌었다.,"전년 대비 월간 수출 증가율은 8월(11%), 9월(7.5%), 10월(4.6%), 11월(1.4%)로 계속 감소 중이었으나, 12월에 6.6%로 반등에 성공한 것이다.",특히 감소 추세를 보이던 수출 증가율이 5개월 만에 반등에 성공했다.,국내공식통계,N,무역,반도체 수출액,"수출, 반도체, 증가율",-,-,-,반도체,-,-,-,202412,-,M,확정,145억 달러,KOSIS_VALUE,hcx,반도체 수출액,반도체,202412,M,hcx,현재값,14500000000,-,-,N,달러,수준값,증가,전년동기,12월 수출도 한국의 최대 수출 품목인 반도체가 31.5% 증가한 145억 달러를 기록하며 호실적을 이끌었다.,high,N,-,N,0,0,HCX-007,v1.6-prev2-context,2026-07-30,수출액,반도체,202412,M,달러,달러,currency,amount,item,,Y,,
A0009-C001,A0009-C001-m1,A0009,"승객 수는 더 많은 LCC, 정비사는 대형 항공사의 38%",2025-01-01,https://www.chosun.com/economy/industry-company/2025/01/01/PVCPHJRE7RDT7L2ZG2LDED5NNA,7 2023년 국적기로 국제선을 이용한 여객 4720만여 명 가운데 저비용항공사(LCC) 이용객이 2419만여 명으로 대형항공사(대한항공·아시아나항공) 이용객 2300만여 명을 처음으로 넘어섰다.,,,국내공식통계,N,무역,국제선 이용객 총수,"국적기, 국제선, 여객, 저비용항공사, 대형항공사",-,-,-,,-,-,-,2023,-,Y,확정,4720만여 명,KOSIS_VALUE,hcx,국제선 이용객 총수,-,2023,Y,hcx,현재값,47200000,-,-,Y,명,수준값,-,-,2023년 국적기로 국제선을 이용한 여객 4720만여 명 가운데 저비용항공사(LCC) 이용객이 2419만여 명으로 대형항공사(대한항공·아시아나항공) 이용객 2300만여 명을 처음으로 넘어섰다.,high,N,-,N,0,0,HCX-007,v1.6-prev2-context,2026-07-30,국제선 이용객 수,,2023,Y,명,명,person_count,count,person,,Y,,
A0009-C001,A0009-C001-m2,A0009,"승객 수는 더 많은 LCC, 정비사는 대형 항공사의 38%",2025-01-01,https://www.chosun.com/economy/industry-company/2025/01/01/PVCPHJRE7RDT7L2ZG2LDED5NNA,7 2023년 국적기로 국제선을 이용한 여객 4720만여 명 가운데 저비용항공사(LCC) 이용객이 2419만여 명으로 대형항공사(대한항공·아시아나항공) 이용객 2300만여 명을 처음으로 넘어섰다.,,,국내공식통계,N,무역,저비용항공사 이용객 수,"국적기, 국제선, 여객, 저비용항공사, 대형항공사",-,-,-,LCC,-,-,-,2023,-,Y,확정,2419만여 명,KOSIS_VALUE,hcx,저비용항공사 이용객 수,LCC,2023,Y,hcx,현재값,24190000,-,-,Y,명,수준값,-,-,2023년 국적기로 국제선을 이용한 여객 4720만여 명 가운데 저비용항공사(LCC) 이용객이 2419만여 명으로 대형항공사(대한항공·아시아나항공) 이용객 2300만여 명을 처음으로 넘어섰다.,high,N,-,N,0,0,HCX-007,v1.6-prev2-context,2026-07-30,국제선 이용객 수,,2023,Y,명,명,person_count,count,person,,Y,,
A0009-C001,A0009-C001-m3,A0009,"승객 수는 더 많은 LCC, 정비사는 대형 항공사의 38%",2025-01-01,https://www.chosun.com/economy/industry-company/2025/01/01/PVCPHJRE7RDT7L2ZG2LDED5NNA,7 2023년 국적기로 국제선을 이용한 여객 4720만여 명 가운데 저비용항공사(LCC) 이용객이 2419만여 명으로 대형항공사(대한항공·아시아나항공) 이용객 2300만여 명을 처음으로 넘어섰다.,,,국내공식통계,N,무역,대형항공사 이용객 수,"국적기, 국제선, 여객, 저비용항공사, 대형항공사",-,-,-,"대한항공, 아시아나항공",-,-,-,2023,-,Y,확정,2300만여 명,KOSIS_VALUE,hcx,대형항공사 이용객 수,"대한항공, 아시아나항공",2023,Y,hcx,현재값,23000000,-,-,Y,명,수준값,-,-,2023년 국적기로 국제선을 이용한 여객 4720만여 명 가운데 저비용항공사(LCC) 이용객이 2419만여 명으로 대형항공사(대한항공·아시아나항공) 이용객 2300만여 명을 처음으로 넘어섰다.,high,N,-,N,0,0,HCX-007,v1.6-prev2-context,2026-07-30,국제선 이용객 수,,2023,Y,명,명,person_count,count,person,,Y,,
A0009-C009,A0009-C009-m2,A0009,"승객 수는 더 많은 LCC, 정비사는 대형 항공사의 38%",2025-01-01,https://www.chosun.com/economy/industry-company/2025/01/01/PVCPHJRE7RDT7L2ZG2LDED5NNA,"◇급성장한 LCC, 안전 투자는 미흡 국토교통부가 지난해 9월 발표한 ‘2023 항공안전백서’에 따르면, 국내 12개 항공사의 정비사 총 5849명(2023년말 기준) 가운데 대형 항공사인 대한항공, 아시아나항공 등 2사 소속은 4248명이었다.","이같은 우려가 커지자, 제주항공은 이날 브리핑을 갖고 “2025년 3월까지 운항량을 10~15% 감축하고, 정비사도 추가 고용하겠다”고 밝혔다.",전남 무안공항 참사를 계기로 국민들의 불안감이 커지는 가운데 항공 전문가들 사이에선 LCC의 안전 수준을 대대적으로 재점검해야 한다는 지적이 나오고 있다.,국내공식통계,N,고용,정비사 수,"LCC, 대형 항공사, 정비사, 항공안전백서",-,-,-,,-,-,-,2023년말,-,Y,확정,5849명,KOSIS_VALUE,hcx,정비사 수,-,2023년말,Y,hcx,현재값,5849,-,-,N,명,수준값,-,-,"국토교통부가 지난해 9월 발표한 ‘2023 항공안전백서’에 따르면, 국내 12개 항공사의 정비사 총 5849명(2023년말 기준) 가운데 대형 항공사인 대한항공, 아시아나항공 등 2사 소속은 4248명이었다.",high,N,-,Y,0,0,HCX-007,v1.6-prev2-context,2026-07-30,정비사 수,,2023년말,Y,명,명,person_count,count,person,,Y,,
A0009-C009,A0009-C009-m4,A0009,"승객 수는 더 많은 LCC, 정비사는 대형 항공사의 38%",2025-01-01,https://www.chosun.com/economy/industry-company/2025/01/01/PVCPHJRE7RDT7L2ZG2LDED5NNA,"◇급성장한 LCC, 안전 투자는 미흡 국토교통부가 지난해 9월 발표한 ‘2023 항공안전백서’에 따르면, 국내 12개 항공사의 정비사 총 5849명(2023년말 기준) 가운데 대형 항공사인 대한항공, 아시아나항공 등 2사 소속은 4248명이었다.","이같은 우려가 커지자, 제주항공은 이날 브리핑을 갖고 “2025년 3월까지 운항량을 10~15% 감축하고, 정비사도 추가 고용하겠다”고 밝혔다.",전남 무안공항 참사를 계기로 국민들의 불안감이 커지는 가운데 항공 전문가들 사이에선 LCC의 안전 수준을 대대적으로 재점검해야 한다는 지적이 나오고 있다.,국내공식통계,N,고용,정비사 수,"LCC, 대형 항공사, 정비사, 항공안전백서",-,-,-,,-,-,-,2023년말,-,Y,확정,4248명,KOSIS_VALUE,hcx,정비사 수,-,2023년말,Y,hcx,현재값,4248,-,-,N,명,수준값,-,-,"국토교통부가 지난해 9월 발표한 ‘2023 항공안전백서’에 따르면, 국내 12개 항공사의 정비사 총 5849명(2023년말 기준) 가운데 대형 항공사인 대한항공, 아시아나항공 등 2사 소속은 4248명이었다.",high,N,-,Y,0,0,HCX-007,v1.6-prev2-context,2026-07-30,정비사 수,,2023년말,Y,명,명,person_count,count,person,,Y,,
A0009-C010,A0009-C010-m2,A0009,"승객 수는 더 많은 LCC, 정비사는 대형 항공사의 38%",2025-01-01,https://www.chosun.com/economy/industry-company/2025/01/01/PVCPHJRE7RDT7L2ZG2LDED5NNA,"제주항공·진에어 등 LCC 10사의 정비사는 모두 1601명으로, 대형항공사의 3분의 1 수준(37.7%)에 그쳤다.","◇급성장한 LCC, 안전 투자는 미흡 국토교통부가 지난해 9월 발표한 ‘2023 항공안전백서’에 따르면, 국내 12개 항공사의 정비사 총 5849명(2023년말 기준) 가운데 대형 항공사인 대한항공, 아시아나항공 등 2사 소속은 4248명이었다.","이같은 우려가 커지자, 제주항공은 이날 브리핑을 갖고 “2025년 3월까지 운항량을 10~15% 감축하고, 정비사도 추가 고용하겠다”고 밝혔다.",국내공식통계,N,고용,정비사 수,"LCC, 대형 항공사, 정비사, 항공안전백서",-,-,-,제주항공·진에어 등 LCC 10사,-,-,-,2023,-,Y,확정,1601명,KOSIS_VALUE,hcx,정비사 수,제주항공·진에어 등 LCC 10사,2023,Y,hcx,현재값,1601,-,-,N,명,수준값,-,전년,"제주항공·진에어 등 LCC 10사의 정비사는 모두 1601명으로, 대형항공사의 3분의 1 수준(37.7%)에 그쳤다.",high,N,-,Y,0,0,HCX-007,v1.6-prev2-context,2026-07-30,정비사 수 비율,항공,2023,Y,명,명,person_count,count,person,,Y,,
A0009-C010,A0009-C010-m3,A0009,"승객 수는 더 많은 LCC, 정비사는 대형 항공사의 38%",2025-01-01,https://www.chosun.com/economy/industry-company/2025/01/01/PVCPHJRE7RDT7L2ZG2LDED5NNA,"제주항공·진에어 등 LCC 10사의 정비사는 모두 1601명으로, 대형항공사의 3분의 1 수준(37.7%)에 그쳤다.","◇급성장한 LCC, 안전 투자는 미흡 국토교통부가 지난해 9월 발표한 ‘2023 항공안전백서’에 따르면, 국내 12개 항공사의 정비사 총 5849명(2023년말 기준) 가운데 대형 항공사인 대한항공, 아시아나항공 등 2사 소속은 4248명이었다.","이같은 우려가 커지자, 제주항공은 이날 브리핑을 갖고 “2025년 3월까지 운항량을 10~15% 감축하고, 정비사도 추가 고용하겠다”고 밝혔다.",국내공식통계,N,고용,정비사 수 비율,"LCC, 대형 항공사, 정비사, 항공안전백서",-,-,-,제주항공·진에어 등 LCC 10사,-,-,-,2023,-,Y,확정,37.7%,KOSIS_VALUE,hcx,정비사 수 비율,제주항공·진에어 등 LCC 10사,2023,Y,hcx,현재값,37.7,-,-,N,%,비중,-,전년,"제주항공·진에어 등 LCC 10사의 정비사는 모두 1601명으로, 대형항공사의 3분의 1 수준(37.7%)에 그쳤다.",high,N,-,Y,0,0,HCX-007,v1.6-prev2-context,2026-07-30,정비사 수 비율,항공,2023,Y,%,%,rate,rate_level,person,,Y,,
A0009-C011,A0009-C011-m1,A0009,"승객 수는 더 많은 LCC, 정비사는 대형 항공사의 38%",2025-01-01,https://www.chosun.com/economy/industry-company/2025/01/01/PVCPHJRE7RDT7L2ZG2LDED5NNA,"이를 각 사의 항공기 보유 대수로 나눠보면, 대형항공사들은 대당 16~18명 수준의 정비사를 보유하고 있지만 LCC는 10.6명이었다.","제주항공·진에어 등 LCC 10사의 정비사는 모두 1601명으로, 대형항공사의 3분의 1 수준(37.7%)에 그쳤다.","◇급성장한 LCC, 안전 투자는 미흡 국토교통부가 지난해 9월 발표한 ‘2023 항공안전백서’에 따르면, 국내 12개 항공사의 정비사 총 5849명(2023년말 기준) 가운데 대형 항공사인 대한항공, 아시아나항공 등 2사 소속은 4248명이었다.",국내공식통계,N,고용,정비사 수,"LCC, 대형 항공사, 정비사, 항공기 보유 대수",-,-,-,대형 항공사,-,-,-,2023,-,Y,확정,16명,KOSIS_VALUE,hcx,정비사 수,대형 항공사,2023,Y,hcx,현재값,16,-,-,N,명,수준값,-,전년,"이를 각 사의 항공기 보유 대수로 나눠보면, 대형항공사들은 대당 16~18명 수준의 정비사를 보유하고 있지만 LCC는 10.6명이었다.",high,N,-,N,0,0,HCX-007,v1.6-prev2-context,2026-07-30,정비사 수,항공,2023,Y,명,명,person_count,count,person,,Y,,
A0009-C011,A0009-C011-m2,A0009,"승객 수는 더 많은 LCC, 정비사는 대형 항공사의 38%",2025-01-01,https://www.chosun.com/economy/industry-company/2025/01/01/PVCPHJRE7RDT7L2ZG2LDED5NNA,"이를 각 사의 항공기 보유 대수로 나눠보면, 대형항공사들은 대당 16~18명 수준의 정비사를 보유하고 있지만 LCC는 10.6명이었다.","제주항공·진에어 등 LCC 10사의 정비사는 모두 1601명으로, 대형항공사의 3분의 1 수준(37.7%)에 그쳤다.","◇급성장한 LCC, 안전 투자는 미흡 국토교통부가 지난해 9월 발표한 ‘2023 항공안전백서’에 따르면, 국내 12개 항공사의 정비사 총 5849명(2023년말 기준) 가운데 대형 항공사인 대한항공, 아시아나항공 등 2사 소속은 4248명이었다.",국내공식통계,N,고용,정비사 수,"LCC, 대형 항공사, 정비사, 항공기 보유 대수",-,-,-,대형 항공사,-,-,-,2023,-,Y,확정,18명,KOSIS_VALUE,hcx,정비사 수,대형 항공사,2023,Y,hcx,현재값,18,-,-,N,명,수준값,-,전년,"이를 각 사의 항공기 보유 대수로 나눠보면, 대형항공사들은 대당 16~18명 수준의 정비사를 보유하고 있지만 LCC는 10.6명이었다.",high,N,-,N,0,0,HCX-007,v1.6-prev2-context,2026-07-30,정비사 수,항공,2023,Y,명,명,person_count,count,person,,Y,,
A0009-C011,A0009-C011-m3,A0009,"승객 수는 더 많은 LCC, 정비사는 대형 항공사의 38%",2025-01-01,https://www.chosun.com/economy/industry-company/2025/01/01/PVCPHJRE7RDT7L2ZG2LDED5NNA,"이를 각 사의 항공기 보유 대수로 나눠보면, 대형항공사들은 대당 16~18명 수준의 정비사를 보유하고 있지만 LCC는 10.6명이었다.","제주항공·진에어 등 LCC 10사의 정비사는 모두 1601명으로, 대형항공사의 3분의 1 수준(37.7%)에 그쳤다.","◇급성장한 LCC, 안전 투자는 미흡 국토교통부가 지난해 9월 발표한 ‘2023 항공안전백서’에 따르면, 국내 12개 항공사의 정비사 총 5849명(2023년말 기준) 가운데 대형 항공사인 대한항공, 아시아나항공 등 2사 소속은 4248명이었다.",국내공식통계,N,고용,정비사 수,"LCC, 대형 항공사, 정비사, 항공기 보유 대수",-,-,-,LCC,-,-,-,2023,-,Y,확정,10.6명,KOSIS_VALUE,hcx,정비사 수,LCC,2023,Y,hcx,현재값,10.6,-,-,N,명,수준값,-,전년,"이를 각 사의 항공기 보유 대수로 나눠보면, 대형항공사들은 대당 16~18명 수준의 정비사를 보유하고 있지만 LCC는 10.6명이었다.",high,N,-,N,0,0,HCX-007,v1.6-prev2-context,2026-07-30,정비사 수,항공,2023,Y,명,명,person_count,count,person,,Y,,
A0009-C016,A0009-C016-m1,A0009,"승객 수는 더 많은 LCC, 정비사는 대형 항공사의 38%",2025-01-01,https://www.chosun.com/economy/industry-company/2025/01/01/PVCPHJRE7RDT7L2ZG2LDED5NNA,"하지만 지난해 국토부 백서에 따르면, LCC 중 가장 정비사 수가 많은 제주항공도 대당 정비사가 11.2명에 그쳤다.",정부가 내세운 기준은 항공기 1대당 정비사 12명(당시 9~11명)이었다.,당시 정부가 가장 먼저 요구한 것도 적정 정비사부터 충원하라는 것이었다.,국내공식통계,N,고용,정비사 수,"LCC, 대형 항공사, 정비사",-,-,-,제주항공,-,-,-,2024,-,Y,확정,11.2명,KOSIS_VALUE,hcx,정비사 수,제주항공,2024,Y,hcx,현재값,11.2,-,-,N,명,수준값,-,전년,"하지만 지난해 국토부 백서에 따르면, LCC 중 가장 정비사 수가 많은 제주항공도 대당 정비사가 11.2명에 그쳤다.",high,N,-,N,0,0,HCX-007,v1.6-prev2-context,2026-07-30,정비사 수,제주항공,2024,Y,명,명,person_count,count,person,,Y,,
A0009-C017,A0009-C017-m1,A0009,"승객 수는 더 많은 LCC, 정비사는 대형 항공사의 38%",2025-01-01,https://www.chosun.com/economy/industry-company/2025/01/01/PVCPHJRE7RDT7L2ZG2LDED5NNA,이에 대해 제주항공 측은 “정부의 통계 시점인 2023년 말 이후 정비사를 충원해 현재는 정비사가 522명으로 대당 12.7명 수준으로 개선했다”며 “2025년말까지 560명으로 늘리겠다”고 밝혔다.,"하지만 지난해 국토부 백서에 따르면, LCC 중 가장 정비사 수가 많은 제주항공도 대당 정비사가 11.2명에 그쳤다.",정부가 내세운 기준은 항공기 1대당 정비사 12명(당시 9~11명)이었다.,국내공식통계,N,고용,정비사 수,"LCC, 정비사, 항공사",-,-,-,제주항공,-,-,-,2025,-,Y,확정,522명,KOSIS_VALUE,hcx,정비사 수,제주항공,2025,Y,hcx,현재값,522,-,-,N,명,수준값,-,전년,"""정부의 통계 시점인 2023년 말 이후 정비사를 충원해 현재는 정비사가 522명으로 대당 12.7명 수준으로 개선했다""며 ""2025년말까지 560명으로 늘리겠다""",high,N,-,N,0,0,HCX-007,v1.6-prev2-context,2026-07-30,정비사 수,제주항공,2025,Y,명,명,person_count,count,person,,Y,,
A0009-C017,A0009-C017-m2,A0009,"승객 수는 더 많은 LCC, 정비사는 대형 항공사의 38%",2025-01-01,https://www.chosun.com/economy/industry-company/2025/01/01/PVCPHJRE7RDT7L2ZG2LDED5NNA,이에 대해 제주항공 측은 “정부의 통계 시점인 2023년 말 이후 정비사를 충원해 현재는 정비사가 522명으로 대당 12.7명 수준으로 개선했다”며 “2025년말까지 560명으로 늘리겠다”고 밝혔다.,"하지만 지난해 국토부 백서에 따르면, LCC 중 가장 정비사 수가 많은 제주항공도 대당 정비사가 11.2명에 그쳤다.",정부가 내세운 기준은 항공기 1대당 정비사 12명(당시 9~11명)이었다.,국내공식통계,N,고용,정비사 수,"LCC, 정비사, 항공사",-,-,-,제주항공,-,-,-,2025,-,Y,확정,12.7명,KOSIS_VALUE,hcx,정비사 수,제주항공,2025,Y,hcx,현재값,12.7,-,-,N,명,수준값,-,전년,"""정부의 통계 시점인 2023년 말 이후 정비사를 충원해 현재는 정비사가 522명으로 대당 12.7명 수준으로 개선했다""며 ""2025년말까지 560명으로 늘리겠다""",high,N,-,N,0,0,HCX-007,v1.6-prev2-context,2026-07-30,정비사 수,제주항공,2025,Y,명,명,person_count,count,person,,Y,,
A0012-C005,A0012-C005-m1,A0012,조선업 산업기술인력 9년 만에 다시 상승세,2025-01-01,https://www.chosun.com/economy/industry-company/2025/01/01/VR4RUPY3CFEGZGFC5M4JPY5SDE,31일 산업통상자원부의 ‘산업기술인력 수급 실태조사’에 따르면 지난 2023년 말 조선 산업기술인력은 5만8528명으로 전년인 2022년 대비 0.8% 증가했다.,다만 여전히 현장엔 일할 사람이 부족한 상황이라 앞으로도 인력 확충은 계속될 전망이다.,하지만 최근 정부 정책 등으로 외국인 근로자가 크게 늘면서 다소 숨통이 트인 것으로 분석된다.,국내공식통계,Y,고용,조선 산업기술인력,"조선업, 산업기술인력, 수급 실태조사",-,-,-,조선업,-,-,-,2023,-,Y,확정,5만8528명,KOSIS_VALUE,hcx,조선 산업기술인력,조선업,2023,Y,hcx,현재값,58528,-,-,N,명,수준값,증가,전년,31일 산업통상자원부의 ‘산업기술인력 수급 실태조사’에 따르면 지난 2023년 말 조선 산업기술인력은 5만8528명으로 전년인 2022년 대비 0.8% 증가했다.,high,N,-,N,0,0,HCX-007,v1.6-prev2-context,2026-07-30,조선 산업기술인력,조선업,2023년 말,Y,명,명,person_count,count,item,,Y,,
A0012-C005,A0012-C005-m2,A0012,조선업 산업기술인력 9년 만에 다시 상승세,2025-01-01,https://www.chosun.com/economy/industry-company/2025/01/01/VR4RUPY3CFEGZGFC5M4JPY5SDE,31일 산업통상자원부의 ‘산업기술인력 수급 실태조사’에 따르면 지난 2023년 말 조선 산업기술인력은 5만8528명으로 전년인 2022년 대비 0.8% 증가했다.,다만 여전히 현장엔 일할 사람이 부족한 상황이라 앞으로도 인력 확충은 계속될 전망이다.,하지만 최근 정부 정책 등으로 외국인 근로자가 크게 늘면서 다소 숨통이 트인 것으로 분석된다.,국내공식통계,Y,고용,조선 산업기술인력 증감률,"조선업, 산업기술인력, 수급 실태조사",-,-,-,조선업,-,-,-,2022,-,Y,확정,0.8%,KOSIS_VALUE,hcx,조선 산업기술인력 증감률,조선업,2022,Y,hcx,증감률,0.8,-,-,N,%,증감률,증가,전년,31일 산업통상자원부의 ‘산업기술인력 수급 실태조사’에 따르면 지난 2023년 말 조선 산업기술인력은 5만8528명으로 전년인 2022년 대비 0.8% 증가했다.,high,N,-,N,0,0,HCX-007,v1.6-prev2-context,2026-07-30,조선 산업기술인력,조선업,2023년 말,Y,%,%,rate,rate_change,item,2021,Y,,
A0012-C007,A0012-C007-m1,A0012,조선업 산업기술인력 9년 만에 다시 상승세,2025-01-01,https://www.chosun.com/economy/industry-company/2025/01/01/VR4RUPY3CFEGZGFC5M4JPY5SDE,본래 조선업의 산업기술인력은 2014년 6만9766명에서 2022년 5만8042명까지 꾸준히 하락해 1만명 넘게 줄어든 상태였는데 이 수가 500명 가까이 늘어난 것이다.,"산업기술인력은 연구개발직, 기술직, 관리자를 비롯한 기능·기술 인력을 뜻한다.",31일 산업통상자원부의 ‘산업기술인력 수급 실태조사’에 따르면 지난 2023년 말 조선 산업기술인력은 5만8528명으로 전년인 2022년 대비 0.8% 증가했다.,국내공식통계,Y,고용,조선업 산업기술인력,"조선업, 산업기술인력, 고용",-,-,-,조선업,-,-,-,2014,-,Y,확정,6만9766명,KOSIS_VALUE,hcx,조선업 산업기술인력,조선업,2014,Y,hcx,이전값,69766,-,-,N,명,수준값,증가,전년,본래 조선업의 산업기술인력은 2014년 6만9766명에서 2022년 5만8042명까지 꾸준히 하락해 1만명 넘게 줄어든 상태였는데 이 수가 500명 가까이 늘어난 것이다.,high,N,-,Y,0,0,HCX-007,v1.6-prev2-context,2026-07-30,조선업 산업기술인력,조선업,2023,Y,명,명,person_count,count,item,,Y,,
A0012-C007,A0012-C007-m2,A0012,조선업 산업기술인력 9년 만에 다시 상승세,2025-01-01,https://www.chosun.com/economy/industry-company/2025/01/01/VR4RUPY3CFEGZGFC5M4JPY5SDE,본래 조선업의 산업기술인력은 2014년 6만9766명에서 2022년 5만8042명까지 꾸준히 하락해 1만명 넘게 줄어든 상태였는데 이 수가 500명 가까이 늘어난 것이다.,"산업기술인력은 연구개발직, 기술직, 관리자를 비롯한 기능·기술 인력을 뜻한다.",31일 산업통상자원부의 ‘산업기술인력 수급 실태조사’에 따르면 지난 2023년 말 조선 산업기술인력은 5만8528명으로 전년인 2022년 대비 0.8% 증가했다.,국내공식통계,Y,고용,조선업 산업기술인력,"조선업, 산업기술인력, 고용",-,-,-,조선업,-,-,-,2022,-,Y,확정,5만8042명,KOSIS_VALUE,hcx,조선업 산업기술인력,조선업,2022,Y,hcx,이전값,58042,-,-,N,명,수준값,증가,전년,본래 조선업의 산업기술인력은 2014년 6만9766명에서 2022년 5만8042명까지 꾸준히 하락해 1만명 넘게 줄어든 상태였는데 이 수가 500명 가까이 늘어난 것이다.,high,N,-,Y,0,0,HCX-007,v1.6-prev2-context,2026-07-30,조선업 산업기술인력,조선업,2023,Y,명,명,person_count,count,item,,Y,,
A0012-C007,A0012-C007-m3,A0012,조선업 산업기술인력 9년 만에 다시 상승세,2025-01-01,https://www.chosun.com/economy/industry-company/2025/01/01/VR4RUPY3CFEGZGFC5M4JPY5SDE,본래 조선업의 산업기술인력은 2014년 6만9766명에서 2022년 5만8042명까지 꾸준히 하락해 1만명 넘게 줄어든 상태였는데 이 수가 500명 가까이 늘어난 것이다.,"산업기술인력은 연구개발직, 기술직, 관리자를 비롯한 기능·기술 인력을 뜻한다.",31일 산업통상자원부의 ‘산업기술인력 수급 실태조사’에 따르면 지난 2023년 말 조선 산업기술인력은 5만8528명으로 전년인 2022년 대비 0.8% 증가했다.,국내공식통계,Y,고용,조선업 산업기술인력 감소 폭,"조선업, 산업기술인력, 고용",-,-,-,조선업,-,-,-,2022,-,Y,확정,1만명,KOSIS_VALUE,hcx,조선업 산업기술인력 감소 폭,조선업,2022,Y,hcx,현재값,10000,-,-,N,명,수준값,감소,전년,본래 조선업의 산업기술인력은 2014년 6만9766명에서 2022년 5만8042명까지 꾸준히 하락해 1만명 넘게 줄어든 상태였는데 이 수가 500명 가까이 늘어난 것이다.,high,N,-,Y,0,0,HCX-007,v1.6-prev2-context,2026-07-30,조선업 산업기술인력,조선업,2023,Y,명,명,person_count,count,item,,Y,,
A0012-C007,A0012-C007-m4,A0012,조선업 산업기술인력 9년 만에 다시 상승세,2025-01-01,https://www.chosun.com/economy/industry-company/2025/01/01/VR4RUPY3CFEGZGFC5M4JPY5SDE,본래 조선업의 산업기술인력은 2014년 6만9766명에서 2022년 5만8042명까지 꾸준히 하락해 1만명 넘게 줄어든 상태였는데 이 수가 500명 가까이 늘어난 것이다.,"산업기술인력은 연구개발직, 기술직, 관리자를 비롯한 기능·기술 인력을 뜻한다.",31일 산업통상자원부의 ‘산업기술인력 수급 실태조사’에 따르면 지난 2023년 말 조선 산업기술인력은 5만8528명으로 전년인 2022년 대비 0.8% 증가했다.,국내공식통계,Y,고용,조선업 산업기술인력 증가 폭,"조선업, 산업기술인력, 고용",-,-,-,조선업,-,-,-,2023,-,Y,확정,500명,KOSIS_VALUE,hcx,조선업 산업기술인력 증가 폭,조선업,2023,Y,hcx,현재값,500,-,-,N,명,수준값,증가,전년,본래 조선업의 산업기술인력은 2014년 6만9766명에서 2022년 5만8042명까지 꾸준히 하락해 1만명 넘게 줄어든 상태였는데 이 수가 500명 가까이 늘어난 것이다.,high,N,-,Y,0,0,HCX-007,v1.6-prev2-context,2026-07-30,조선업 산업기술인력,조선업,2023,Y,명,명,person_count,count,item,,Y,,
A0012-C010,A0012-C010-m1,A0012,조선업 산업기술인력 9년 만에 다시 상승세,2025-01-01,https://www.chosun.com/economy/industry-company/2025/01/01/VR4RUPY3CFEGZGFC5M4JPY5SDE,이들이 차지하는 비율도 같은 기간 1.5%에서 4.4%로 증가했다.,조선 산업기술인력 중 외국인은 2022년 877명에서 2023년 2563명으로 3배 가까이 늘었다.,이 숫자가 다시 증가한 것은 최근 외국인 근로 인력이 많아진 덕이다.,국내공식통계,N,고용,외국인 근로 인력 비율,"조선업, 산업기술인력, 외국인",-,-,-,조선업,-,-,-,2022,-,Y,확정,1.5%,KOSIS_VALUE,hcx,외국인 근로 인력 비율,조선업,2022,Y,hcx,증감률,1.5,-,-,N,%,증감률,증가,전년,이들이 차지하는 비율도 같은 기간 1.5%에서 4.4%로 증가했다.,high,N,-,N,0,0,HCX-007,v1.6-prev2-context,2026-07-30,외국인 근로 인력 비율,조선업,2025,Y,%,%,rate,rate_change,item,2021,Y,,
A0012-C010,A0012-C010-m2,A0012,조선업 산업기술인력 9년 만에 다시 상승세,2025-01-01,https://www.chosun.com/economy/industry-company/2025/01/01/VR4RUPY3CFEGZGFC5M4JPY5SDE,이들이 차지하는 비율도 같은 기간 1.5%에서 4.4%로 증가했다.,조선 산업기술인력 중 외국인은 2022년 877명에서 2023년 2563명으로 3배 가까이 늘었다.,이 숫자가 다시 증가한 것은 최근 외국인 근로 인력이 많아진 덕이다.,국내공식통계,N,고용,외국인 근로 인력 비율,"조선업, 산업기술인력, 외국인",-,-,-,조선업,-,-,-,2023,-,Y,확정,4.4%,KOSIS_VALUE,hcx,외국인 근로 인력 비율,조선업,2023,Y,hcx,증감률,4.4,-,-,N,%,증감률,증가,전년,이들이 차지하는 비율도 같은 기간 1.5%에서 4.4%로 증가했다.,high,N,-,N,0,0,HCX-007,v1.6-prev2-context,2026-07-30,외국인 근로 인력 비율,조선업,2025,Y,%,%,rate,rate_change,item,2022,Y,,
A0013-C012,A0013-C012-m1,A0013,사라진 ‘연말연시’… 소비 침체 한동안 이어질 수도,2025-01-01,https://www.chosun.com/economy/industry-company/2025/01/01/Z6WEUBU6FBBDLGDAZFP5PNS574,한 대형 마트의 12월 1~30일 매출 신장률은 전년 같은 기간과 비교해 0%였다.,하지만 최근 분위기는 다르다.,특히 2024년에는 소비 위축이 지속돼 12월 특수를 기대하는 사람이 많았다.,국내공식통계,N,소매·소비,매출 신장률,"연말연시, 소비 침체, 대형마트",-,-,-,대형마트,-,-,-,2024년 12월,-,M,확정,0%,KOSIS_VALUE,hcx,매출 신장률,대형마트,2024년 12월,M,hcx,현재값,0,-,-,N,%,비중,유지,전년동월,한 대형 마트의 12월 1~30일 매출 신장률은 전년 같은 기간과 비교해 0%였다.,high,N,-,N,0,0,HCX-007,v1.6-prev2-context,2026-07-30,매출 신장률,대형마트,2024년 12월,M,%,%,rate,level,item,,Y,,
A0018-C001,A0018-C001-m1,A0018,반도체 덕에… 지난해 수출 6838억달러 역대 최대,2025-01-02,https://www.chosun.com/economy/economy_general/2025/01/02/6MYGM52QIVHUJBIZYYFBUW5IQM,작년 한 해 전체 수출액이 6838억달러(약 1006조원)로 2023년에 비해 8.2% 증가했다고 산업통상자원부와 관세청이 1일 밝혔다.,,,국내공식통계,Y,무역,수출액,"반도체, 수출액, 역대 최대",-,-,-,,-,-,-,2024,-,Y,확정,6838억달러,KOSIS_VALUE,hcx,수출액,-,2024,Y,hcx,현재값,683800000000,-,-,N,달러,수준값,증가,전년,[검증 대상 문장] 작년 한 해 전체 수출액이 6838억달러(약 1006조원)로 2023년에 비해 8.2% 증가했다고 산업통상자원부와 관세청이 1일 밝혔다.,high,N,-,N,0,0,HCX-007,v1.6-prev2-context,2026-07-30,수출액,,2024,Y,달러,달러,currency,amount,unspecified,,Y,,
A0018-C001,A0018-C001-m2,A0018,반도체 덕에… 지난해 수출 6838억달러 역대 최대,2025-01-02,https://www.chosun.com/economy/economy_general/2025/01/02/6MYGM52QIVHUJBIZYYFBUW5IQM,작년 한 해 전체 수출액이 6838억달러(약 1006조원)로 2023년에 비해 8.2% 증가했다고 산업통상자원부와 관세청이 1일 밝혔다.,,,국내공식통계,Y,무역,수출액,"반도체, 수출액, 역대 최대",-,-,-,,-,-,-,2024,-,Y,확정,1006조원,KOSIS_VALUE,hcx,수출액,-,2024,Y,hcx,현재값,1006000000000000,-,-,Y,원,수준값,증가,전년,[검증 대상 문장] 작년 한 해 전체 수출액이 6838억달러(약 1006조원)로 2023년에 비해 8.2% 증가했다고 산업통상자원부와 관세청이 1일 밝혔다.,high,N,-,N,0,0,HCX-007,v1.6-prev2-context,2026-07-30,수출액,,2024,Y,원,원,currency,amount,unspecified,,Y,,
A0018-C001,A0018-C001-m3,A0018,반도체 덕에… 지난해 수출 6838억달러 역대 최대,2025-01-02,https://www.chosun.com/economy/economy_general/2025/01/02/6MYGM52QIVHUJBIZYYFBUW5IQM,작년 한 해 전체 수출액이 6838억달러(약 1006조원)로 2023년에 비해 8.2% 증가했다고 산업통상자원부와 관세청이 1일 밝혔다.,,,국내공식통계,Y,무역,수출액 증감률,"반도체, 수출액, 역대 최대",-,-,-,,-,-,-,2023,-,Y,확정,8.2%,KOSIS_VALUE,hcx,수출액 증감률,-,2023,Y,hcx,증감률,8.2,-,-,N,%,증감률,증가,전년,[검증 대상 문장] 작년 한 해 전체 수출액이 6838억달러(약 1006조원)로 2023년에 비해 8.2% 증가했다고 산업통상자원부와 관세청이 1일 밝혔다.,high,N,-,N,0,0,HCX-007,v1.6-prev2-context,2026-07-30,수출액,,2024,Y,%,%,rate,rate_change,unspecified,2022,Y,,
A0018-C002,A0018-C002-m2,A0018,반도체 덕에… 지난해 수출 6838억달러 역대 최대,2025-01-02,https://www.chosun.com/economy/economy_general/2025/01/02/6MYGM52QIVHUJBIZYYFBUW5IQM,기존 역대 최대 규모였던 2022년 기록(6836억달러)을 2억달러 웃돌아 역대 최대 수출 실적을 달성했다.,작년 한 해 전체 수출액이 6838억달러(약 1006조원)로 2023년에 비해 8.2% 증가했다고 산업통상자원부와 관세청이 1일 밝혔다.,,국내공식통계,N,무역,수출액,"반도체, 수출, 역대 최대 실적",-,-,-,,-,-,-,2022,-,Y,확정,2억달러,KOSIS_VALUE,hcx,수출액,-,2022,Y,hcx,현재값,200000000,-,-,N,달러,수준값,증가,전년동기,기존 역대 최대 규모였던 2022년 기록(6836억달러)을 2억달러 웃돌아 역대 최대 수출 실적을 달성했다.,high,N,-,N,0,0,HCX-007,v1.6-prev2-context,2026-07-30,수출액,,2024,Y,달러,달러,currency,amount,unspecified,,Y,,
A0018-C003,A0018-C003-m1,A0018,반도체 덕에… 지난해 수출 6838억달러 역대 최대,2025-01-02,https://www.chosun.com/economy/economy_general/2025/01/02/6MYGM52QIVHUJBIZYYFBUW5IQM,주력 수출 품목인 반도체 수출액이 1419억달러로 역대 최대치를 고쳐 쓰면서 수출 증가세를 주도했다.,기존 역대 최대 규모였던 2022년 기록(6836억달러)을 2억달러 웃돌아 역대 최대 수출 실적을 달성했다.,작년 한 해 전체 수출액이 6838억달러(약 1006조원)로 2023년에 비해 8.2% 증가했다고 산업통상자원부와 관세청이 1일 밝혔다.,국내공식통계,N,무역,수출액,"반도체, 수출액, 역대 최대치",-,-,-,반도체,-,-,-,2024,-,Y,확정,1419억달러,KOSIS_VALUE,hcx,수출액,반도체,2024,Y,hcx,현재값,141900000000,-,-,N,달러,수준값,증가,전년,주력 수출 품목인 반도체 수출액이 1419억달러로 역대 최대치를 고쳐 쓰면서 수출 증가세를 주도했다.,high,N,-,N,0,0,HCX-007,v1.6-prev2-context,2026-07-30,수출액,반도체,2024,Y,달러,달러,currency,amount,item,,Y,,
A0018-C004,A0018-C004-m1,A0018,반도체 덕에… 지난해 수출 6838억달러 역대 최대,2025-01-02,https://www.chosun.com/economy/economy_general/2025/01/02/6MYGM52QIVHUJBIZYYFBUW5IQM,"작년 한국의 수입액은 전년보다 1.6% 감소한 6320억달러로, 518억달러의 무역 흑자를 기록했다.",주력 수출 품목인 반도체 수출액이 1419억달러로 역대 최대치를 고쳐 쓰면서 수출 증가세를 주도했다.,기존 역대 최대 규모였던 2022년 기록(6836억달러)을 2억달러 웃돌아 역대 최대 수출 실적을 달성했다.,국내공식통계,Y,무역,수입액 증감률,"한국, 수출, 수입액, 무역 흑자",-,-,-,,-,-,-,2024,-,Y,확정,1.6%,KOSIS_VALUE,hcx,수입액 증감률,-,2024,Y,hcx,증감률,1.6,-,-,N,%,증감률,감소,전년,"작년 한국의 수입액은 전년보다 1.6% 감소한 6320억달러로, 518억달러의 무역 흑자를 기록했다.",high,N,-,Y,0,0,HCX-007,v1.6-prev2-context,2026-07-30,수입액,,2024,Y,%,%,rate,rate_change,unspecified,2023,Y,,
A0018-C004,A0018-C004-m2,A0018,반도체 덕에… 지난해 수출 6838억달러 역대 최대,2025-01-02,https://www.chosun.com/economy/economy_general/2025/01/02/6MYGM52QIVHUJBIZYYFBUW5IQM,"작년 한국의 수입액은 전년보다 1.6% 감소한 6320억달러로, 518억달러의 무역 흑자를 기록했다.",주력 수출 품목인 반도체 수출액이 1419억달러로 역대 최대치를 고쳐 쓰면서 수출 증가세를 주도했다.,기존 역대 최대 규모였던 2022년 기록(6836억달러)을 2억달러 웃돌아 역대 최대 수출 실적을 달성했다.,국내공식통계,Y,무역,수입액,"한국, 수출, 수입액, 무역 흑자",-,-,-,,-,-,-,2024,-,Y,확정,6320억달러,KOSIS_VALUE,hcx,수입액,-,2024,Y,hcx,현재값,632000000000,-,-,N,달러,수준값,감소,전년,"작년 한국의 수입액은 전년보다 1.6% 감소한 6320억달러로, 518억달러의 무역 흑자를 기록했다.",high,N,-,Y,0,0,HCX-007,v1.6-prev2-context,2026-07-30,수입액,,2024,Y,달러,달러,currency,amount,unspecified,,Y,,
A0018-C004,A0018-C004-m3,A0018,반도체 덕에… 지난해 수출 6838억달러 역대 최대,2025-01-02,https://www.chosun.com/economy/economy_general/2025/01/02/6MYGM52QIVHUJBIZYYFBUW5IQM,"작년 한국의 수입액은 전년보다 1.6% 감소한 6320억달러로, 518억달러의 무역 흑자를 기록했다.",주력 수출 품목인 반도체 수출액이 1419억달러로 역대 최대치를 고쳐 쓰면서 수출 증가세를 주도했다.,기존 역대 최대 규모였던 2022년 기록(6836억달러)을 2억달러 웃돌아 역대 최대 수출 실적을 달성했다.,국내공식통계,Y,무역,무역 흑자,"한국, 수출, 수입액, 무역 흑자",-,-,-,,-,-,-,2024,-,Y,확정,518억달러,KOSIS_VALUE,hcx,무역 흑자,-,2024,Y,hcx,현재값,51800000000,-,-,N,달러,수준값,감소,전년,"작년 한국의 수입액은 전년보다 1.6% 감소한 6320억달러로, 518억달러의 무역 흑자를 기록했다.",high,N,-,Y,0,0,HCX-007,v1.6-prev2-context,2026-07-30,수입액,,2024,Y,달러,달러,currency,amount,unspecified,,Y,,
A0018-C005,A0018-C005-m1,A0018,반도체 덕에… 지난해 수출 6838억달러 역대 최대,2025-01-02,https://www.chosun.com/economy/economy_general/2025/01/02/6MYGM52QIVHUJBIZYYFBUW5IQM,작년 흑자 폭은 2018년(697억달러 흑자) 이후 6년 만에 최대다.,"작년 한국의 수입액은 전년보다 1.6% 감소한 6320억달러로, 518억달러의 무역 흑자를 기록했다.",주력 수출 품목인 반도체 수출액이 1419억달러로 역대 최대치를 고쳐 쓰면서 수출 증가세를 주도했다.,국내공식통계,N,무역,흑자 폭,"수출, 흑자, 무역",-,-,-,,-,-,-,2018,-,Y,확정,697억달러,KOSIS_VALUE,hcx,흑자 폭,-,2018,Y,hcx,현재값,69700000000,-,-,N,달러,수준값,-,전년,작년 흑자 폭은 2018년(697억달러 흑자) 이후 6년 만에 최대다.,high,N,-,N,0,0,HCX-007,v1.6-prev2-context,2026-07-30,흑자 폭,,2024,Y,달러,달러,currency,amount,unspecified,,Y,,
A0018-C008,A0018-C008-m1,A0018,반도체 덕에… 지난해 수출 6838억달러 역대 최대,2025-01-02,https://www.chosun.com/economy/economy_general/2025/01/02/6MYGM52QIVHUJBIZYYFBUW5IQM,작년 12월 수출은 613억8000만달러로 1년 전 대비 6.6% 늘어 한 달 전(1.4%)에 비해 오름폭을 키웠다.,작년 수출이 역대 최대 실적을 달성한 것은 4개월 연속 둔화세를 보이던 수출이 지난달 선방했기 때문이다.,무역수지는 반도체 수출 부진 여파로 2022·2023년 2년 연속 적자를 봤다가 작년에 3년 만에 다시 흑자로 돌아섰다.,국내공식통계,Y,무역,수출액,"반도체, 수출, 무역수지, 흑자",-,-,-,반도체,-,-,-,2024,-,Y,확정,613억8000만달러,KOSIS_VALUE,hcx,수출액,반도체,2024,Y,hcx,현재값,61380000000,-,-,N,달러,수준값,증가,전년,작년 12월 수출은 613억8000만달러로 1년 전 대비 6.6% 늘어 한 달 전(1.4%)에 비해 오름폭을 키웠다.,high,N,-,Y,0,0,HCX-007,v1.6-prev2-context,2026-07-30,수출액,반도체,2024,Y,달러,달러,currency,amount,item,,Y,,
A0018-C008,A0018-C008-m2,A0018,반도체 덕에… 지난해 수출 6838억달러 역대 최대,2025-01-02,https://www.chosun.com/economy/economy_general/2025/01/02/6MYGM52QIVHUJBIZYYFBUW5IQM,작년 12월 수출은 613억8000만달러로 1년 전 대비 6.6% 늘어 한 달 전(1.4%)에 비해 오름폭을 키웠다.,작년 수출이 역대 최대 실적을 달성한 것은 4개월 연속 둔화세를 보이던 수출이 지난달 선방했기 때문이다.,무역수지는 반도체 수출 부진 여파로 2022·2023년 2년 연속 적자를 봤다가 작년에 3년 만에 다시 흑자로 돌아섰다.,국내공식통계,Y,무역,수출 증가율,"반도체, 수출, 무역수지, 흑자",-,-,-,반도체,-,-,-,2024,-,Y,확정,6.6%,KOSIS_VALUE,hcx,수출 증가율,반도체,2024,Y,hcx,현재값,6.6,-,-,N,%,증감률,증가,전월,작년 12월 수출은 613억8000만달러로 1년 전 대비 6.6% 늘어 한 달 전(1.4%)에 비해 오름폭을 키웠다.,high,N,-,Y,0,0,HCX-007,v1.6-prev2-context,2026-07-30,수출액,반도체,2024,Y,%,%,rate,rate_change,item,,Y,,
A0018-C008,A0018-C008-m4,A0018,반도체 덕에… 지난해 수출 6838억달러 역대 최대,2025-01-02,https://www.chosun.com/economy/economy_general/2025/01/02/6MYGM52QIVHUJBIZYYFBUW5IQM,작년 12월 수출은 613억8000만달러로 1년 전 대비 6.6% 늘어 한 달 전(1.4%)에 비해 오름폭을 키웠다.,작년 수출이 역대 최대 실적을 달성한 것은 4개월 연속 둔화세를 보이던 수출이 지난달 선방했기 때문이다.,무역수지는 반도체 수출 부진 여파로 2022·2023년 2년 연속 적자를 봤다가 작년에 3년 만에 다시 흑자로 돌아섰다.,국내공식통계,Y,무역,수출 증가율,"반도체, 수출, 무역수지, 흑자",-,-,-,반도체,-,-,-,2024,-,Y,확정,1.4%,KOSIS_VALUE,hcx,수출 증가율,반도체,2024,Y,hcx,참고값,1.4,-,-,N,%,증감률,증가,전월,작년 12월 수출은 613억8000만달러로 1년 전 대비 6.6% 늘어 한 달 전(1.4%)에 비해 오름폭을 키웠다.,high,N,-,Y,0,0,HCX-007,v1.6-prev2-context,2026-07-30,수출액,반도체,2024,Y,%,%,rate,rate_change,item,,Y,,
A0018-C010,A0018-C010-m2,A0018,반도체 덕에… 지난해 수출 6838억달러 역대 최대,2025-01-02,https://www.chosun.com/economy/economy_general/2025/01/02/6MYGM52QIVHUJBIZYYFBUW5IQM,수출 증가율은 작년 8월(10.9%)부터 11월까지 꺾이다가 지난달 들어 반도체 수출이 31.5% 불어나며 오름세로 돌아섰다.,지난달 수출액은 월간 기준으로 역대 최고치다.,작년 12월 수출은 613억8000만달러로 1년 전 대비 6.6% 늘어 한 달 전(1.4%)에 비해 오름폭을 키웠다.,국내공식통계,Y,무역,수출 증가율,"반도체, 수출액, 수출 증가율",-,-,-,반도체,-,-,-,2024,-,M,확정,31.5%,KOSIS_VALUE,hcx,수출 증가율,반도체,2024,M,hcx,증감률,31.5,-,-,N,%,증감률,증가,전년동월,수출 증가율은 작년 8월(10.9%)부터 11월까지 꺾이다가 지난달 들어 반도체 수출이 31.5% 불어나며 오름세로 돌아섰다.,high,Y,measurement_binding_fallback:1;measurement_period_ungrounded:1,N,0,1,HCX-007,v1.6-prev2-context,2026-07-30,수출액,반도체,2024,M,%,%,rate,rate_change,item,2023,Y,,
A0020-C018,A0020-C018-m2,A0020,채용·인력배치 로봇 혁명… “관리·설계직 더 뽑고 야근도 확 줄어”,2025-01-02,https://www.chosun.com/economy/economy_general/2025/01/02/A7CI5RF3WNDZ3IYINXCYLMBVS4,2016년 135명이던 직원은 현재는 120명 정도다.,3300여㎡(1000평)가량 공장을 증축했다.,그 과정에서 직원 수는 줄었지만 생산량은 더 늘었다.,국내공식통계,N,고용,직원 수,"채용, 인력배치, 로봇, 관리, 설계직, 야근",-,-,-,,-,-,-,2016,-,Y,확정,135명,KOSIS_VALUE,hcx,직원 수,-,2016,Y,hcx,이전값,135,-,-,N,명,수준값,-,전년,"""2016년 135명이던 직원은 현재는 120명 정도다.""",high,Y,measurement_binding_fallback:1;measurement_period_ungrounded:1,N,0,1,HCX-007,v1.6-prev2-context,2026-07-30,직원 수,,2025,Y,명,명,person_count,count,unspecified,,Y,,
A0020-C023,A0020-C023-m1,A0020,채용·인력배치 로봇 혁명… “관리·설계직 더 뽑고 야근도 확 줄어”,2025-01-02,https://www.chosun.com/economy/economy_general/2025/01/02/A7CI5RF3WNDZ3IYINXCYLMBVS4,한국로봇산업진흥원에 따르면 로봇화에 뛰어든 우리 기업은 2524곳(2023년 기준)으로 2019년보다 13%가량 증가했다.,기업들의 로봇 도입과 신기술 투자는 늘어나는 추세다.,로봇 한 대를 들여놓으면 직원 10명 몫을 하니 인력을 더 뽑지 않아도 생산량을 늘릴 방법을 찾을 수 있게 됐다는 뜻이다.,국내공식통계,N,고용,로봇화에 뛰어든 기업 수,"로봇, 기업, 고용",-,-,-,,-,-,-,2019,-,Y,확정,13%가량,KOSIS_VALUE,hcx,로봇화에 뛰어든 기업 수,-,2019,Y,hcx,증감률,13,-,-,Y,%,증감률,증가,전년,한국로봇산업진흥원에 따르면 로봇화에 뛰어든 우리 기업은 2524곳(2023년 기준)으로 2019년보다 13%가량 증가했다.,high,N,-,N,0,0,HCX-007,v1.6-prev2-context,2026-07-30,로봇화에 뛰어든 기업 수,,2023,Y,%,%,rate,rate_change,organization,2018,Y,,
A0020-C028,A0020-C028-m1,A0020,채용·인력배치 로봇 혁명… “관리·설계직 더 뽑고 야근도 확 줄어”,2025-01-02,https://www.chosun.com/economy/economy_general/2025/01/02/A7CI5RF3WNDZ3IYINXCYLMBVS4,"작년 한국산업단지공단이 경남 창원 산단을 중심으로 실시한 조사에 따르면, 이곳 중소제조업체의 40.7%는 “자금 조달이 어렵다”고 대답했다.","로봇화에 뒤처질수록 인건비에 허덕여 매출과 생산율을 올리기 쉽지 않고, 로봇 투자는 더 어려워지는 악순환을 겪는다는 설명이다.","경남 창원의 자동차 부품 업체를 운영하는 하모(58)씨는 “로봇화를 위해 몇억원씩 하는 자금을 조달하는 게 영세기업 입장에선 쉽지 않고, 정부 지원을 받으려고 해도 어느 정도 스마트 공장을 구축한 곳이 먼저 되기 때문에 디지털 전환율이 낮을수록 로봇화는 더 어렵다”고 말했다.",국내공식통계,N,고용,중소제조업체 자금 조달 어려움 비율,"한국산업단지공단, 경남 창원 산단, 중소제조업체, 자금 조달",-,-,-,,-,-,-,2024,-,Y,확정,40.7%,KOSIS_VALUE,hcx,중소제조업체 자금 조달 어려움 비율,-,2024,Y,hcx,현재값,40.7,-,-,N,%,비중,-,전년,"작년 한국산업단지공단이 경남 창원 산단을 중심으로 실시한 조사에 따르면, 이곳 중소제조업체의 40.7%는 ""자금 조달이 어렵다""고 대답했다.",high,N,-,N,0,0,HCX-007,v1.6-prev2-context,2026-07-30,중소제조업체 자금 조달 어려움 비율,,2024,Y,%,%,rate,rate_level,organization,,Y,,
A0020-C032,A0020-C032-m2,A0020,채용·인력배치 로봇 혁명… “관리·설계직 더 뽑고 야근도 확 줄어”,2025-01-02,https://www.chosun.com/economy/economy_general/2025/01/02/A7CI5RF3WNDZ3IYINXCYLMBVS4,"대기업이 신기술을 도입한 경우는 24.5%, 중소기업(50인 이상 300인 미만)의 신기술 도입률은 12.1% 정도였다.","작년 중기중앙회와 통계청에 따르면, 로봇 및 인공지능(AI) 등 신기술 도입률은 대기업과 중소기업 간 두 배 이상 차이가 났다.",대기업과 중소기업의 신기술 도입률 격차도 아직 크다.,국내공식통계,N,고용,신기술 도입률,"로봇, 인공지능, 신기술 도입률, 대기업, 중소기업",-,-,-,중소기업,-,-,-,2024,-,Y,확정,12.1%,KOSIS_VALUE,hcx,신기술 도입률,중소기업,2024,Y,hcx,현재값,12.1,-,-,N,%,비중,-,전년,"대기업이 신기술을 도입한 경우는 24.5%, 중소기업(50인 이상 300인 미만)의 신기술 도입률은 12.1% 정도였다.",high,N,-,N,0,0,HCX-007,v1.6-prev2-context,2026-07-30,신기술 도입률,,2024,Y,%,%,rate,level,item,,Y,,
A0023-C006,A0023-C006-m2,A0023,정부 “올해 경제성장률 1.8%”… 한은 전망보다 더 낮췄다,2025-01-02,https://www.chosun.com/economy/economy_general/2025/01/02/FWT5PD42TZED7JTIXYCIECCFRE,이런 가운데 정부는 소비자 물가 상승률도 한국은행의 물가 안정 목표치(2%)보다 낮은 1.8%로 내다봤다.,정부의 올해 성장률 전망치는 2~2.1%로 추정되는 잠재 성장률(생산 자원을 모두 투입했을 때 물가 상승 없이 최대한 달성할 수 있는 성장률)보다 낮다.,"작년 7월초만 해도 정부는 수출이 살아나면서 내수가 회복될 것으로 기대하고 새해 성장률을 2.2%로 봤었는데, 내수 부진이 장기화하고 비상 계엄과 줄탄핵 등 정치 불확실성이 커지자 6개월 만에 전망치를 0.4%포인트 낮췄다.",국내공식통계,Y,물가,소비자 물가 상승률,"경제성장률, 물가 상승률, 한국은행, 물가 안정 목표치",-,-,-,,-,-,-,2025,-,Y,확정,1.8%,KOSIS_VALUE,hcx,소비자 물가 상승률,-,2025,Y,hcx,현재값,1.8,-,-,N,%,증감률,증가,전년,이런 가운데 정부는 소비자 물가 상승률도 한국은행의 물가 안정 목표치(2%)보다 낮은 1.8%로 내다봤다.,high,N,-,N,0,0,HCX-007,v1.6-prev2-context,2026-07-30,소비자 물가 상승률,,2025,Y,%,%,rate,rate_change,unspecified,2024,Y,,
A0023-C013,A0023-C013-m1,A0023,정부 “올해 경제성장률 1.8%”… 한은 전망보다 더 낮췄다,2025-01-02,https://www.chosun.com/economy/economy_general/2025/01/02/FWT5PD42TZED7JTIXYCIECCFRE,기재부는 우리나라 주력 수출 품목인 메모리반도체의 매출 성장세가 올해 13.4%로 작년(81%)의 16.5% 수준으로 쪼그라들 것이라는 세계반도체무역통계기구(WSTS)의 최근 전망을 인용하기도 했다.,"안덕근 산업통상자원부 장관은 지난달 30일 SK하이닉스 청주캠퍼스에서 열린 반도체 관련 기업 간담회에서 “국내 정치 상황과 미국 트럼프 신정부 출범, 중국의 매서운 추격 등 시장을 둘러싼 불확실성이 크다”고 했었다.",정부가 이날 발표한 새해 수출 증가율 전망치는 6개월 전 전망(6%)과 비교해도 4분의 1 수준이다.,국내공식통계,N,무역,메모리반도체 매출 성장세,"경제성장률, 수출 증가율, 반도체, 메모리반도체, 세계반도체무역통계기구",-,-,-,반도체,-,-,-,2025,-,Y,확정,13.4%,KOSIS_VALUE,hcx,메모리반도체 매출 성장세,반도체,2025,Y,hcx,현재값,13.4,-,-,N,%,수준값,-,전년,"""기재부는 우리나라 주력 수출 품목인 메모리반도체의 매출 성장세가 올해 13.4%로 작년(81%)의 16.5% 수준으로 쪼그라들 것이라는 세계반도체무역통계기구(WSTS)의 최근 전망을 인용하기도 했다.""",high,N,-,N,0,0,HCX-007,v1.6-prev2-context,2026-07-30,메모리반도체 매출 성장세,반도체,2025,Y,%,%,rate,level,item,,Y,,
A0023-C013,A0023-C013-m2,A0023,정부 “올해 경제성장률 1.8%”… 한은 전망보다 더 낮췄다,2025-01-02,https://www.chosun.com/economy/economy_general/2025/01/02/FWT5PD42TZED7JTIXYCIECCFRE,기재부는 우리나라 주력 수출 품목인 메모리반도체의 매출 성장세가 올해 13.4%로 작년(81%)의 16.5% 수준으로 쪼그라들 것이라는 세계반도체무역통계기구(WSTS)의 최근 전망을 인용하기도 했다.,"안덕근 산업통상자원부 장관은 지난달 30일 SK하이닉스 청주캠퍼스에서 열린 반도체 관련 기업 간담회에서 “국내 정치 상황과 미국 트럼프 신정부 출범, 중국의 매서운 추격 등 시장을 둘러싼 불확실성이 크다”고 했었다.",정부가 이날 발표한 새해 수출 증가율 전망치는 6개월 전 전망(6%)과 비교해도 4분의 1 수준이다.,국내공식통계,N,무역,메모리반도체 매출 성장세,"경제성장률, 수출 증가율, 반도체, 메모리반도체, 세계반도체무역통계기구",-,-,-,반도체,-,-,-,2024,-,Y,확정,81%,KOSIS_VALUE,hcx,메모리반도체 매출 성장세,반도체,2024,Y,hcx,이전값,81,-,-,N,%,수준값,-,전년,"""기재부는 우리나라 주력 수출 품목인 메모리반도체의 매출 성장세가 올해 13.4%로 작년(81%)의 16.5% 수준으로 쪼그라들 것이라는 세계반도체무역통계기구(WSTS)의 최근 전망을 인용하기도 했다.""",high,N,-,N,0,0,HCX-007,v1.6-prev2-context,2026-07-30,메모리반도체 매출 성장세,반도체,2025,Y,%,%,rate,level,item,,Y,,
A0023-C013,A0023-C013-m3,A0023,정부 “올해 경제성장률 1.8%”… 한은 전망보다 더 낮췄다,2025-01-02,https://www.chosun.com/economy/economy_general/2025/01/02/FWT5PD42TZED7JTIXYCIECCFRE,기재부는 우리나라 주력 수출 품목인 메모리반도체의 매출 성장세가 올해 13.4%로 작년(81%)의 16.5% 수준으로 쪼그라들 것이라는 세계반도체무역통계기구(WSTS)의 최근 전망을 인용하기도 했다.,"안덕근 산업통상자원부 장관은 지난달 30일 SK하이닉스 청주캠퍼스에서 열린 반도체 관련 기업 간담회에서 “국내 정치 상황과 미국 트럼프 신정부 출범, 중국의 매서운 추격 등 시장을 둘러싼 불확실성이 크다”고 했었다.",정부가 이날 발표한 새해 수출 증가율 전망치는 6개월 전 전망(6%)과 비교해도 4분의 1 수준이다.,국내공식통계,N,무역,메모리반도체 매출 성장세,"경제성장률, 수출 증가율, 반도체, 메모리반도체, 세계반도체무역통계기구",-,-,-,반도체,-,-,-,2025,-,Y,확정,16.5%,KOSIS_VALUE,hcx,메모리반도체 매출 성장세,반도체,2025,Y,hcx,증감률,16.5,-,-,N,%,증감률,-,전년,"""기재부는 우리나라 주력 수출 품목인 메모리반도체의 매출 성장세가 올해 13.4%로 작년(81%)의 16.5% 수준으로 쪼그라들 것이라는 세계반도체무역통계기구(WSTS)의 최근 전망을 인용하기도 했다.""",high,N,-,N,0,0,HCX-007,v1.6-prev2-context,2026-07-30,메모리반도체 매출 성장세,반도체,2025,Y,%,%,rate,rate_change,item,2024,Y,,
A0023-C022,A0023-C022-m1,A0023,정부 “올해 경제성장률 1.8%”… 한은 전망보다 더 낮췄다,2025-01-02,https://www.chosun.com/economy/economy_general/2025/01/02/FWT5PD42TZED7JTIXYCIECCFRE,"지난달 30일 발표된 통계청의 ‘11월 산업활동동향’에 따르면, 생산은 작년 9월(-0.4%)·10월(-0.2%)·11월(-0.4%) 등 3개월 연속으로 전월 대비 감소했다.",최근 한달새 나온 각종 경기 지표가 부진한 모습을 보인 점도 정부의 보수적인 경기 전망에 한몫했다.,이창용 한국은행 총재도 같은 달 17일 국회 기획재정위원회 현안질의에서 “현재 통과된 예산안은 경제(성장률)에 마이너스(-) 0.06%포인트정도 영향이 있다”고 말했었다.,국내공식통계,Y,생산·산업,산업활동지수,"산업활동동향, 생산, 전월대비, 감소",-,-,-,,-,-,-,2024Q3,-,Q,확정,0.4%,KOSIS_VALUE,hcx,산업활동지수,-,2024Q3,Q,hcx,증감률,0.4,-,-,N,%,증감률,감소,전분기,"지난달 30일 발표된 통계청의 ‘11월 산업활동동향’에 따르면, 생산은 작년 9월(-0.4%)·10월(-0.2%)·11월(-0.4%) 등 3개월 연속으로 전월 대비 감소했다.",high,N,-,N,0,0,HCX-007,v1.6-prev2-context,2026-07-30,산업활동지수,,2024Q4,Q,%,%,rate,rate_change,unspecified,,Y,,
A0023-C022,A0023-C022-m2,A0023,정부 “올해 경제성장률 1.8%”… 한은 전망보다 더 낮췄다,2025-01-02,https://www.chosun.com/economy/economy_general/2025/01/02/FWT5PD42TZED7JTIXYCIECCFRE,"지난달 30일 발표된 통계청의 ‘11월 산업활동동향’에 따르면, 생산은 작년 9월(-0.4%)·10월(-0.2%)·11월(-0.4%) 등 3개월 연속으로 전월 대비 감소했다.",최근 한달새 나온 각종 경기 지표가 부진한 모습을 보인 점도 정부의 보수적인 경기 전망에 한몫했다.,이창용 한국은행 총재도 같은 달 17일 국회 기획재정위원회 현안질의에서 “현재 통과된 예산안은 경제(성장률)에 마이너스(-) 0.06%포인트정도 영향이 있다”고 말했었다.,국내공식통계,Y,생산·산업,산업활동지수,"산업활동동향, 생산, 전월대비, 감소",-,-,-,,-,-,-,2024Q4,-,Q,확정,0.2%,KOSIS_VALUE,hcx,산업활동지수,-,2024Q4,Q,hcx,증감률,0.2,-,-,N,%,증감률,감소,전분기,"지난달 30일 발표된 통계청의 ‘11월 산업활동동향’에 따르면, 생산은 작년 9월(-0.4%)·10월(-0.2%)·11월(-0.4%) 등 3개월 연속으로 전월 대비 감소했다.",high,N,-,N,0,0,HCX-007,v1.6-prev2-context,2026-07-30,산업활동지수,,2024Q4,Q,%,%,rate,rate_change,unspecified,,Y,,
A0023-C023,A0023-C023-m1,A0023,정부 “올해 경제성장률 1.8%”… 한은 전망보다 더 낮췄다,2025-01-02,https://www.chosun.com/economy/economy_general/2025/01/02/FWT5PD42TZED7JTIXYCIECCFRE,설비투자도 작년 10월(-5.9%)·11월(-1.6%) 등 2달 연속 감소했다.,"지난달 30일 발표된 통계청의 ‘11월 산업활동동향’에 따르면, 생산은 작년 9월(-0.4%)·10월(-0.2%)·11월(-0.4%) 등 3개월 연속으로 전월 대비 감소했다.",최근 한달새 나온 각종 경기 지표가 부진한 모습을 보인 점도 정부의 보수적인 경기 전망에 한몫했다.,국내공식통계,Y,생산·산업,설비투자 증감률,"경제성장률, 산업활동동향, 설비투자",-,-,-,,-,-,-,202410,-,M,확정,5.9%,KOSIS_VALUE,hcx,설비투자 증감률,-,202410,M,hcx,증감률,5.9,-,-,N,%,증감률,감소,전월,설비투자도 작년 10월(-5.9%)·11월(-1.6%) 등 2달 연속 감소했다.,high,N,-,N,0,0,HCX-007,v1.6-prev2-context,2026-07-30,설비투자 증감률,,202410,M,%,%,rate,rate_change,unspecified,202409,Y,,
A0023-C023,A0023-C023-m2,A0023,정부 “올해 경제성장률 1.8%”… 한은 전망보다 더 낮췄다,2025-01-02,https://www.chosun.com/economy/economy_general/2025/01/02/FWT5PD42TZED7JTIXYCIECCFRE,설비투자도 작년 10월(-5.9%)·11월(-1.6%) 등 2달 연속 감소했다.,"지난달 30일 발표된 통계청의 ‘11월 산업활동동향’에 따르면, 생산은 작년 9월(-0.4%)·10월(-0.2%)·11월(-0.4%) 등 3개월 연속으로 전월 대비 감소했다.",최근 한달새 나온 각종 경기 지표가 부진한 모습을 보인 점도 정부의 보수적인 경기 전망에 한몫했다.,국내공식통계,Y,생산·산업,설비투자 증감률,"경제성장률, 산업활동동향, 설비투자",-,-,-,,-,-,-,202411,-,M,확정,1.6%,KOSIS_VALUE,hcx,설비투자 증감률,-,202411,M,hcx,증감률,1.6,-,-,N,%,증감률,감소,전월,설비투자도 작년 10월(-5.9%)·11월(-1.6%) 등 2달 연속 감소했다.,high,N,-,N,0,0,HCX-007,v1.6-prev2-context,2026-07-30,설비투자 증감률,,202410,M,%,%,rate,rate_change,unspecified,202410,Y,,
A0023-C024,A0023-C024-m1,A0023,정부 “올해 경제성장률 1.8%”… 한은 전망보다 더 낮췄다,2025-01-02,https://www.chosun.com/economy/economy_general/2025/01/02/FWT5PD42TZED7JTIXYCIECCFRE,특히 건축·토목 공사 실적을 뜻하는 건설기성은 작년 11월 0.2% 감소해 5월(-4.6%)부터 7개월 연속 마이너스 행진을 이어갔다.,설비투자도 작년 10월(-5.9%)·11월(-1.6%) 등 2달 연속 감소했다.,"지난달 30일 발표된 통계청의 ‘11월 산업활동동향’에 따르면, 생산은 작년 9월(-0.4%)·10월(-0.2%)·11월(-0.4%) 등 3개월 연속으로 전월 대비 감소했다.",국내공식통계,Y,생산·산업,건설기성,"건축·토목 공사 실적, 산업활동동향",-,-,-,,-,-,-,2024Q4,-,Q,확정,0.2%,KOSIS_VALUE,hcx,건설기성,-,2024Q4,Q,hcx,증감률,0.2,-,-,N,%,증감률,감소,전년동기,특히 건축·토목 공사 실적을 뜻하는 건설기성은 작년 11월 0.2% 감소해 5월(-4.6%)부터 7개월 연속 마이너스 행진을 이어갔다.,high,N,-,N,0,0,HCX-007,v1.6-prev2-context,2026-07-30,건설기성 증감률,,2024Q4,Q,%,%,rate,rate_change,unspecified,2023,Y,,
A0023-C024,A0023-C024-m2,A0023,정부 “올해 경제성장률 1.8%”… 한은 전망보다 더 낮췄다,2025-01-02,https://www.chosun.com/economy/economy_general/2025/01/02/FWT5PD42TZED7JTIXYCIECCFRE,특히 건축·토목 공사 실적을 뜻하는 건설기성은 작년 11월 0.2% 감소해 5월(-4.6%)부터 7개월 연속 마이너스 행진을 이어갔다.,설비투자도 작년 10월(-5.9%)·11월(-1.6%) 등 2달 연속 감소했다.,"지난달 30일 발표된 통계청의 ‘11월 산업활동동향’에 따르면, 생산은 작년 9월(-0.4%)·10월(-0.2%)·11월(-0.4%) 등 3개월 연속으로 전월 대비 감소했다.",국내공식통계,Y,생산·산업,건설기성,"건축·토목 공사 실적, 산업활동동향",-,-,-,,-,-,-,2024Q4,-,Q,확정,4.6%,KOSIS_VALUE,hcx,건설기성,-,2024Q4,Q,hcx,증감률,4.6,-,-,N,%,증감률,감소,전년동기,특히 건축·토목 공사 실적을 뜻하는 건설기성은 작년 11월 0.2% 감소해 5월(-4.6%)부터 7개월 연속 마이너스 행진을 이어갔다.,high,N,-,N,0,0,HCX-007,v1.6-prev2-context,2026-07-30,건설기성 증감률,,2024Q4,Q,%,%,rate,rate_change,unspecified,2023,Y,,
A0023-C025,A0023-C025-m1,A0023,정부 “올해 경제성장률 1.8%”… 한은 전망보다 더 낮췄다,2025-01-02,https://www.chosun.com/economy/economy_general/2025/01/02/FWT5PD42TZED7JTIXYCIECCFRE,소비 지표인 소매판매는 9월(-0.3%)과 10월(-0.8%) 2달 연속 감소하다가 11월 0.4% 증가세로 돌아섰다.,특히 건축·토목 공사 실적을 뜻하는 건설기성은 작년 11월 0.2% 감소해 5월(-4.6%)부터 7개월 연속 마이너스 행진을 이어갔다.,설비투자도 작년 10월(-5.9%)·11월(-1.6%) 등 2달 연속 감소했다.,국내공식통계,Y,소매·소비,소매판매,"경제성장률, 설비투자, 건설기성, 소매판매",-,-,-,,-,-,-,2024Q3,-,Q,확정,0.3%,KOSIS_VALUE,hcx,소매판매,-,2024Q3,Q,hcx,증감률,0.3,-,-,N,%,증감률,감소,전분기,소매판매는 9월(-0.3%)과 10월(-0.8%) 2달 연속 감소하다가 11월 0.4% 증가세로 돌아섰다.,high,N,-,N,0,0,HCX-007,v1.6-prev2-context,2026-07-30,소매판매 증감률,,2024Q3,Q,%,%,rate,rate_change,unspecified,,Y,,
A0023-C025,A0023-C025-m2,A0023,정부 “올해 경제성장률 1.8%”… 한은 전망보다 더 낮췄다,2025-01-02,https://www.chosun.com/economy/economy_general/2025/01/02/FWT5PD42TZED7JTIXYCIECCFRE,소비 지표인 소매판매는 9월(-0.3%)과 10월(-0.8%) 2달 연속 감소하다가 11월 0.4% 증가세로 돌아섰다.,특히 건축·토목 공사 실적을 뜻하는 건설기성은 작년 11월 0.2% 감소해 5월(-4.6%)부터 7개월 연속 마이너스 행진을 이어갔다.,설비투자도 작년 10월(-5.9%)·11월(-1.6%) 등 2달 연속 감소했다.,국내공식통계,Y,소매·소비,소매판매,"경제성장률, 설비투자, 건설기성, 소매판매",-,-,-,,-,-,-,2024Q4,-,Q,확정,0.8%,KOSIS_VALUE,hcx,소매판매,-,2024Q4,Q,hcx,증감률,0.8,-,-,N,%,증감률,감소,전분기,소매판매는 9월(-0.3%)과 10월(-0.8%) 2달 연속 감소하다가 11월 0.4% 증가세로 돌아섰다.,high,N,-,N,0,0,HCX-007,v1.6-prev2-context,2026-07-30,소매판매 증감률,,2024Q3,Q,%,%,rate,rate_change,unspecified,,Y,,
A0023-C025,A0023-C025-m3,A0023,정부 “올해 경제성장률 1.8%”… 한은 전망보다 더 낮췄다,2025-01-02,https://www.chosun.com/economy/economy_general/2025/01/02/FWT5PD42TZED7JTIXYCIECCFRE,소비 지표인 소매판매는 9월(-0.3%)과 10월(-0.8%) 2달 연속 감소하다가 11월 0.4% 증가세로 돌아섰다.,특히 건축·토목 공사 실적을 뜻하는 건설기성은 작년 11월 0.2% 감소해 5월(-4.6%)부터 7개월 연속 마이너스 행진을 이어갔다.,설비투자도 작년 10월(-5.9%)·11월(-1.6%) 등 2달 연속 감소했다.,국내공식통계,Y,소매·소비,소매판매,"경제성장률, 설비투자, 건설기성, 소매판매",-,-,-,,-,-,-,2024Q4,-,Q,확정,0.4%,KOSIS_VALUE,hcx,소매판매,-,2024Q4,Q,hcx,증감률,0.4,-,-,N,%,증감률,증가,전분기,소매판매는 9월(-0.3%)과 10월(-0.8%) 2달 연속 감소하다가 11월 0.4% 증가세로 돌아섰다.,high,N,-,N,0,0,HCX-007,v1.6-prev2-context,2026-07-30,소매판매 증감률,,2024Q3,Q,%,%,rate,rate_change,unspecified,,Y,,
A0023-C026,A0023-C026-m1,A0023,정부 “올해 경제성장률 1.8%”… 한은 전망보다 더 낮췄다,2025-01-02,https://www.chosun.com/economy/economy_general/2025/01/02/FWT5PD42TZED7JTIXYCIECCFRE,다만 11월 소매판매는 전년 동월과 비교하면 1.9% 줄어 부진한 흐름을 이어갔다.,소비 지표인 소매판매는 9월(-0.3%)과 10월(-0.8%) 2달 연속 감소하다가 11월 0.4% 증가세로 돌아섰다.,특히 건축·토목 공사 실적을 뜻하는 건설기성은 작년 11월 0.2% 감소해 5월(-4.6%)부터 7개월 연속 마이너스 행진을 이어갔다.,국내공식통계,Y,소매·소비,소매판매,"경제성장률, 소매판매, 건설기성",-,-,-,,-,-,-,2024Q4,-,Q,확정,1.9%,KOSIS_VALUE,hcx,소매판매,-,2024Q4,Q,hcx,현재값,1.9,-,-,N,%,수준값,감소,전년동기,다만 11월 소매판매는 전년 동월과 비교하면 1.9% 줄어 부진한 흐름을 이어갔다.,high,N,-,N,0,0,HCX-007,v1.6-prev2-context,2026-07-30,소매판매,,2024Q4,Q,%,%,rate,level,unspecified,,Y,,
A0023-C031,A0023-C031-m1,A0023,정부 “올해 경제성장률 1.8%”… 한은 전망보다 더 낮췄다,2025-01-02,https://www.chosun.com/economy/economy_general/2025/01/02/FWT5PD42TZED7JTIXYCIECCFRE,"◇물가 상승률 전망도 물가안정 목표 밑돌아 정부는 올해 소비자 물가 상승률도 1.8%로 전망해, 6개월 전 전망치(2.1%)보다 0.3%포인트 낮춰잡았다.",경기가 일시적으로 나쁜 것이 아니라 성장률이 경제의 기초 체력을 뜻하는 잠재 성장률에도 미치지 못하는 저성장 터널로 들어서고 있다는 우려가 나온다.,"정부의 작년 성장률 전망치는 2.2%로 주요 기관의 잠재 성장률 추정치를 웃돌지만, 내년 전망치는 잠재 성장률에 못 미친다.",국내공식통계,Y,물가,물가 상승률,"경제성장률, 소비자 물가 상승률, 잠재 성장률",-,-,-,,-,-,-,2025,-,Y,확정,1.8%,KOSIS_VALUE,hcx,물가 상승률,-,2025,Y,hcx,현재값,1.8,-,-,N,%,증감률,증가,전년,"◇물가 상승률 전망도 물가안정 목표 밑돌아 정부는 올해 소비자 물가 상승률도 1.8%로 전망해, 6개월 전 전망치(2.1%)보다 0.3%포인트 낮춰잡았다.",high,Y,measurement_rule_fallback:1,Y,1,0,HCX-007,v1.6-prev2-context,2026-07-30,물가 상승률,,2025,Y,%,%,rate,rate_change,unspecified,2024,Y,,
A0023-C031,A0023-C031-m2,A0023,정부 “올해 경제성장률 1.8%”… 한은 전망보다 더 낮췄다,2025-01-02,https://www.chosun.com/economy/economy_general/2025/01/02/FWT5PD42TZED7JTIXYCIECCFRE,"◇물가 상승률 전망도 물가안정 목표 밑돌아 정부는 올해 소비자 물가 상승률도 1.8%로 전망해, 6개월 전 전망치(2.1%)보다 0.3%포인트 낮춰잡았다.",경기가 일시적으로 나쁜 것이 아니라 성장률이 경제의 기초 체력을 뜻하는 잠재 성장률에도 미치지 못하는 저성장 터널로 들어서고 있다는 우려가 나온다.,"정부의 작년 성장률 전망치는 2.2%로 주요 기관의 잠재 성장률 추정치를 웃돌지만, 내년 전망치는 잠재 성장률에 못 미친다.",국내공식통계,Y,물가,물가 상승률,"경제성장률, 소비자 물가 상승률, 잠재 성장률",-,-,-,,-,-,-,2024,-,Y,확정,2.1%,KOSIS_VALUE,hcx,물가 상승률,-,2024,Y,hcx,이전값,2.1,-,-,N,%,증감률,증가,전년,"◇물가 상승률 전망도 물가안정 목표 밑돌아 정부는 올해 소비자 물가 상승률도 1.8%로 전망해, 6개월 전 전망치(2.1%)보다 0.3%포인트 낮춰잡았다.",high,Y,measurement_rule_fallback:1,Y,1,0,HCX-007,v1.6-prev2-context,2026-07-30,물가 상승률,,2025,Y,%,%,rate,rate_change,unspecified,2023,Y,,
A0023-C031,A0023-C031-m3,A0023,정부 “올해 경제성장률 1.8%”… 한은 전망보다 더 낮췄다,2025-01-02,https://www.chosun.com/economy/economy_general/2025/01/02/FWT5PD42TZED7JTIXYCIECCFRE,"◇물가 상승률 전망도 물가안정 목표 밑돌아 정부는 올해 소비자 물가 상승률도 1.8%로 전망해, 6개월 전 전망치(2.1%)보다 0.3%포인트 낮춰잡았다.",경기가 일시적으로 나쁜 것이 아니라 성장률이 경제의 기초 체력을 뜻하는 잠재 성장률에도 미치지 못하는 저성장 터널로 들어서고 있다는 우려가 나온다.,"정부의 작년 성장률 전망치는 2.2%로 주요 기관의 잠재 성장률 추정치를 웃돌지만, 내년 전망치는 잠재 성장률에 못 미친다.",국내공식통계,Y,물가,물가 상승률 변화폭,"경제성장률, 소비자 물가 상승률, 잠재 성장률",-,-,-,,-,-,-,2025,-,Y,확정,0.3%포인트,KOSIS_VALUE,hcx,물가 상승률 변화폭,-,2025,Y,hcx,증감률,0.3,-,-,N,%,증감률,감소,전년,"◇물가 상승률 전망도 물가안정 목표 밑돌아 정부는 올해 소비자 물가 상승률도 1.8%로 전망해, 6개월 전 전망치(2.1%)보다 0.3%포인트 낮춰잡았다.",high,Y,measurement_rule_fallback:1,Y,1,0,HCX-007,v1.6-prev2-context,2026-07-30,물가 상승률,,2025,Y,%,%,rate,rate_change,unspecified,2024,Y,,
A0023-C033,A0023-C033-m1,A0023,정부 “올해 경제성장률 1.8%”… 한은 전망보다 더 낮췄다,2025-01-02,https://www.chosun.com/economy/economy_general/2025/01/02/FWT5PD42TZED7JTIXYCIECCFRE,정부 전망대로 1%대 물가 상승률이 현실화활 경우 코로나 대유행 여파로 물가 상승률이 0.5%에 그쳤던 2020년 이후 5년 만에 처음으로 한국은행의 물가 안정 목표치를 밑돌게 된다.,작년 11월말 한국은행 전망치(1.9%)보다도 0.1%포인트 낮다.,"◇물가 상승률 전망도 물가안정 목표 밑돌아 정부는 올해 소비자 물가 상승률도 1.8%로 전망해, 6개월 전 전망치(2.1%)보다 0.3%포인트 낮춰잡았다.",국내공식통계,N,물가,물가 상승률,"경제성장률, 물가 상승률, 한국은행, 물가 안정 목표",-,-,-,,-,-,-,2025,-,Y,확정,1%,KOSIS_VALUE,hcx,물가 상승률,-,2025,Y,hcx,증감률,1,-,-,N,%,증감률,증가,전년,정부 전망대로 1%대 물가 상승률이 현실화활 경우 코로나 대유행 여파로 물가 상승률이 0.5%에 그쳤던 2020년 이후 5년 만에 처음으로 한국은행의 물가 안정 목표치를 밑돌게 된다.,high,N,-,N,0,0,HCX-007,v1.6-prev2-context,2026-07-30,물가 상승률,,2025,Y,%,%,rate,rate_change,unspecified,2024,Y,,
A0023-C033,A0023-C033-m2,A0023,정부 “올해 경제성장률 1.8%”… 한은 전망보다 더 낮췄다,2025-01-02,https://www.chosun.com/economy/economy_general/2025/01/02/FWT5PD42TZED7JTIXYCIECCFRE,정부 전망대로 1%대 물가 상승률이 현실화활 경우 코로나 대유행 여파로 물가 상승률이 0.5%에 그쳤던 2020년 이후 5년 만에 처음으로 한국은행의 물가 안정 목표치를 밑돌게 된다.,작년 11월말 한국은행 전망치(1.9%)보다도 0.1%포인트 낮다.,"◇물가 상승률 전망도 물가안정 목표 밑돌아 정부는 올해 소비자 물가 상승률도 1.8%로 전망해, 6개월 전 전망치(2.1%)보다 0.3%포인트 낮춰잡았다.",국내공식통계,N,물가,물가 상승률,"경제성장률, 물가 상승률, 한국은행, 물가 안정 목표",-,-,-,,-,-,-,2020,-,Y,확정,0.5%,KOSIS_VALUE,hcx,물가 상승률,-,2020,Y,hcx,증감률,0.5,-,-,N,%,증감률,증가,전년,정부 전망대로 1%대 물가 상승률이 현실화활 경우 코로나 대유행 여파로 물가 상승률이 0.5%에 그쳤던 2020년 이후 5년 만에 처음으로 한국은행의 물가 안정 목표치를 밑돌게 된다.,high,N,-,N,0,0,HCX-007,v1.6-prev2-context,2026-07-30,물가 상승률,,2025,Y,%,%,rate,rate_change,unspecified,2019,Y,,
A0023-C038,A0023-C038-m1,A0023,정부 “올해 경제성장률 1.8%”… 한은 전망보다 더 낮췄다,2025-01-02,https://www.chosun.com/economy/economy_general/2025/01/02/FWT5PD42TZED7JTIXYCIECCFRE,"올해 취업자 수 증가폭은 작년(17만명·정부 전망치)보다 5만명 줄어든 것으로, 코로나로 취업자 수가 21만8000명 줄어든 2020년 이후 가장 낮은 증가폭이다.",저출산·고령화 장기화로 생산연령인구(15~64세)가 줄어드는 가운데 경기 부진세가 이어지면서 올해 취업자 수도 12만명 늘어나는 데 그칠 것으로 정부는 전망했다.,성장률과 물가 상승률이 모두 2%를 밑돈 경우는 2020년이 마지막이었다.,국내공식통계,Y,고용,취업자 수 증가폭,"경제성장률, 물가 상승률, 생산연령인구, 취업자 수",-,-,-,,-,-,-,2024,-,Y,확정,17만명,KOSIS_VALUE,hcx,취업자 수 증가폭,-,2024,Y,hcx,이전값,170000,-,-,N,명,수준값,증가,전년,"올해 취업자 수 증가폭은 작년(17만명·정부 전망치)보다 5만명 줄어든 것으로, 코로나로 취업자 수가 21만8000명 줄어든 2020년 이후 가장 낮은 증가폭이다.",high,N,-,Y,0,0,HCX-007,v1.6-prev2-context,2026-07-30,취업자 수 증가폭,,2025,Y,명,명,person_count,count,person,,Y,,
A0023-C038,A0023-C038-m2,A0023,정부 “올해 경제성장률 1.8%”… 한은 전망보다 더 낮췄다,2025-01-02,https://www.chosun.com/economy/economy_general/2025/01/02/FWT5PD42TZED7JTIXYCIECCFRE,"올해 취업자 수 증가폭은 작년(17만명·정부 전망치)보다 5만명 줄어든 것으로, 코로나로 취업자 수가 21만8000명 줄어든 2020년 이후 가장 낮은 증가폭이다.",저출산·고령화 장기화로 생산연령인구(15~64세)가 줄어드는 가운데 경기 부진세가 이어지면서 올해 취업자 수도 12만명 늘어나는 데 그칠 것으로 정부는 전망했다.,성장률과 물가 상승률이 모두 2%를 밑돈 경우는 2020년이 마지막이었다.,국내공식통계,Y,고용,취업자 수 증가폭,"경제성장률, 물가 상승률, 생산연령인구, 취업자 수",-,-,-,,-,-,-,2025,-,Y,확정,5만명,KOSIS_VALUE,hcx,취업자 수 증가폭,-,2025,Y,hcx,증감값,50000,-,-,N,명,수준값,감소,전년,"올해 취업자 수 증가폭은 작년(17만명·정부 전망치)보다 5만명 줄어든 것으로, 코로나로 취업자 수가 21만8000명 줄어든 2020년 이후 가장 낮은 증가폭이다.",high,N,-,Y,0,0,HCX-007,v1.6-prev2-context,2026-07-30,취업자 수 증가폭,,2025,Y,명,명,person_count,count,person,,Y,,
A0023-C038,A0023-C038-m3,A0023,정부 “올해 경제성장률 1.8%”… 한은 전망보다 더 낮췄다,2025-01-02,https://www.chosun.com/economy/economy_general/2025/01/02/FWT5PD42TZED7JTIXYCIECCFRE,"올해 취업자 수 증가폭은 작년(17만명·정부 전망치)보다 5만명 줄어든 것으로, 코로나로 취업자 수가 21만8000명 줄어든 2020년 이후 가장 낮은 증가폭이다.",저출산·고령화 장기화로 생산연령인구(15~64세)가 줄어드는 가운데 경기 부진세가 이어지면서 올해 취업자 수도 12만명 늘어나는 데 그칠 것으로 정부는 전망했다.,성장률과 물가 상승률이 모두 2%를 밑돈 경우는 2020년이 마지막이었다.,국내공식통계,Y,고용,취업자 수 감소폭,"경제성장률, 물가 상승률, 생산연령인구, 취업자 수",-,-,-,,-,-,-,2020,-,Y,확정,21만8000명,KOSIS_VALUE,hcx,취업자 수 감소폭,-,2020,Y,hcx,참고값,218000,-,-,N,명,수준값,감소,특정시점,"올해 취업자 수 증가폭은 작년(17만명·정부 전망치)보다 5만명 줄어든 것으로, 코로나로 취업자 수가 21만8000명 줄어든 2020년 이후 가장 낮은 증가폭이다.",high,N,-,Y,0,0,HCX-007,v1.6-prev2-context,2026-07-30,취업자 수 증가폭,,2025,Y,명,명,person_count,count,person,,Y,,
A0024-C001,A0024-C001-m1,A0024,"정부, 작년 세수 부족으로 韓銀서 170조원 빌려 썼다",2025-01-02,https://www.chosun.com/economy/economy_general/2025/01/02/LYWZZSQ6I5AVJDNTRW6KAK6ORY,정부가 지난해 세수 부족으로 한국은행에서 170조원 넘는 돈을 빌려 쓴 것으로 나타났다.,,,국내공식통계,N,재정·조세,정부 차입금,"정부, 세수 부족, 한국은행, 차입금",-,-,-,,-,-,-,2024,-,Y,확정,170조원,KOSIS_VALUE,hcx,정부 차입금,-,2024,Y,hcx,현재값,170000000000000,-,-,N,원,수준값,-,전년,정부가 지난해 세수 부족으로 한국은행에서 170조원 넘는 돈을 빌려 쓴 것으로 나타났다.,high,N,-,N,0,0,HCX-007,v1.6-prev2-context,2026-07-30,정부 차입금,,2024,Y,원,원,currency,amount,unspecified,,Y,,
A0024-C002,A0024-C002-m1,A0024,"정부, 작년 세수 부족으로 韓銀서 170조원 빌려 썼다",2025-01-02,https://www.chosun.com/economy/economy_general/2025/01/02/LYWZZSQ6I5AVJDNTRW6KAK6ORY,"1일 더불어민주당 임광현 의원이 한은에서 제출받은 자료에 따르면, 정부는 지난해 한은에서 누적으로 따져 총 173조원을 일시 차입했다.",정부가 지난해 세수 부족으로 한국은행에서 170조원 넘는 돈을 빌려 쓴 것으로 나타났다.,,국내공식통계,N,재정·조세,정부 차입금,"정부, 세수 부족, 한국은행, 차입",-,-,-,,-,-,-,2024,-,Y,확정,173조원,KOSIS_VALUE,hcx,정부 차입금,-,2024,Y,hcx,현재값,173000000000000,-,-,N,원,수준값,-,전년,정부가 지난해 세수 부족으로 한국은행에서 누적으로 따져 총 173조원을 일시 차입했다.,high,N,-,N,0,0,HCX-007,v1.6-prev2-context,2026-07-30,정부 차입금,,2024,Y,원,원,currency,amount,unspecified,,Y,,
A0024-C004,A0024-C004-m1,A0024,"정부, 작년 세수 부족으로 韓銀서 170조원 빌려 썼다",2025-01-02,https://www.chosun.com/economy/economy_general/2025/01/02/LYWZZSQ6I5AVJDNTRW6KAK6ORY,종전 최대인 2023년의 117조6000억원보다 47% 늘었다.,이는 관련 통계를 확인할 수 있는 2011년 이후 역대 최대 규모다.,"1일 더불어민주당 임광현 의원이 한은에서 제출받은 자료에 따르면, 정부는 지난해 한은에서 누적으로 따져 총 173조원을 일시 차입했다.",국내공식통계,N,재정·조세,정부 한국은행 차입금,"한국은행, 차입금, 재정, 조세",-,-,-,,-,-,-,2023,-,Y,확정,117조6000억원,KOSIS_VALUE,hcx,정부 한국은행 차입금,-,2023,Y,hcx,이전값,117600000000000,-,-,N,원,수준값,증가,전년,종전 최대인 2023년의 117조6000억원보다 47% 늘었다.,high,N,-,N,0,0,HCX-007,v1.6-prev2-context,2026-07-30,정부 한국은행 차입금,,2024,Y,원,원,currency,amount,unspecified,,Y,,
A0024-C004,A0024-C004-m2,A0024,"정부, 작년 세수 부족으로 韓銀서 170조원 빌려 썼다",2025-01-02,https://www.chosun.com/economy/economy_general/2025/01/02/LYWZZSQ6I5AVJDNTRW6KAK6ORY,종전 최대인 2023년의 117조6000억원보다 47% 늘었다.,이는 관련 통계를 확인할 수 있는 2011년 이후 역대 최대 규모다.,"1일 더불어민주당 임광현 의원이 한은에서 제출받은 자료에 따르면, 정부는 지난해 한은에서 누적으로 따져 총 173조원을 일시 차입했다.",국내공식통계,N,재정·조세,정부 한국은행 차입금 증가율,"한국은행, 차입금, 재정, 조세",-,-,-,,-,-,-,2023,-,Y,확정,47%,KOSIS_VALUE,hcx,정부 한국은행 차입금 증가율,-,2023,Y,hcx,증감률,47,-,-,N,%,증감률,증가,전년동기,종전 최대인 2023년의 117조6000억원보다 47% 늘었다.,high,N,-,N,0,0,HCX-007,v1.6-prev2-context,2026-07-30,정부 한국은행 차입금,,2024,Y,%,%,rate,rate_change,unspecified,2022,Y,,
A0024-C009,A0024-C009-m1,A0024,"정부, 작년 세수 부족으로 韓銀서 170조원 빌려 썼다",2025-01-02,https://www.chosun.com/economy/economy_general/2025/01/02/LYWZZSQ6I5AVJDNTRW6KAK6ORY,정부의 연간 누적 대출은 2019년 36조5072억원에서 코로나 팬데믹이 터졌던 2020년 102조9130억원으로 크게 뛰었다.,정부가 한은 일시 대출을 많이 받을수록 세출에 비해 세입이 부족해 재원을 임시변통하는 일이 잦아졌다는 의미다.,"개인이 은행에서 마이너스 통장(신용한도 대출)을 열어놓고, 필요할 때 수시로 자금을 꺼내 쓰고 여윳돈이 생기면 갚는 것과 비슷하다.",국내공식통계,N,재정·조세,정부 연간 누적 대출,"정부, 세수 부족, 한국은행, 대출",-,-,-,,-,-,-,2019,-,Y,확정,36조5072억원,KOSIS_VALUE,hcx,정부 연간 누적 대출,-,2019,Y,hcx,이전값,36507200000000,-,-,N,원,수준값,유지,전년,정부의 연간 누적 대출은 2019년 36조5072억원에서 코로나 팬데믹이 터졌던 2020년 102조9130억원으로 크게 뛰었다.,high,N,-,N,0,0,HCX-007,v1.6-prev2-context,2026-07-30,정부 연간 누적 대출,,2020,Y,원,원,currency,amount,unspecified,,Y,,
A0024-C009,A0024-C009-m2,A0024,"정부, 작년 세수 부족으로 韓銀서 170조원 빌려 썼다",2025-01-02,https://www.chosun.com/economy/economy_general/2025/01/02/LYWZZSQ6I5AVJDNTRW6KAK6ORY,정부의 연간 누적 대출은 2019년 36조5072억원에서 코로나 팬데믹이 터졌던 2020년 102조9130억원으로 크게 뛰었다.,정부가 한은 일시 대출을 많이 받을수록 세출에 비해 세입이 부족해 재원을 임시변통하는 일이 잦아졌다는 의미다.,"개인이 은행에서 마이너스 통장(신용한도 대출)을 열어놓고, 필요할 때 수시로 자금을 꺼내 쓰고 여윳돈이 생기면 갚는 것과 비슷하다.",국내공식통계,N,재정·조세,정부 연간 누적 대출,"정부, 세수 부족, 한국은행, 대출",-,-,-,,-,-,-,2020,-,Y,확정,102조9130억원,KOSIS_VALUE,hcx,정부 연간 누적 대출,-,2020,Y,hcx,현재값,102913000000000,-,-,N,원,수준값,증가,전년,정부의 연간 누적 대출은 2019년 36조5072억원에서 코로나 팬데믹이 터졌던 2020년 102조9130억원으로 크게 뛰었다.,high,N,-,N,0,0,HCX-007,v1.6-prev2-context,2026-07-30,정부 연간 누적 대출,,2020,Y,원,원,currency,amount,unspecified,,Y,,
A0024-C010,A0024-C010-m1,A0024,"정부, 작년 세수 부족으로 韓銀서 170조원 빌려 썼다",2025-01-02,https://www.chosun.com/economy/economy_general/2025/01/02/LYWZZSQ6I5AVJDNTRW6KAK6ORY,"이후 2021년 7조6130억원, 2022년 34조2000억원 등으로 줄었다가 세수 펑크가 커진 2023년 117조6000억원으로 다시 급증했다.",정부의 연간 누적 대출은 2019년 36조5072억원에서 코로나 팬데믹이 터졌던 2020년 102조9130억원으로 크게 뛰었다.,정부가 한은 일시 대출을 많이 받을수록 세출에 비해 세입이 부족해 재원을 임시변통하는 일이 잦아졌다는 의미다.,국내공식통계,N,재정·조세,정부 한국은행 대출금,"정부, 한국은행, 대출, 세수 부족",-,-,-,,-,-,-,2021,-,Y,확정,7조6130억원,KOSIS_VALUE,hcx,정부 한국은행 대출금,-,2021,Y,hcx,현재값,7613000000000,-,-,N,원,수준값,감소,전년,"이후 2021년 7조6130억원, 2022년 34조2000억원 등으로 줄었다가 세수 펑크가 커진 2023년 117조6000억원으로 다시 급증했다.",high,N,-,N,0,0,HCX-007,v1.6-prev2-context,2026-07-30,정부 한국은행 대출금,,2023,Y,원,원,currency,amount,unspecified,,Y,,
A0024-C010,A0024-C010-m2,A0024,"정부, 작년 세수 부족으로 韓銀서 170조원 빌려 썼다",2025-01-02,https://www.chosun.com/economy/economy_general/2025/01/02/LYWZZSQ6I5AVJDNTRW6KAK6ORY,"이후 2021년 7조6130억원, 2022년 34조2000억원 등으로 줄었다가 세수 펑크가 커진 2023년 117조6000억원으로 다시 급증했다.",정부의 연간 누적 대출은 2019년 36조5072억원에서 코로나 팬데믹이 터졌던 2020년 102조9130억원으로 크게 뛰었다.,정부가 한은 일시 대출을 많이 받을수록 세출에 비해 세입이 부족해 재원을 임시변통하는 일이 잦아졌다는 의미다.,국내공식통계,N,재정·조세,정부 한국은행 대출금,"정부, 한국은행, 대출, 세수 부족",-,-,-,,-,-,-,2022,-,Y,확정,34조2000억원,KOSIS_VALUE,hcx,정부 한국은행 대출금,-,2022,Y,hcx,현재값,34200000000000,-,-,N,원,수준값,감소,전년,"이후 2021년 7조6130억원, 2022년 34조2000억원 등으로 줄었다가 세수 펑크가 커진 2023년 117조6000억원으로 다시 급증했다.",high,N,-,N,0,0,HCX-007,v1.6-prev2-context,2026-07-30,정부 한국은행 대출금,,2023,Y,원,원,currency,amount,unspecified,,Y,,
A0024-C010,A0024-C010-m3,A0024,"정부, 작년 세수 부족으로 韓銀서 170조원 빌려 썼다",2025-01-02,https://www.chosun.com/economy/economy_general/2025/01/02/LYWZZSQ6I5AVJDNTRW6KAK6ORY,"이후 2021년 7조6130억원, 2022년 34조2000억원 등으로 줄었다가 세수 펑크가 커진 2023년 117조6000억원으로 다시 급증했다.",정부의 연간 누적 대출은 2019년 36조5072억원에서 코로나 팬데믹이 터졌던 2020년 102조9130억원으로 크게 뛰었다.,정부가 한은 일시 대출을 많이 받을수록 세출에 비해 세입이 부족해 재원을 임시변통하는 일이 잦아졌다는 의미다.,국내공식통계,N,재정·조세,정부 한국은행 대출금,"정부, 한국은행, 대출, 세수 부족",-,-,-,,-,-,-,2023,-,Y,확정,117조6000억원,KOSIS_VALUE,hcx,정부 한국은행 대출금,-,2023,Y,hcx,현재값,117600000000000,-,-,N,원,수준값,감소,전년,"이후 2021년 7조6130억원, 2022년 34조2000억원 등으로 줄었다가 세수 펑크가 커진 2023년 117조6000억원으로 다시 급증했다.",high,N,-,N,0,0,HCX-007,v1.6-prev2-context,2026-07-30,정부 한국은행 대출금,,2023,Y,원,원,currency,amount,unspecified,,Y,,
A0024-C011,A0024-C011-m1,A0024,"정부, 작년 세수 부족으로 韓銀서 170조원 빌려 썼다",2025-01-02,https://www.chosun.com/economy/economy_general/2025/01/02/LYWZZSQ6I5AVJDNTRW6KAK6ORY,지난해 이 같은 일시 대출에 따라 정부가 부담한 이자는 2092억원에 달한 것으로 집계됐다.,"이후 2021년 7조6130억원, 2022년 34조2000억원 등으로 줄었다가 세수 펑크가 커진 2023년 117조6000억원으로 다시 급증했다.",정부의 연간 누적 대출은 2019년 36조5072억원에서 코로나 팬데믹이 터졌던 2020년 102조9130억원으로 크게 뛰었다.,국내공식통계,N,재정·조세,정부 일시 대출 이자,"정부, 세수 부족, 한국은행, 이자",-,-,-,,-,-,-,2024,-,Y,확정,2092억원,KOSIS_VALUE,hcx,정부 일시 대출 이자,-,2024,Y,hcx,현재값,209200000000,-,-,N,원,수준값,-,전년,지난해 이 같은 일시 대출에 따라 정부가 부담한 이자는 2092억원에 달한 것으로 집계됐다.,high,N,-,N,0,0,HCX-007,v1.6-prev2-context,2026-07-30,정부 일시 대출 이자,,2024,Y,원,원,currency,amount,unspecified,,Y,,
A0024-C012,A0024-C012-m1,A0024,"정부, 작년 세수 부족으로 韓銀서 170조원 빌려 썼다",2025-01-02,https://www.chosun.com/economy/economy_general/2025/01/02/LYWZZSQ6I5AVJDNTRW6KAK6ORY,역시 2023년 연간 이자(1506억원)를 크게 웃도는 역대 최대 수준이다.,지난해 이 같은 일시 대출에 따라 정부가 부담한 이자는 2092억원에 달한 것으로 집계됐다.,"이후 2021년 7조6130억원, 2022년 34조2000억원 등으로 줄었다가 세수 펑크가 커진 2023년 117조6000억원으로 다시 급증했다.",국내공식통계,N,재정·조세,정부 한국은행 대출 이자,"한국은행, 세수 부족, 이자",-,-,-,,-,-,-,2023,-,Y,확정,1506억원,KOSIS_VALUE,hcx,정부 한국은행 대출 이자,-,2023,Y,hcx,현재값,150600000000,-,-,N,원,수준값,유지,전년,역시 2023년 연간 이자(1506억원)를 크게 웃도는 역대 최대 수준이다.,high,N,-,N,0,0,HCX-007,v1.6-prev2-context,2026-07-30,정부 한국은행 대출 이자,,2023,Y,원,원,currency,amount,unspecified,,Y,,
A0024-C013,A0024-C013-m1,A0024,"정부, 작년 세수 부족으로 韓銀서 170조원 빌려 썼다",2025-01-02,https://www.chosun.com/economy/economy_general/2025/01/02/LYWZZSQ6I5AVJDNTRW6KAK6ORY,"다만 대출 이자율은 시중 금리 하락세에 따라 지난해 1분기(1~3월) 연 3.623%에서 2분기 연 3.563%, 3분기 연 3.543%, 4분기 연 3.302% 등으로 점차 낮아졌다.",역시 2023년 연간 이자(1506억원)를 크게 웃도는 역대 최대 수준이다.,지난해 이 같은 일시 대출에 따라 정부가 부담한 이자는 2092억원에 달한 것으로 집계됐다.,국내공식통계,N,재정·조세,대출 이자율,"정부, 세수 부족, 한국은행, 대출, 이자율",-,-,-,,-,-,-,2024Q1,-,Q,확정,3.623%,KOSIS_VALUE,hcx,대출 이자율,-,2024Q1,Q,hcx,현재값,3.623,-,-,N,%,수준값,감소,전분기,"다만 대출 이자율은 시중 금리 하락세에 따라 지난해 1분기(1~3월) 연 3.623%에서 2분기 연 3.563%, 3분기 연 3.543%, 4분기 연 3.302% 등으로 점차 낮아졌다.",high,N,-,N,0,0,HCX-007,v1.6-prev2-context,2026-07-30,대출 이자율,,2024Q1,Q,%,%,rate,level,unspecified,,Y,,
A0024-C013,A0024-C013-m2,A0024,"정부, 작년 세수 부족으로 韓銀서 170조원 빌려 썼다",2025-01-02,https://www.chosun.com/economy/economy_general/2025/01/02/LYWZZSQ6I5AVJDNTRW6KAK6ORY,"다만 대출 이자율은 시중 금리 하락세에 따라 지난해 1분기(1~3월) 연 3.623%에서 2분기 연 3.563%, 3분기 연 3.543%, 4분기 연 3.302% 등으로 점차 낮아졌다.",역시 2023년 연간 이자(1506억원)를 크게 웃도는 역대 최대 수준이다.,지난해 이 같은 일시 대출에 따라 정부가 부담한 이자는 2092억원에 달한 것으로 집계됐다.,국내공식통계,N,재정·조세,대출 이자율,"정부, 세수 부족, 한국은행, 대출, 이자율",-,-,-,,-,-,-,2024Q2,-,Q,확정,3.563%,KOSIS_VALUE,hcx,대출 이자율,-,2024Q2,Q,hcx,이전값,3.563,-,-,N,%,수준값,감소,전분기,"다만 대출 이자율은 시중 금리 하락세에 따라 지난해 1분기(1~3월) 연 3.623%에서 2분기 연 3.563%, 3분기 연 3.543%, 4분기 연 3.302% 등으로 점차 낮아졌다.",high,N,-,N,0,0,HCX-007,v1.6-prev2-context,2026-07-30,대출 이자율,,2024Q1,Q,%,%,rate,level,unspecified,,Y,,
A0024-C013,A0024-C013-m3,A0024,"정부, 작년 세수 부족으로 韓銀서 170조원 빌려 썼다",2025-01-02,https://www.chosun.com/economy/economy_general/2025/01/02/LYWZZSQ6I5AVJDNTRW6KAK6ORY,"다만 대출 이자율은 시중 금리 하락세에 따라 지난해 1분기(1~3월) 연 3.623%에서 2분기 연 3.563%, 3분기 연 3.543%, 4분기 연 3.302% 등으로 점차 낮아졌다.",역시 2023년 연간 이자(1506억원)를 크게 웃도는 역대 최대 수준이다.,지난해 이 같은 일시 대출에 따라 정부가 부담한 이자는 2092억원에 달한 것으로 집계됐다.,국내공식통계,N,재정·조세,대출 이자율,"정부, 세수 부족, 한국은행, 대출, 이자율",-,-,-,,-,-,-,2024Q3,-,Q,확정,3.543%,KOSIS_VALUE,hcx,대출 이자율,-,2024Q3,Q,hcx,이전값,3.543,-,-,N,%,수준값,감소,전분기,"다만 대출 이자율은 시중 금리 하락세에 따라 지난해 1분기(1~3월) 연 3.623%에서 2분기 연 3.563%, 3분기 연 3.543%, 4분기 연 3.302% 등으로 점차 낮아졌다.",high,N,-,N,0,0,HCX-007,v1.6-prev2-context,2026-07-30,대출 이자율,,2024Q1,Q,%,%,rate,level,unspecified,,Y,,
A0024-C013,A0024-C013-m4,A0024,"정부, 작년 세수 부족으로 韓銀서 170조원 빌려 썼다",2025-01-02,https://www.chosun.com/economy/economy_general/2025/01/02/LYWZZSQ6I5AVJDNTRW6KAK6ORY,"다만 대출 이자율은 시중 금리 하락세에 따라 지난해 1분기(1~3월) 연 3.623%에서 2분기 연 3.563%, 3분기 연 3.543%, 4분기 연 3.302% 등으로 점차 낮아졌다.",역시 2023년 연간 이자(1506억원)를 크게 웃도는 역대 최대 수준이다.,지난해 이 같은 일시 대출에 따라 정부가 부담한 이자는 2092억원에 달한 것으로 집계됐다.,국내공식통계,N,재정·조세,대출 이자율,"정부, 세수 부족, 한국은행, 대출, 이자율",-,-,-,,-,-,-,2024Q4,-,Q,확정,3.302%,KOSIS_VALUE,hcx,대출 이자율,-,2024Q4,Q,hcx,이전값,3.302,-,-,N,%,수준값,감소,전분기,"다만 대출 이자율은 시중 금리 하락세에 따라 지난해 1분기(1~3월) 연 3.623%에서 2분기 연 3.563%, 3분기 연 3.543%, 4분기 연 3.302% 등으로 점차 낮아졌다.",high,N,-,N,0,0,HCX-007,v1.6-prev2-context,2026-07-30,대출 이자율,,2024Q1,Q,%,%,rate,level,unspecified,,Y,,
A0026-C004,A0026-C004-m1,A0026,"선물환포지션 한도 풀고, 외화대출 규제도 완화",2025-01-02,https://www.chosun.com/economy/economy_general/2025/01/02/QWFKNTB7ZRARZGL4HKVD5NS234,"최근 미국 경제가 호조세를 보이고 있고, 트럼프 2기 행정부 출범과 국내 정치적 불안이 겹치면서 달러 대비 원화 환율은 지난달 말(30일) 오후 3시 30분 기준 1472.5원을 기록했다.",2일 기획재정부는 이 같은 내용이 담긴 외환시장 관련 ‘2025년 경제정책방향’을 발표했다.,국내 정치 상황의 불확실성이 계속되고 ‘미국 우선주의’를 앞세운 트럼프 2기 행정부 출범이 가까워짐에 따라 달러당 원화 환율 급등에 적극 대응하겠다는 것이다.,국내공식통계,N,금융·금리,달러 대비 원화 환율,"선물환포지션, 외화대출 규제, 환율 급등",-,-,-,,-,-,-,202501,-,M,확정,1472.5원,KOSIS_VALUE,hcx,달러 대비 원화 환율,-,202501,M,hcx,현재값,1472.5,-,-,N,원,수준값,-,전년동기,"최근 미국 경제가 호조세를 보이고 있고, 트럼프 2기 행정부 출범과 국내 정치적 불안이 겹치면서 달러 대비 원화 환율은 지난달 말(30일) 오후 3시 30분 기준 1472.5원을 기록했다.",high,N,-,N,0,0,HCX-007,v1.6-prev2-context,2026-07-30,달러 대비 원화 환율,,202501,M,원,원,currency,amount,unspecified,,Y,,
A0029-C002,A0029-C002-m1,A0029,완성차 5사 판매량 3년만에 감소세로...내수 부진에 전기차 캐즘 본격화,2025-01-03,https://www.chosun.com/economy/auto/2025/01/03/N4AM2ZKHUBDXHOEEKGPMWO4Y2U,"작년 국내 완성차 업체들의 판매량이 2023년 대비 0.6% 줄며, 3년만에 감소세로 돌아섰다.",한국 경제의 내수와 수출을 떠받치던 자동차 산업이 전기차 캐즘(수요 정체) 영향권에 본격 접어들면서 실적 부진에 빠졌다.,,국내공식통계,N,소매·소비,완성차 판매량,"완성차, 판매량, 감소세, 전기차, 캐즘",-,-,-,완성차,-,-,-,2023,-,Y,확정,0.6%,KOSIS_VALUE,hcx,완성차 판매량,완성차,2023,Y,hcx,증감률,0.6,-,-,N,%,증감률,감소,전년,"작년 국내 완성차 업체들의 판매량이 2023년 대비 0.6% 줄며, 3년만에 감소세로 돌아섰다.",high,N,-,N,0,0,HCX-007,v1.6-prev2-context,2026-07-30,완성차 판매량 증감률,완성차,2024,Y,%,%,rate,rate_change,item,2022,Y,,
A0029-C003,A0029-C003-m1,A0029,완성차 5사 판매량 3년만에 감소세로...내수 부진에 전기차 캐즘 본격화,2025-01-03,https://www.chosun.com/economy/auto/2025/01/03/N4AM2ZKHUBDXHOEEKGPMWO4Y2U,"경기 침체 속 내수 판매가 6%대 급감했고, 수출은 전체적으로 보합세를 보인 가운데 현대차와 르노코리아 등 판매량이 큰 폭으로 줄었다.","작년 국내 완성차 업체들의 판매량이 2023년 대비 0.6% 줄며, 3년만에 감소세로 돌아섰다.",한국 경제의 내수와 수출을 떠받치던 자동차 산업이 전기차 캐즘(수요 정체) 영향권에 본격 접어들면서 실적 부진에 빠졌다.,국내공식통계,N,소매·소비,완성차 판매량 증감률,"완성차, 판매량, 내수, 수출, 전기차, 캐즘",-,-,-,,-,-,-,2024,-,Y,확정,6%,KOSIS_VALUE,hcx,완성차 판매량 증감률,-,2024,Y,hcx,증감률,6,-,-,N,%,증감률,감소,전년,"경기 침체 속 내수 판매가 6%대 급감했고, 수출은 전체적으로 보합세를 보인 가운데 현대차와 르노코리아 등 판매량이 큰 폭으로 줄었다.",high,N,-,N,0,0,HCX-007,v1.6-prev2-context,2026-07-30,완성차 판매량,,2024,Y,%,%,rate,rate_change,unspecified,2023,Y,,
A0029-C004,A0029-C004-m1,A0029,완성차 5사 판매량 3년만에 감소세로...내수 부진에 전기차 캐즘 본격화,2025-01-03,https://www.chosun.com/economy/auto/2025/01/03/N4AM2ZKHUBDXHOEEKGPMWO4Y2U,"국내 완성차 5사(현대차, 기아, GM 한국사업장, KG모빌리티, 르노코리아)는 작년 794만7170대를 국내외에 판매했다고 3일 밝혔다.","경기 침체 속 내수 판매가 6%대 급감했고, 수출은 전체적으로 보합세를 보인 가운데 현대차와 르노코리아 등 판매량이 큰 폭으로 줄었다.","작년 국내 완성차 업체들의 판매량이 2023년 대비 0.6% 줄며, 3년만에 감소세로 돌아섰다.",국내공식통계,Y,소매·소비,완성차 판매량,"완성차, 5사, 판매량, 감소세, 내수 부진, 전기차, 캐즘",-,-,-,자동차,-,-,-,2024,-,Y,확정,794만7170대,KOSIS_VALUE,hcx,완성차 판매량,자동차,2024,Y,hcx,현재값,7947170,-,-,N,대,수준값,-,전년,"국내 완성차 5사(현대차, 기아, GM 한국사업장, KG모빌리티, 르노코리아)는 작년 794만7170대를 국내외에 판매했다고 3일 밝혔다.",high,N,-,N,0,0,HCX-007,v1.6-prev2-context,2026-07-30,완성차 판매량,자동차,2024,Y,대,대,count,count,vehicle,,Y,,
A0029-C005,A0029-C005-m1,A0029,완성차 5사 판매량 3년만에 감소세로...내수 부진에 전기차 캐즘 본격화,2025-01-03,https://www.chosun.com/economy/auto/2025/01/03/N4AM2ZKHUBDXHOEEKGPMWO4Y2U,"국내 판매는 135만6706대로 전년 대비 6.4% 줄었고, 해외 판매는 658만4378대로 같은 기간 0.7% 늘었다.","국내 완성차 5사(현대차, 기아, GM 한국사업장, KG모빌리티, 르노코리아)는 작년 794만7170대를 국내외에 판매했다고 3일 밝혔다.","경기 침체 속 내수 판매가 6%대 급감했고, 수출은 전체적으로 보합세를 보인 가운데 현대차와 르노코리아 등 판매량이 큰 폭으로 줄었다.",국내공식통계,Y,소매·소비,완성차 판매량,"완성차, 판매량, 내수, 전기차, 캐즘",-,-,-,,-,-,-,2024,-,Y,확정,135만6706대,KOSIS_VALUE,hcx,완성차 판매량,-,2024,Y,hcx,현재값,1356706,-,-,N,대,수준값,감소,전년,"국내 판매는 135만6706대로 전년 대비 6.4% 줄었고, 해외 판매는 658만4378대로 같은 기간 0.7% 늘었다.",high,N,-,N,0,0,HCX-007,v1.6-prev2-context,2026-07-30,완성차 판매량,,2024,Y,대,대,count,count,unspecified,,Y,,
A0029-C005,A0029-C005-m2,A0029,완성차 5사 판매량 3년만에 감소세로...내수 부진에 전기차 캐즘 본격화,2025-01-03,https://www.chosun.com/economy/auto/2025/01/03/N4AM2ZKHUBDXHOEEKGPMWO4Y2U,"국내 판매는 135만6706대로 전년 대비 6.4% 줄었고, 해외 판매는 658만4378대로 같은 기간 0.7% 늘었다.","국내 완성차 5사(현대차, 기아, GM 한국사업장, KG모빌리티, 르노코리아)는 작년 794만7170대를 국내외에 판매했다고 3일 밝혔다.","경기 침체 속 내수 판매가 6%대 급감했고, 수출은 전체적으로 보합세를 보인 가운데 현대차와 르노코리아 등 판매량이 큰 폭으로 줄었다.",국내공식통계,Y,소매·소비,완성차 판매량 증감률,"완성차, 판매량, 내수, 전기차, 캐즘",-,-,-,,-,-,-,2024,-,Y,확정,6.4%,KOSIS_VALUE,hcx,완성차 판매량 증감률,-,2024,Y,hcx,증감률,6.4,-,-,N,%,증감률,감소,전년,"국내 판매는 135만6706대로 전년 대비 6.4% 줄었고, 해외 판매는 658만4378대로 같은 기간 0.7% 늘었다.",high,N,-,N,0,0,HCX-007,v1.6-prev2-context,2026-07-30,완성차 판매량,,2024,Y,%,%,rate,rate_change,unspecified,2023,Y,,
A0029-C005,A0029-C005-m3,A0029,완성차 5사 판매량 3년만에 감소세로...내수 부진에 전기차 캐즘 본격화,2025-01-03,https://www.chosun.com/economy/auto/2025/01/03/N4AM2ZKHUBDXHOEEKGPMWO4Y2U,"국내 판매는 135만6706대로 전년 대비 6.4% 줄었고, 해외 판매는 658만4378대로 같은 기간 0.7% 늘었다.","국내 완성차 5사(현대차, 기아, GM 한국사업장, KG모빌리티, 르노코리아)는 작년 794만7170대를 국내외에 판매했다고 3일 밝혔다.","경기 침체 속 내수 판매가 6%대 급감했고, 수출은 전체적으로 보합세를 보인 가운데 현대차와 르노코리아 등 판매량이 큰 폭으로 줄었다.",국내공식통계,Y,소매·소비,완성차 판매량,"완성차, 판매량, 내수, 전기차, 캐즘",-,-,-,,-,-,-,2024,-,Y,확정,658만4378대,KOSIS_VALUE,hcx,완성차 판매량,-,2024,Y,hcx,현재값,6584378,-,-,N,대,수준값,증가,전년,"국내 판매는 135만6706대로 전년 대비 6.4% 줄었고, 해외 판매는 658만4378대로 같은 기간 0.7% 늘었다.",high,N,-,N,0,0,HCX-007,v1.6-prev2-context,2026-07-30,완성차 판매량,,2024,Y,대,대,count,count,unspecified,,Y,,
A0029-C005,A0029-C005-m4,A0029,완성차 5사 판매량 3년만에 감소세로...내수 부진에 전기차 캐즘 본격화,2025-01-03,https://www.chosun.com/economy/auto/2025/01/03/N4AM2ZKHUBDXHOEEKGPMWO4Y2U,"국내 판매는 135만6706대로 전년 대비 6.4% 줄었고, 해외 판매는 658만4378대로 같은 기간 0.7% 늘었다.","국내 완성차 5사(현대차, 기아, GM 한국사업장, KG모빌리티, 르노코리아)는 작년 794만7170대를 국내외에 판매했다고 3일 밝혔다.","경기 침체 속 내수 판매가 6%대 급감했고, 수출은 전체적으로 보합세를 보인 가운데 현대차와 르노코리아 등 판매량이 큰 폭으로 줄었다.",국내공식통계,Y,소매·소비,완성차 판매량 증감률,"완성차, 판매량, 내수, 전기차, 캐즘",-,-,-,,-,-,-,2024,-,Y,확정,0.7%,KOSIS_VALUE,hcx,완성차 판매량 증감률,-,2024,Y,hcx,증감률,0.7,-,-,N,%,증감률,증가,전년,"국내 판매는 135만6706대로 전년 대비 6.4% 줄었고, 해외 판매는 658만4378대로 같은 기간 0.7% 늘었다.",high,N,-,N,0,0,HCX-007,v1.6-prev2-context,2026-07-30,완성차 판매량,,2024,Y,%,%,rate,rate_change,unspecified,2023,Y,,
A0029-C008,A0029-C008-m1,A0029,완성차 5사 판매량 3년만에 감소세로...내수 부진에 전기차 캐즘 본격화,2025-01-03,https://www.chosun.com/economy/auto/2025/01/03/N4AM2ZKHUBDXHOEEKGPMWO4Y2U,"현대차는 지난해 판매량이 414만 1791대로, 2023년 대비 1.8% 감소했다.","고금리 속 경기 침체가 심화됐고, 충전 불편과 비싼 가격을 이유로 전기차 수요가 주춤한 영향이다.",작년 완성차 5사의 국내 판매는 하반기 신차를 낸 르노코리아를 제외하고 일제히 줄었다.,국내공식통계,Y,소매·소비,완성차 판매량,"완성차 5사, 내수 부진, 전기차 캐즘",-,-,-,자동차,-,-,-,2024,-,Y,확정,414만 1791대,KOSIS_VALUE,hcx,완성차 판매량,자동차,2024,Y,hcx,현재값,1791,-,-,N,대,수준값,감소,전년,"현대차는 지난해 판매량이 414만 1791대로, 2023년 대비 1.8% 감소했다.",high,N,-,Y,0,0,HCX-007,v1.6-prev2-context,2026-07-30,완성차 판매량,자동차,2024,Y,대,대,count,count,vehicle,,Y,,
A0029-C008,A0029-C008-m2,A0029,완성차 5사 판매량 3년만에 감소세로...내수 부진에 전기차 캐즘 본격화,2025-01-03,https://www.chosun.com/economy/auto/2025/01/03/N4AM2ZKHUBDXHOEEKGPMWO4Y2U,"현대차는 지난해 판매량이 414만 1791대로, 2023년 대비 1.8% 감소했다.","고금리 속 경기 침체가 심화됐고, 충전 불편과 비싼 가격을 이유로 전기차 수요가 주춤한 영향이다.",작년 완성차 5사의 국내 판매는 하반기 신차를 낸 르노코리아를 제외하고 일제히 줄었다.,국내공식통계,Y,소매·소비,완성차 판매량 증감률,"완성차 5사, 내수 부진, 전기차 캐즘",-,-,-,자동차,-,-,-,2023,-,Y,확정,1.8%,KOSIS_VALUE,hcx,완성차 판매량 증감률,자동차,2023,Y,hcx,증감률,1.8,-,-,N,%,증감률,감소,전년,"현대차는 지난해 판매량이 414만 1791대로, 2023년 대비 1.8% 감소했다.",high,N,-,Y,0,0,HCX-007,v1.6-prev2-context,2026-07-30,완성차 판매량,자동차,2024,Y,%,%,rate,rate_change,vehicle,2022,Y,,
A0029-C009,A0029-C009-m1,A0029,완성차 5사 판매량 3년만에 감소세로...내수 부진에 전기차 캐즘 본격화,2025-01-03,https://www.chosun.com/economy/auto/2025/01/03/N4AM2ZKHUBDXHOEEKGPMWO4Y2U,"해외 판매가 0.5% 줄었고, 국내 판매가 7.5% 급감했다.","현대차는 지난해 판매량이 414만 1791대로, 2023년 대비 1.8% 감소했다.","고금리 속 경기 침체가 심화됐고, 충전 불편과 비싼 가격을 이유로 전기차 수요가 주춤한 영향이다.",국내공식통계,Y,소매·소비,해외 판매 증감률,"완성차, 5사, 내수, 전기차, 캐즘",-,-,-,완성차,-,-,-,2024,-,Y,확정,0.5%,KOSIS_VALUE,hcx,해외 판매 증감률,완성차,2024,Y,hcx,증감률,0.5,-,-,N,%,증감률,감소,전년,"해외 판매가 0.5% 줄었고, 국내 판매가 7.5% 급감했다.",high,N,-,N,0,0,HCX-007,v1.6-prev2-context,2026-07-30,완성차 판매량,,2024,Y,%,%,rate,rate_change,item,2023,Y,,
A0029-C009,A0029-C009-m2,A0029,완성차 5사 판매량 3년만에 감소세로...내수 부진에 전기차 캐즘 본격화,2025-01-03,https://www.chosun.com/economy/auto/2025/01/03/N4AM2ZKHUBDXHOEEKGPMWO4Y2U,"해외 판매가 0.5% 줄었고, 국내 판매가 7.5% 급감했다.","현대차는 지난해 판매량이 414만 1791대로, 2023년 대비 1.8% 감소했다.","고금리 속 경기 침체가 심화됐고, 충전 불편과 비싼 가격을 이유로 전기차 수요가 주춤한 영향이다.",국내공식통계,Y,소매·소비,국내 판매 증감률,"완성차, 5사, 내수, 전기차, 캐즘",-,-,-,완성차,-,-,-,2024,-,Y,확정,7.5%,KOSIS_VALUE,hcx,국내 판매 증감률,완성차,2024,Y,hcx,증감률,7.5,-,-,N,%,증감률,감소,전년,"해외 판매가 0.5% 줄었고, 국내 판매가 7.5% 급감했다.",high,N,-,N,0,0,HCX-007,v1.6-prev2-context,2026-07-30,완성차 판매량,,2024,Y,%,%,rate,rate_change,item,2023,Y,,
A0029-C010,A0029-C010-m2,A0029,완성차 5사 판매량 3년만에 감소세로...내수 부진에 전기차 캐즘 본격화,2025-01-03,https://www.chosun.com/economy/auto/2025/01/03/N4AM2ZKHUBDXHOEEKGPMWO4Y2U,작년 국내에서 현대차의 전기차 판매량은 1년 전보다 27.7%나 줄었다.,"해외 판매가 0.5% 줄었고, 국내 판매가 7.5% 급감했다.","현대차는 지난해 판매량이 414만 1791대로, 2023년 대비 1.8% 감소했다.",국내공식통계,Y,소매·소비,전기차 판매량,"완성차, 판매량, 내수, 전기차, 캐즘",-,-,-,현대차,-,-,-,2024,-,Y,확정,27.7%,KOSIS_VALUE,hcx,전기차 판매량,현대차,2024,Y,hcx,증감률,27.7,-,-,N,%,증감률,감소,전년,작년 국내에서 현대차의 전기차 판매량은 1년 전보다 27.7%나 줄었다.,high,N,-,Y,0,0,HCX-007,v1.6-prev2-context,2026-07-30,전기차 판매량,현대차,2024,Y,%,%,rate,rate_change,item,2023,Y,,
A0030-C005,A0030-C005-m1,A0030,은행 선물환 규제 풀어 시장에 달러 공급,2025-01-03,https://www.chosun.com/economy/economy_general/2025/01/03/7FSYM4YTJJEFBNUC6B4JOHW2RE,"원화 환율은 올해 트럼프발(發) 달러 강세와 탄핵 정국 등 국내 정치 불확실성으로 과거 외환 위기, 금융 위기 때나 봤던 달러당 1500원 선을 넘어설 것이란 우려까지 나오고 있다.",하지만 원화 환율은 지난해 12월 19일 글로벌 금융 위기 이후 15년여 만에 달러당 1450원 선을 넘어서는 등 고공 행진 중이다.,2일 서울 외환시장에서 달러 대비 원화 환율은 오후 3시 30분 기준 전 거래일보다 5.9원 떨어진 달러당 1466.6원을 기록했다.,국내공식통계,N,금융·금리,원화 환율,"달러, 원화, 환율, 트럼프, 달러 강세, 탄핵 정국, 외환 위기, 금융 위기",-,-,-,,-,-,-,2025,-,Y,모호,1500원,KOSIS_VALUE,hcx,원화 환율,-,2025,Y,hcx,현재값,1500,-,-,N,원,수준값,-,전년,"원화 환율은 올해 트럼프발(發) 달러 강세와 탄핵 정국 등 국내 정치 불확실성으로 과거 외환 위기, 금융 위기 때나 봤던 달러당 1500원 선을 넘어설 것이란 우려까지 나오고 있다.",mid,Y,추정치인지 여부 확인 필요,N,0,0,HCX-007,v1.6-prev2-context,2026-07-30,원화 환율,,2025,Y,원,원,currency,amount,unspecified,,Y,,
A0031-C008,A0031-C008-m1,A0031,"추락하는 성장률, 내수 살려 떠받친다",2025-01-03,https://www.chosun.com/economy/economy_general/2025/01/03/FS5OTJUQ7RC5JIPD2GEHE7U47Q,반도체 등 주력 수출 업종의 경쟁 심화와 이달 20일 출범하는 트럼프 정부의 관세 장벽 강화 등으로 수출 증가율은 작년 8.2%에서 올해 1.5%로 쪼그라들 것으로 봤다.,"정부는 ‘대내외 불확실성 확대’를 올해 경제 여건으로 규정하고, 민생경제회복과 대외신인도 관리, 통상 환경 불확실성 대응, 산업 경쟁력 강화 등 4대 방향을 중심으로 경제정책을 추진하기로 했다.",최상목 대통령 권한대행 부총리 겸 기획재정부 장관은 2일 경제관계장관회의를 열고 이 같은 내용의 ‘2025년 경제정책방향’을 발표했다.,국내공식통계,N,무역,수출 증가율,"성장률, 내수, 수출 업종, 경쟁 심화, 관세 장벽",-,-,-,반도체,-,-,-,2024,-,Y,확정,작년 8.2%,KOSIS_VALUE,hcx,수출 증가율,반도체,2024,Y,hcx,이전값,8.2,-,-,N,%,증감률,증가,전년,반도체 등 주력 수출 업종의 경쟁 심화와 이달 20일 출범하는 트럼프 정부의 관세 장벽 강화 등으로 수출 증가율은 작년 8.2%에서 올해 1.5%로 쪼그라들 것으로 봤다.,high,N,-,N,0,0,HCX-007,v1.6-prev2-context,2026-07-30,수출 증가율,반도체,2025,Y,%,%,rate,rate_change,item,2023,Y,,
A0031-C008,A0031-C008-m2,A0031,"추락하는 성장률, 내수 살려 떠받친다",2025-01-03,https://www.chosun.com/economy/economy_general/2025/01/03/FS5OTJUQ7RC5JIPD2GEHE7U47Q,반도체 등 주력 수출 업종의 경쟁 심화와 이달 20일 출범하는 트럼프 정부의 관세 장벽 강화 등으로 수출 증가율은 작년 8.2%에서 올해 1.5%로 쪼그라들 것으로 봤다.,"정부는 ‘대내외 불확실성 확대’를 올해 경제 여건으로 규정하고, 민생경제회복과 대외신인도 관리, 통상 환경 불확실성 대응, 산업 경쟁력 강화 등 4대 방향을 중심으로 경제정책을 추진하기로 했다.",최상목 대통령 권한대행 부총리 겸 기획재정부 장관은 2일 경제관계장관회의를 열고 이 같은 내용의 ‘2025년 경제정책방향’을 발표했다.,국내공식통계,N,무역,수출 증가율,"성장률, 내수, 수출 업종, 경쟁 심화, 관세 장벽",-,-,-,반도체,-,-,-,2025,-,Y,확정,올해 1.5%,KOSIS_VALUE,hcx,수출 증가율,반도체,2025,Y,hcx,현재값,1.5,-,-,N,%,증감률,증가,전년,반도체 등 주력 수출 업종의 경쟁 심화와 이달 20일 출범하는 트럼프 정부의 관세 장벽 강화 등으로 수출 증가율은 작년 8.2%에서 올해 1.5%로 쪼그라들 것으로 봤다.,high,N,-,N,0,0,HCX-007,v1.6-prev2-context,2026-07-30,수출 증가율,반도체,2025,Y,%,%,rate,rate_change,item,2024,Y,,
A0032-C011,A0032-C011-m1,A0032,수의직 7급→6급 높여도… “공무원 안 하죠”,2025-01-03,https://www.chosun.com/economy/economy_general/2025/01/03/TAEI2K7JCBBI5FCC7FT5WEJMRE,"지난해 9월 전국 가축방역관 정원은 1061명으로, 두 달 전 정원(1214명)보다 100명 넘게 줄어들었다.",가축방역관으로 일할 수의사 지원자를 찾기 어렵자 수의직이 아닌 축산직이나 농업직이 업무를 대체하기도 한다.,지난해 9월엔 전국 지자체 중 최초로 수의직을 6급으로 선발한 강원도도 총 18명을 뽑겠다고 했다가 15명만 충원하기도 했다.,국내공식통계,N,보건·복지,전국 가축방역관 정원,"수의직, 공무원, 정원, 가축방역관",-,-,-,,-,-,-,2024Q3,-,Q,확정,1061명,KOSIS_VALUE,hcx,전국 가축방역관 정원,-,2024Q3,Q,hcx,현재값,1061,-,-,N,명,수준값,-,전분기,"지난해 9월 전국 가축방역관 정원은 1061명으로, 두 달 전 정원(1214명)보다 100명 넘게 줄어들었다.",high,N,-,N,0,0,HCX-007,v1.6-prev2-context,2026-07-30,전국 가축방역관 정원,,2024Q3,Q,명,명,person_count,count,unspecified,,Y,,
A0032-C011,A0032-C011-m2,A0032,수의직 7급→6급 높여도… “공무원 안 하죠”,2025-01-03,https://www.chosun.com/economy/economy_general/2025/01/03/TAEI2K7JCBBI5FCC7FT5WEJMRE,"지난해 9월 전국 가축방역관 정원은 1061명으로, 두 달 전 정원(1214명)보다 100명 넘게 줄어들었다.",가축방역관으로 일할 수의사 지원자를 찾기 어렵자 수의직이 아닌 축산직이나 농업직이 업무를 대체하기도 한다.,지난해 9월엔 전국 지자체 중 최초로 수의직을 6급으로 선발한 강원도도 총 18명을 뽑겠다고 했다가 15명만 충원하기도 했다.,국내공식통계,N,보건·복지,전국 가축방역관 정원,"수의직, 공무원, 정원, 가축방역관",-,-,-,,-,-,-,2024Q2,-,Q,확정,1214명,KOSIS_VALUE,hcx,전국 가축방역관 정원,-,2024Q2,Q,hcx,이전값,1214,-,-,N,명,수준값,-,전분기,"지난해 9월 전국 가축방역관 정원은 1061명으로, 두 달 전 정원(1214명)보다 100명 넘게 줄어들었다.",high,N,-,N,0,0,HCX-007,v1.6-prev2-context,2026-07-30,전국 가축방역관 정원,,2024Q3,Q,명,명,person_count,count,unspecified,,Y,,
A0032-C011,A0032-C011-m3,A0032,수의직 7급→6급 높여도… “공무원 안 하죠”,2025-01-03,https://www.chosun.com/economy/economy_general/2025/01/03/TAEI2K7JCBBI5FCC7FT5WEJMRE,"지난해 9월 전국 가축방역관 정원은 1061명으로, 두 달 전 정원(1214명)보다 100명 넘게 줄어들었다.",가축방역관으로 일할 수의사 지원자를 찾기 어렵자 수의직이 아닌 축산직이나 농업직이 업무를 대체하기도 한다.,지난해 9월엔 전국 지자체 중 최초로 수의직을 6급으로 선발한 강원도도 총 18명을 뽑겠다고 했다가 15명만 충원하기도 했다.,국내공식통계,N,보건·복지,전국 가축방역관 정원 감소폭,"수의직, 공무원, 정원, 가축방역관",-,-,-,,-,-,-,2024Q3,-,Q,확정,100명,KOSIS_VALUE,hcx,전국 가축방역관 정원 감소폭,-,2024Q3,Q,hcx,증감값,100,-,-,N,명,증감량,감소,전분기,"지난해 9월 전국 가축방역관 정원은 1061명으로, 두 달 전 정원(1214명)보다 100명 넘게 줄어들었다.",high,N,-,N,0,0,HCX-007,v1.6-prev2-context,2026-07-30,전국 가축방역관 정원,,2024Q3,Q,명,명,person_count,absolute_change,unspecified,,Y,,
A0041-C002,A0041-C002-m1,A0041,치솟는 환율에 식품 물가도 급등,2025-01-04,https://www.chosun.com/economy/economy_general/2025/01/04/7SPGFC4RFZEDLDPFTQHVDM2K2E,지난해 12월부터 달러 대비 원화 환율이 1400원 선을 넘는 고환율이 장기화하면서 해외에서 수입해 오는 식품 원재료 가격이 치솟은 탓이다.,환율 상승으로 주요 먹거리와 생활필수품 가격이 줄줄이 오르면서 장바구니 물가에 빨간 경보등이 켜졌다.,,국내공식통계,N,물가,달러 대비 원화 환율,"환율, 식품 원재료 가격",-,-,-,,-,-,-,202412,-,M,확정,1400원,KOSIS_VALUE,hcx,달러 대비 원화 환율,-,202412,M,hcx,현재값,1400,-,-,N,원,수준값,-,전년동기,지난해 12월부터 달러 대비 원화 환율이 1400원 선을 넘는 고환율이 장기화하면서 해외에서 수입해 오는 식품 원재료 가격이 치솟은 탓이다.,high,N,-,N,0,0,HCX-007,v1.6-prev2-context,2026-07-30,달러 대비 원화 환율,,202412,M,원,원,currency,amount,unspecified,,Y,,
A0041-C005,A0041-C005-m1,A0041,치솟는 환율에 식품 물가도 급등,2025-01-04,https://www.chosun.com/economy/economy_general/2025/01/04/7SPGFC4RFZEDLDPFTQHVDM2K2E,"175개 품목의 평균 물가 상승폭은 3.9%로, 지난해 연간 소비자물가지수 상승폭(2.3%)을 뛰어넘었다.","3일 한국소비자원이 전국 대형마트와 편의점 500여 곳을 조사해 발표하는 ‘생필품 가격 보고서’에 따르면, 지난달 20일 기준 초콜릿·카레·커피 등 주요 가공식품 175개 품목 가운데 121개(69%) 품목의 평균 가격이 1년 전보다 오른 것으로 나타났다.",지난해 말 상승한 국제 곡물 가격도 3~4개월 시차를 두고 국내 식품 물가에 반영될 가능성이 높다.,국내공식통계,N,물가,품목 수,"환율, 식품 물가, 소비자물가지수",-,-,-,,-,-,-,2024,-,Y,확정,175개,KOSIS_VALUE,hcx,품목 수,-,2024,Y,hcx,현재값,175,-,-,N,개,수준값,증가,전년,"175개 품목의 평균 물가 상승폭은 3.9%로, 지난해 연간 소비자물가지수 상승폭(2.3%)을 뛰어넘었다.",high,Y,measurement_binding_fallback:1;measurement_period_ungrounded:1,Y,0,1,HCX-007,v1.6-prev2-context,2026-07-30,평균 물가 상승폭,,2024,Y,개,개,count,count,unspecified,,Y,,
A0041-C005,A0041-C005-m2,A0041,치솟는 환율에 식품 물가도 급등,2025-01-04,https://www.chosun.com/economy/economy_general/2025/01/04/7SPGFC4RFZEDLDPFTQHVDM2K2E,"175개 품목의 평균 물가 상승폭은 3.9%로, 지난해 연간 소비자물가지수 상승폭(2.3%)을 뛰어넘었다.","3일 한국소비자원이 전국 대형마트와 편의점 500여 곳을 조사해 발표하는 ‘생필품 가격 보고서’에 따르면, 지난달 20일 기준 초콜릿·카레·커피 등 주요 가공식품 175개 품목 가운데 121개(69%) 품목의 평균 가격이 1년 전보다 오른 것으로 나타났다.",지난해 말 상승한 국제 곡물 가격도 3~4개월 시차를 두고 국내 식품 물가에 반영될 가능성이 높다.,국내공식통계,N,물가,평균 물가 상승폭,"환율, 식품 물가, 소비자물가지수",-,-,-,,-,-,-,2024,-,Y,확정,3.9%,KOSIS_VALUE,hcx,평균 물가 상승폭,-,2024,Y,hcx,증감률,3.9,-,-,N,%,증감률,증가,전년,"175개 품목의 평균 물가 상승폭은 3.9%로, 지난해 연간 소비자물가지수 상승폭(2.3%)을 뛰어넘었다.",high,Y,measurement_binding_fallback:1;measurement_period_ungrounded:1,Y,0,1,HCX-007,v1.6-prev2-context,2026-07-30,평균 물가 상승폭,,2024,Y,%,%,rate,rate_change,unspecified,2023,Y,,
A0046-C003,A0046-C003-m1,A0046,[美친 증시]③ “작년 많이 오른 종목은 급등락 주의... 기술주는 대형보다 중·소형주”,2025-01-04,https://www.chosun.com/economy/money/2025/01/04/6FL3VK5OUYSQJ5NKPXMCKUPCHQ,"반면에 코스피지수와 코스닥지수는 연초보다 각각 9.9%, 21.7% 하락한 채 장을 마쳤다.",나스닥종합지수와 S&P500지수의 연간 상승률은 30% 안팎을 기록했다.,"2026년 4월 20일(월) 신문구독 | English | 日本語 | 中文 0 조선경제 오피니언 정치 사회 국제 건강 스포츠 문화·연예 콘텐츠판 땅집고 BEMIL 군사세계 헬스조선 IT조선 조선에듀 어린이조선일보 산&트래블 이코노미조선 신문은 선생님 THE BOUTIQUE 행복플러스 주간조선 여성조선 월간조선 민학수 올댓골프 Topclass Life&Learning English 日本語 中文 검색 2026년 4월 20일(월) 신문구독 | English | 日本語 | 中文 0 신문구독 | English | 日本語 | 中文 조선경제 오피니언 정치 사회 국제 건강 스포츠 문화·연예 콘텐츠판 땅집고 BEMIL 군사세계 헬스조선 IT조선 조선에듀 어린이조선일보 산&트래블 이코노미조선 신문은 선생님 THE BOUTIQUE 행복플러스 주간조선 여성조선 월간조선 민학수 올댓골프 Topclass Life&Learning 콘텐츠판 땅집고 BEMIL 군사세계 헬스조선 IT조선 조선에듀 어린이조선일보 산&트래블 이코노미조선 신문은 선생님 THE BOUTIQUE 행복플러스 주간조선 여성조선 월간조선 민학수 올댓골프 Topclass Life&Learning 땅집고 BEMIL 군사세계 헬스조선 IT조선 조선에듀 어린이조선일보 산&트래블 이코노미조선 신문은 선생님 THE BOUTIQUE 행복플러스 주간조선 여성조선 월간조선 민학수 올댓골프 Topclass Life&Learning 조선경제 머니 [美친 증시]③ ""작년 많이 오른 종목은 급등락 주의... 기술주는 대형보다 중·소형주"" ""미국 증시 강세장 이어질 것"" 다수 의견 기술기업, 대형주보다 중·소형주 낙수효과 기대 작년 많이 오른 종목은 급등락 주의 정민하 기자(조선비즈) 강정아 기자(조선비즈) 입력 2025.01.04. 06:00 업데이트 2025.01.04. 07:14 0 2024년은 서학개미, 특히 미국 증시 투자자에게 완벽한 한 해였다.",국내공식통계,N,금융·금리,코스피지수 변동률,"나스닥종합지수, S&P500지수, 코스피지수, 코스닥지수",-,-,-,,-,-,-,2024,-,Y,확정,9.9%,KOSIS_VALUE,hcx,코스피지수 변동률,-,2024,Y,hcx,증감률,9.9,-,-,N,%,증감률,감소,전년,"반면에 코스피지수와 코스닥지수는 연초보다 각각 9.9%, 21.7% 하락한 채 장을 마쳤다.",high,N,-,N,0,0,HCX-007,v1.6-prev2-context,2026-07-30,주가 지수 변동률,,2024,Y,%,%,rate,rate_change,unspecified,2023,Y,,
A0046-C003,A0046-C003-m2,A0046,[美친 증시]③ “작년 많이 오른 종목은 급등락 주의... 기술주는 대형보다 중·소형주”,2025-01-04,https://www.chosun.com/economy/money/2025/01/04/6FL3VK5OUYSQJ5NKPXMCKUPCHQ,"반면에 코스피지수와 코스닥지수는 연초보다 각각 9.9%, 21.7% 하락한 채 장을 마쳤다.",나스닥종합지수와 S&P500지수의 연간 상승률은 30% 안팎을 기록했다.,"2026년 4월 20일(월) 신문구독 | English | 日本語 | 中文 0 조선경제 오피니언 정치 사회 국제 건강 스포츠 문화·연예 콘텐츠판 땅집고 BEMIL 군사세계 헬스조선 IT조선 조선에듀 어린이조선일보 산&트래블 이코노미조선 신문은 선생님 THE BOUTIQUE 행복플러스 주간조선 여성조선 월간조선 민학수 올댓골프 Topclass Life&Learning English 日本語 中文 검색 2026년 4월 20일(월) 신문구독 | English | 日本語 | 中文 0 신문구독 | English | 日本語 | 中文 조선경제 오피니언 정치 사회 국제 건강 스포츠 문화·연예 콘텐츠판 땅집고 BEMIL 군사세계 헬스조선 IT조선 조선에듀 어린이조선일보 산&트래블 이코노미조선 신문은 선생님 THE BOUTIQUE 행복플러스 주간조선 여성조선 월간조선 민학수 올댓골프 Topclass Life&Learning 콘텐츠판 땅집고 BEMIL 군사세계 헬스조선 IT조선 조선에듀 어린이조선일보 산&트래블 이코노미조선 신문은 선생님 THE BOUTIQUE 행복플러스 주간조선 여성조선 월간조선 민학수 올댓골프 Topclass Life&Learning 땅집고 BEMIL 군사세계 헬스조선 IT조선 조선에듀 어린이조선일보 산&트래블 이코노미조선 신문은 선생님 THE BOUTIQUE 행복플러스 주간조선 여성조선 월간조선 민학수 올댓골프 Topclass Life&Learning 조선경제 머니 [美친 증시]③ ""작년 많이 오른 종목은 급등락 주의... 기술주는 대형보다 중·소형주"" ""미국 증시 강세장 이어질 것"" 다수 의견 기술기업, 대형주보다 중·소형주 낙수효과 기대 작년 많이 오른 종목은 급등락 주의 정민하 기자(조선비즈) 강정아 기자(조선비즈) 입력 2025.01.04. 06:00 업데이트 2025.01.04. 07:14 0 2024년은 서학개미, 특히 미국 증시 투자자에게 완벽한 한 해였다.",국내공식통계,N,금융·금리,코스닥지수 변동률,"나스닥종합지수, S&P500지수, 코스피지수, 코스닥지수",-,-,-,,-,-,-,2024,-,Y,확정,21.7%,KOSIS_VALUE,hcx,코스닥지수 변동률,-,2024,Y,hcx,증감률,21.7,-,-,N,%,증감률,감소,전년,"반면에 코스피지수와 코스닥지수는 연초보다 각각 9.9%, 21.7% 하락한 채 장을 마쳤다.",high,N,-,N,0,0,HCX-007,v1.6-prev2-context,2026-07-30,주가 지수 변동률,,2024,Y,%,%,rate,rate_change,unspecified,2023,Y,,
A0047-C024,A0047-C024-m1,A0047,“욕심부리다가 또 탈락할라”… 눈높이 낮추는 ‘상장 재수생’들,2025-01-04,https://www.chosun.com/economy/money/2025/01/04/BN43SMGOJ6JMA4RWSSI66VWIGY,지난해 유가증권시장 상장 기업의 할인율은 15%대였다.,LG CNS는 주당 평가가액 8만9378원에 30%가 넘는 할인율을 적용했다.,할인율도 높은 수준을 적용했다.,국내공식통계,N,금융·금리,할인율,"유가증권시장, 상장 기업",-,-,-,,-,-,-,2024,-,Y,확정,15%,KOSIS_VALUE,hcx,할인율,-,2024,Y,hcx,현재값,15,-,-,N,%,비중,-,전년,지난해 유가증권시장 상장 기업의 할인율은 15%대였다.,high,N,-,N,0,0,HCX-007,v1.6-prev2-context,2026-07-30,할인율,,2024,Y,%,%,rate,level,unspecified,,Y,,
A0050-C002,A0050-C002-m1,A0050,"""직장 하나론 소득 빠듯"" 너도나도 N잡러 시대, 직장인 부업 성공하려면",2025-01-04,https://www.chosun.com/economy/realty/investment_trends/2025/01/04/DKW3MEMILT2EXU3BFRNPMHNPWE,통계청 자료에 따르면 국내 부업자 수는 2023년 1분기 45만명에서 2024년 1분기 55만 명대로 20% 이상 증가했다.,글=권강수 상가의신 대표(땅집고) 정리=김리영 기자(땅집고) 입력 2025.01.04. 07:30 업데이트 2025.01.04. 07:31 0 [권강수의 상가투자 꿀팁] ‘N잡러’로 창업해 성공하고 싶다면 이것만은 알아야 [땅집고] 요즘 많은 직장인이 속칭 'N잡러' 생활을 하고 있다는 뉴스가 나온다.,,국내공식통계,N,고용,부업자 수,"N잡러, 직장인, 부업, 성공",-,-,-,,-,-,-,2023,-,Y,확정,45만명,KOSIS_VALUE,hcx,부업자 수,-,2023,Y,hcx,이전값,450000,-,-,N,명,수준값,증가,전분기,통계청 자료에 따르면 국내 부업자 수는 2023년 1분기 45만명에서 2024년 1분기 55만 명대로 20% 이상 증가했다.,high,N,-,N,0,0,HCX-007,v1.6-prev2-context,2026-07-30,부업자 수,,2024Q1,Q,명,명,person_count,count,unspecified,,Y,,
