claim_id,article_id,title,date,url,claim_text,prev_sentence,next_sentence
A2698-C010,A2698,"KDI “소비 회복에 경기 다소 개선”…석 달째 같은 진단, 현실은?",2025-11-09,https://www.chosun.com/economy/economy_general/2025/11/09/PU2BGMNE3JEOBM3XGQRSWQLMP4/,"도소매, 금융·보험을 중심으로 증가폭이 확대됐으며, 계절조정 전년 동월 대비 기준으로도 3.8% 증가하는 등 양호한 모습을 보였다.",9월 서비스업생산은 전년 동월 대비 6.2% 증가했다.,소비자심리지수도 109.8로 높은 수준을 유지했다.
A2698-C011,A2698,"KDI “소비 회복에 경기 다소 개선”…석 달째 같은 진단, 현실은?",2025-11-09,https://www.chosun.com/economy/economy_general/2025/11/09/PU2BGMNE3JEOBM3XGQRSWQLMP4/,소비자심리지수도 109.8로 높은 수준을 유지했다.,"도소매, 금융·보험을 중심으로 증가폭이 확대됐으며, 계절조정 전년 동월 대비 기준으로도 3.8% 증가하는 등 양호한 모습을 보였다.",시장금리 하락세와 2차 민생회복 소비쿠폰 지급 등으로 소비 여건이 개선된 영향이다.
A2698-C012,A2698,"KDI “소비 회복에 경기 다소 개선”…석 달째 같은 진단, 현실은?",2025-11-09,https://www.chosun.com/economy/economy_general/2025/11/09/PU2BGMNE3JEOBM3XGQRSWQLMP4/,시장금리 하락세와 2차 민생회복 소비쿠폰 지급 등으로 소비 여건이 개선된 영향이다.,소비자심리지수도 109.8로 높은 수준을 유지했다.,"정부는 7월 전국민 대상 1인당 15만원(최대 55만원), 9~10월 소득 상위 10%를 제외한 국민 90%를 대상으로 1인당 10만원의 소비쿠폰을 지급한 바 있다."
A2698-C013,A2698,"KDI “소비 회복에 경기 다소 개선”…석 달째 같은 진단, 현실은?",2025-11-09,https://www.chosun.com/economy/economy_general/2025/11/09/PU2BGMNE3JEOBM3XGQRSWQLMP4/,"정부는 7월 전국민 대상 1인당 15만원(최대 55만원), 9~10월 소득 상위 10%를 제외한 국민 90%를 대상으로 1인당 10만원의 소비쿠폰을 지급한 바 있다.",시장금리 하락세와 2차 민생회복 소비쿠폰 지급 등으로 소비 여건이 개선된 영향이다.,하지만 최근 추세와 더 밀접한 전월 대비 소매판매 추이를 보면 다른 그림이 그려진다.
A2698-C014,A2698,"KDI “소비 회복에 경기 다소 개선”…석 달째 같은 진단, 현실은?",2025-11-09,https://www.chosun.com/economy/economy_general/2025/11/09/PU2BGMNE3JEOBM3XGQRSWQLMP4/,하지만 최근 추세와 더 밀접한 전월 대비 소매판매 추이를 보면 다른 그림이 그려진다.,"정부는 7월 전국민 대상 1인당 15만원(최대 55만원), 9~10월 소득 상위 10%를 제외한 국민 90%를 대상으로 1인당 10만원의 소비쿠폰을 지급한 바 있다.","최근 발표된 국가데이터처의 산업활동동향에 따르면, 소비쿠폰이 지급된 후 7월 소매판매는 전월 대비 2.7% 증가했지만, 8월과 9월에는 각각 2.4%, 0.1% 감소하면서 두 달 연속 마이너스를 기록했다."
A2698-C015,A2698,"KDI “소비 회복에 경기 다소 개선”…석 달째 같은 진단, 현실은?",2025-11-09,https://www.chosun.com/economy/economy_general/2025/11/09/PU2BGMNE3JEOBM3XGQRSWQLMP4/,"최근 발표된 국가데이터처의 산업활동동향에 따르면, 소비쿠폰이 지급된 후 7월 소매판매는 전월 대비 2.7% 증가했지만, 8월과 9월에는 각각 2.4%, 0.1% 감소하면서 두 달 연속 마이너스를 기록했다.",하지만 최근 추세와 더 밀접한 전월 대비 소매판매 추이를 보면 다른 그림이 그려진다.,소비쿠폰 효과가 빠르게 사라지면서 부진했던 내수의 민낯이 드러나고 있다는 지적이 나온다.
A2698-C016,A2698,"KDI “소비 회복에 경기 다소 개선”…석 달째 같은 진단, 현실은?",2025-11-09,https://www.chosun.com/economy/economy_general/2025/11/09/PU2BGMNE3JEOBM3XGQRSWQLMP4/,소비쿠폰 효과가 빠르게 사라지면서 부진했던 내수의 민낯이 드러나고 있다는 지적이 나온다.,"최근 발표된 국가데이터처의 산업활동동향에 따르면, 소비쿠폰이 지급된 후 7월 소매판매는 전월 대비 2.7% 증가했지만, 8월과 9월에는 각각 2.4%, 0.1% 감소하면서 두 달 연속 마이너스를 기록했다.","3분기 전체 소매판매는 2분기 대비 0.7% 증가했지만, 이는 7월 효과가 워낙 컸기 때문이다."
A2698-C017,A2698,"KDI “소비 회복에 경기 다소 개선”…석 달째 같은 진단, 현실은?",2025-11-09,https://www.chosun.com/economy/economy_general/2025/11/09/PU2BGMNE3JEOBM3XGQRSWQLMP4/,"3분기 전체 소매판매는 2분기 대비 0.7% 증가했지만, 이는 7월 효과가 워낙 컸기 때문이다.",소비쿠폰 효과가 빠르게 사라지면서 부진했던 내수의 민낯이 드러나고 있다는 지적이 나온다.,일회성 정책 효과가 끝나자 소비는 다시 힘을 잃어가는 모습이다.
A2698-C018,A2698,"KDI “소비 회복에 경기 다소 개선”…석 달째 같은 진단, 현실은?",2025-11-09,https://www.chosun.com/economy/economy_general/2025/11/09/PU2BGMNE3JEOBM3XGQRSWQLMP4/,일회성 정책 효과가 끝나자 소비는 다시 힘을 잃어가는 모습이다.,"3분기 전체 소매판매는 2분기 대비 0.7% 증가했지만, 이는 7월 효과가 워낙 컸기 때문이다.","◇수출 증가세 둔화, 건설투자 부진 지속 수출 증가세는 완만하게 둔화되는 모습을 나타냈다."
A2698-C019,A2698,"KDI “소비 회복에 경기 다소 개선”…석 달째 같은 진단, 현실은?",2025-11-09,https://www.chosun.com/economy/economy_general/2025/11/09/PU2BGMNE3JEOBM3XGQRSWQLMP4/,"◇수출 증가세 둔화, 건설투자 부진 지속 수출 증가세는 완만하게 둔화되는 모습을 나타냈다.",일회성 정책 효과가 끝나자 소비는 다시 힘을 잃어가는 모습이다.,10월 수출은 전년 동월 대비 3.6% 증가에 그쳤다.
A2698-C020,A2698,"KDI “소비 회복에 경기 다소 개선”…석 달째 같은 진단, 현실은?",2025-11-09,https://www.chosun.com/economy/economy_general/2025/11/09/PU2BGMNE3JEOBM3XGQRSWQLMP4/,10월 수출은 전년 동월 대비 3.6% 증가에 그쳤다.,"◇수출 증가세 둔화, 건설투자 부진 지속 수출 증가세는 완만하게 둔화되는 모습을 나타냈다.","반도체경기 호조세는 유지됐으나, 미국 관세 인상의 부정적 영향이 파급되면서 수출 증가세가 점차 둔화됐다."
A2698-C021,A2698,"KDI “소비 회복에 경기 다소 개선”…석 달째 같은 진단, 현실은?",2025-11-09,https://www.chosun.com/economy/economy_general/2025/11/09/PU2BGMNE3JEOBM3XGQRSWQLMP4/,"반도체경기 호조세는 유지됐으나, 미국 관세 인상의 부정적 영향이 파급되면서 수출 증가세가 점차 둔화됐다.",10월 수출은 전년 동월 대비 3.6% 증가에 그쳤다.,"미국으로의 수출이 감소세를 지속한 가운데, 반도체를 제외한 품목의 부진으로 일평균 수출액은 완만하게 둔화되는 모습이다."
A2698-C022,A2698,"KDI “소비 회복에 경기 다소 개선”…석 달째 같은 진단, 현실은?",2025-11-09,https://www.chosun.com/economy/economy_general/2025/11/09/PU2BGMNE3JEOBM3XGQRSWQLMP4/,"미국으로의 수출이 감소세를 지속한 가운데, 반도체를 제외한 품목의 부진으로 일평균 수출액은 완만하게 둔화되는 모습이다.","반도체경기 호조세는 유지됐으나, 미국 관세 인상의 부정적 영향이 파급되면서 수출 증가세가 점차 둔화됐다.",9~10월 일평균 수출액은 3.2% 증가에 그쳤다.
A2698-C023,A2698,"KDI “소비 회복에 경기 다소 개선”…석 달째 같은 진단, 현실은?",2025-11-09,https://www.chosun.com/economy/economy_general/2025/11/09/PU2BGMNE3JEOBM3XGQRSWQLMP4/,9~10월 일평균 수출액은 3.2% 증가에 그쳤다.,"미국으로의 수출이 감소세를 지속한 가운데, 반도체를 제외한 품목의 부진으로 일평균 수출액은 완만하게 둔화되는 모습이다.","미국으로의 수출은 자동차를 중심으로 12.9% 감소했고, 중국으로의 수출도 반도체를 제외한 품목을 중심으로 6.8% 감소했다."
A2698-C024,A2698,"KDI “소비 회복에 경기 다소 개선”…석 달째 같은 진단, 현실은?",2025-11-09,https://www.chosun.com/economy/economy_general/2025/11/09/PU2BGMNE3JEOBM3XGQRSWQLMP4/,"미국으로의 수출은 자동차를 중심으로 12.9% 감소했고, 중국으로의 수출도 반도체를 제외한 품목을 중심으로 6.8% 감소했다.",9~10월 일평균 수출액은 3.2% 증가에 그쳤다.,건설투자의 부진도 지속되고 있다.
A2698-C025,A2698,"KDI “소비 회복에 경기 다소 개선”…석 달째 같은 진단, 현실은?",2025-11-09,https://www.chosun.com/economy/economy_general/2025/11/09/PU2BGMNE3JEOBM3XGQRSWQLMP4/,건설투자의 부진도 지속되고 있다.,"미국으로의 수출은 자동차를 중심으로 12.9% 감소했고, 중국으로의 수출도 반도체를 제외한 품목을 중심으로 6.8% 감소했다.",9월 건설기성은 전년 동월 대비 4.3% 감소했다.
A2698-C026,A2698,"KDI “소비 회복에 경기 다소 개선”…석 달째 같은 진단, 현실은?",2025-11-09,https://www.chosun.com/economy/economy_general/2025/11/09/PU2BGMNE3JEOBM3XGQRSWQLMP4/,9월 건설기성은 전년 동월 대비 4.3% 감소했다.,건설투자의 부진도 지속되고 있다.,"조업일수 확대로 감소폭이 다소 완화됐으나, 건설투자는 여전히 부진한 것으로 KDI는 판단했다."
A2698-C027,A2698,"KDI “소비 회복에 경기 다소 개선”…석 달째 같은 진단, 현실은?",2025-11-09,https://www.chosun.com/economy/economy_general/2025/11/09/PU2BGMNE3JEOBM3XGQRSWQLMP4/,"조업일수 확대로 감소폭이 다소 완화됐으나, 건설투자는 여전히 부진한 것으로 KDI는 판단했다.",9월 건설기성은 전년 동월 대비 4.3% 감소했다.,3분기 국민계정상 건설투자가 전기 대비로도 0.1% 감소세를 이어가고 있어 건설투자는 여전히 부진한 것으로 분석됐다.
A2698-C028,A2698,"KDI “소비 회복에 경기 다소 개선”…석 달째 같은 진단, 현실은?",2025-11-09,https://www.chosun.com/economy/economy_general/2025/11/09/PU2BGMNE3JEOBM3XGQRSWQLMP4/,3분기 국민계정상 건설투자가 전기 대비로도 0.1% 감소세를 이어가고 있어 건설투자는 여전히 부진한 것으로 분석됐다.,"조업일수 확대로 감소폭이 다소 완화됐으나, 건설투자는 여전히 부진한 것으로 KDI는 판단했다.","부동산 프로젝트파이낸싱(PF) 대출 강화와 지방 부동산경기 둔화 등으로 수주가 착공으로 원활하게 연결되지 못하고, 공사 기간도 확대되면서 건설투자의 부진이 지속되고 있다는 설명이다."
A2698-C029,A2698,"KDI “소비 회복에 경기 다소 개선”…석 달째 같은 진단, 현실은?",2025-11-09,https://www.chosun.com/economy/economy_general/2025/11/09/PU2BGMNE3JEOBM3XGQRSWQLMP4/,"부동산 프로젝트파이낸싱(PF) 대출 강화와 지방 부동산경기 둔화 등으로 수주가 착공으로 원활하게 연결되지 못하고, 공사 기간도 확대되면서 건설투자의 부진이 지속되고 있다는 설명이다.",3분기 국민계정상 건설투자가 전기 대비로도 0.1% 감소세를 이어가고 있어 건설투자는 여전히 부진한 것으로 분석됐다.,"KDI는 “한·미 무역협정 진전, 미·중 무역 긴장 완화 등 통상여건이 일부 개선됐으나 불확실성은 상존한다”고 덧붙였다."
A2698-C030,A2698,"KDI “소비 회복에 경기 다소 개선”…석 달째 같은 진단, 현실은?",2025-11-09,https://www.chosun.com/economy/economy_general/2025/11/09/PU2BGMNE3JEOBM3XGQRSWQLMP4/,"KDI는 “한·미 무역협정 진전, 미·중 무역 긴장 완화 등 통상여건이 일부 개선됐으나 불확실성은 상존한다”고 덧붙였다.","부동산 프로젝트파이낸싱(PF) 대출 강화와 지방 부동산경기 둔화 등으로 수주가 착공으로 원활하게 연결되지 못하고, 공사 기간도 확대되면서 건설투자의 부진이 지속되고 있다는 설명이다.",경제 전문가들은 소비쿠폰 같은 일회성 정책은 단기 효과에 그칠 수밖에 없다고 지적한다.
A2698-C031,A2698,"KDI “소비 회복에 경기 다소 개선”…석 달째 같은 진단, 현실은?",2025-11-09,https://www.chosun.com/economy/economy_general/2025/11/09/PU2BGMNE3JEOBM3XGQRSWQLMP4/,경제 전문가들은 소비쿠폰 같은 일회성 정책은 단기 효과에 그칠 수밖에 없다고 지적한다.,"KDI는 “한·미 무역협정 진전, 미·중 무역 긴장 완화 등 통상여건이 일부 개선됐으나 불확실성은 상존한다”고 덧붙였다.","김정식 연세대 명예교수는 “결국 기업이 투자하고 생산하고 수출해야 경제가 성장하고, 그래야 일자리가 늘고 소득이 늘어 소비도 자연스럽게 살아난다”고 말했다."
A2698-C032,A2698,"KDI “소비 회복에 경기 다소 개선”…석 달째 같은 진단, 현실은?",2025-11-09,https://www.chosun.com/economy/economy_general/2025/11/09/PU2BGMNE3JEOBM3XGQRSWQLMP4/,"김정식 연세대 명예교수는 “결국 기업이 투자하고 생산하고 수출해야 경제가 성장하고, 그래야 일자리가 늘고 소득이 늘어 소비도 자연스럽게 살아난다”고 말했다.",경제 전문가들은 소비쿠폰 같은 일회성 정책은 단기 효과에 그칠 수밖에 없다고 지적한다.,"김지섭 기자 2010년 조선일보에 입사해 사회부와 산업부를 거쳤으며, 주로 경제부에서 취재해왔다."
A2698-C033,A2698,"KDI “소비 회복에 경기 다소 개선”…석 달째 같은 진단, 현실은?",2025-11-09,https://www.chosun.com/economy/economy_general/2025/11/09/PU2BGMNE3JEOBM3XGQRSWQLMP4/,"김지섭 기자 2010년 조선일보에 입사해 사회부와 산업부를 거쳤으며, 주로 경제부에서 취재해왔다.","김정식 연세대 명예교수는 “결국 기업이 투자하고 생산하고 수출해야 경제가 성장하고, 그래야 일자리가 늘고 소득이 늘어 소비도 자연스럽게 살아난다”고 말했다.",현재는 경제부 정책팀 소속으로 세종의 주요 경제 부처를 출입하며 기사를 쓰고 있다.
A2698-C034,A2698,"KDI “소비 회복에 경기 다소 개선”…석 달째 같은 진단, 현실은?",2025-11-09,https://www.chosun.com/economy/economy_general/2025/11/09/PU2BGMNE3JEOBM3XGQRSWQLMP4/,현재는 경제부 정책팀 소속으로 세종의 주요 경제 부처를 출입하며 기사를 쓰고 있다.,"김지섭 기자 2010년 조선일보에 입사해 사회부와 산업부를 거쳤으며, 주로 경제부에서 취재해왔다.",복잡하고 어려운 경제 정책과 현상을 독자들이 이해하기 쉽게 풀어내는 데 관심이 많다.
A2698-C035,A2698,"KDI “소비 회복에 경기 다소 개선”…석 달째 같은 진단, 현실은?",2025-11-09,https://www.chosun.com/economy/economy_general/2025/11/09/PU2BGMNE3JEOBM3XGQRSWQLMP4/,복잡하고 어려운 경제 정책과 현상을 독자들이 이해하기 쉽게 풀어내는 데 관심이 많다.,현재는 경제부 정책팀 소속으로 세종의 주요 경제 부처를 출입하며 기사를 쓰고 있다.,"거시적인 경제 흐름과 구조적 변화에 주목하는 한편, 통계와 현장의 작은 변화를 확대해 그 의미를 짚어내는 기사를 지향한다."
A2698-C036,A2698,"KDI “소비 회복에 경기 다소 개선”…석 달째 같은 진단, 현실은?",2025-11-09,https://www.chosun.com/economy/economy_general/2025/11/09/PU2BGMNE3JEOBM3XGQRSWQLMP4/,"거시적인 경제 흐름과 구조적 변화에 주목하는 한편, 통계와 현장의 작은 변화를 확대해 그 의미를 짚어내는 기사를 지향한다.",복잡하고 어려운 경제 정책과 현상을 독자들이 이해하기 쉽게 풀어내는 데 관심이 많다.,2025년 미국 뉴욕대(NYU) ‘Communications and AI’ 과정을 수료했다.
A2698-C037,A2698,"KDI “소비 회복에 경기 다소 개선”…석 달째 같은 진단, 현실은?",2025-11-09,https://www.chosun.com/economy/economy_general/2025/11/09/PU2BGMNE3JEOBM3XGQRSWQLMP4/,2025년 미국 뉴욕대(NYU) ‘Communications and AI’ 과정을 수료했다.,"거시적인 경제 흐름과 구조적 변화에 주목하는 한편, 통계와 현장의 작은 변화를 확대해 그 의미를 짚어내는 기사를 지향한다.",구독 구독수 126 Video Player is loading.
A2698-C038,A2698,"KDI “소비 회복에 경기 다소 개선”…석 달째 같은 진단, 현실은?",2025-11-09,https://www.chosun.com/economy/economy_general/2025/11/09/PU2BGMNE3JEOBM3XGQRSWQLMP4/,구독 구독수 126 Video Player is loading.,2025년 미국 뉴욕대(NYU) ‘Communications and AI’ 과정을 수료했다.,"Pause Next Unmute Current Time 0:00 / Duration 1:37 Loaded : 32.97% 0:00 Stream Type LIVE Seek to live, currently behind live LIVE Remaining Time - 1:37 1x Playback Rate Chapters Chapters Descriptions descriptions off , selected Subtitles subtitles settings , opens subtitles settings dialog subtitles off , selected Audio Track Ladin , selected Fullscreen This is a modal window."
A2698-C039,A2698,"KDI “소비 회복에 경기 다소 개선”…석 달째 같은 진단, 현실은?",2025-11-09,https://www.chosun.com/economy/economy_general/2025/11/09/PU2BGMNE3JEOBM3XGQRSWQLMP4/,"Pause Next Unmute Current Time 0:00 / Duration 1:37 Loaded : 32.97% 0:00 Stream Type LIVE Seek to live, currently behind live LIVE Remaining Time - 1:37 1x Playback Rate Chapters Chapters Descriptions descriptions off , selected Subtitles subtitles settings , opens subtitles settings dialog subtitles off , selected Audio Track Ladin , selected Fullscreen This is a modal window.",구독 구독수 126 Video Player is loading.,Beginning of dialog window.
A2698-C040,A2698,"KDI “소비 회복에 경기 다소 개선”…석 달째 같은 진단, 현실은?",2025-11-09,https://www.chosun.com/economy/economy_general/2025/11/09/PU2BGMNE3JEOBM3XGQRSWQLMP4/,Beginning of dialog window.,"Pause Next Unmute Current Time 0:00 / Duration 1:37 Loaded : 32.97% 0:00 Stream Type LIVE Seek to live, currently behind live LIVE Remaining Time - 1:37 1x Playback Rate Chapters Chapters Descriptions descriptions off , selected Subtitles subtitles settings , opens subtitles settings dialog subtitles off , selected Audio Track Ladin , selected Fullscreen This is a modal window.",Escape will cancel and close the window.
A2698-C041,A2698,"KDI “소비 회복에 경기 다소 개선”…석 달째 같은 진단, 현실은?",2025-11-09,https://www.chosun.com/economy/economy_general/2025/11/09/PU2BGMNE3JEOBM3XGQRSWQLMP4/,Escape will cancel and close the window.,Beginning of dialog window.,Text Color White Black Red Green Blue Yellow Magenta Cyan Transparency Opaque Semi-Transparent Background Color Black White Red Green Blue Yellow Magenta Cyan Transparency Opaque Semi-Transparent Transparent Window Color Black White Red Green Blue Yellow Magenta Cyan Transparency Transparent Semi-Transparent Opaque Font Size 50% 75% 100% 125% 150% 175% 200% 300% 400% Text Edge Style None Raised Depressed Uniform Dropshadow Font Family Proportional Sans-Serif Monospace Sans-Serif Proportional Serif Monospace Serif Casual Script Small Caps Reset restore all settings to the default values Done Close Modal Dialog End of dialog window.
A2698-C042,A2698,"KDI “소비 회복에 경기 다소 개선”…석 달째 같은 진단, 현실은?",2025-11-09,https://www.chosun.com/economy/economy_general/2025/11/09/PU2BGMNE3JEOBM3XGQRSWQLMP4/,Text Color White Black Red Green Blue Yellow Magenta Cyan Transparency Opaque Semi-Transparent Background Color Black White Red Green Blue Yellow Magenta Cyan Transparency Opaque Semi-Transparent Transparent Window Color Black White Red Green Blue Yellow Magenta Cyan Transparency Transparent Semi-Transparent Opaque Font Size 50% 75% 100% 125% 150% 175% 200% 300% 400% Text Edge Style None Raised Depressed Uniform Dropshadow Font Family Proportional Sans-Serif Monospace Sans-Serif Proportional Serif Monospace Serif Casual Script Small Caps Reset restore all settings to the default values Done Close Modal Dialog End of dialog window.,Escape will cancel and close the window.,Backward Skip 10s Play Video Pause Video Forward Skip 10s
A2698-C043,A2698,"KDI “소비 회복에 경기 다소 개선”…석 달째 같은 진단, 현실은?",2025-11-09,https://www.chosun.com/economy/economy_general/2025/11/09/PU2BGMNE3JEOBM3XGQRSWQLMP4/,Backward Skip 10s Play Video Pause Video Forward Skip 10s,Text Color White Black Red Green Blue Yellow Magenta Cyan Transparency Opaque Semi-Transparent Background Color Black White Red Green Blue Yellow Magenta Cyan Transparency Opaque Semi-Transparent Transparent Window Color Black White Red Green Blue Yellow Magenta Cyan Transparency Transparent Semi-Transparent Opaque Font Size 50% 75% 100% 125% 150% 175% 200% 300% 400% Text Edge Style None Raised Depressed Uniform Dropshadow Font Family Proportional Sans-Serif Monospace Sans-Serif Proportional Serif Monospace Serif Casual Script Small Caps Reset restore all settings to the default values Done Close Modal Dialog End of dialog window.,
A2699-C001,A2699,[인사] 국가데이터처,2025-11-09,https://biz.chosun.com/notice/appointment/2025/11/09/BFALMDNKNNAMJE2EAEOIL7P36Y/,"실시간 뉴스 10분 전 [사이언스샷] ""인간은 또 다른 원숭이"" 동물학자 데스먼드 모리스 별세 16분 전 티아고·이승우부터 조위제까지 '융단폭격' 예고...인천 '후반전 집중력 저하' 극복할까 [오!쎈 프리뷰] 17분 전 유안타證 ""KT&G, 실적·주당가치 모두 오른다…목표가↑"" 18분 전 '와' 류현진 제치고 1위!",,"드래프트 초대도 못 받았는데 韓 평정 실화냐...1선발 같은 5선발, 당차게 외쳤다 ""올해 10승 한다"" 32분 전 '토트넘 큰일났다' 웨스트햄, C.팰리스 원정서 0-0 무승부...승점 1점 추가하며 토트넘과 2점 차 유지 33분 전 폰세급 맞네! '체인지업과 스위퍼' 韓 45년 최초 20이닝 무실점 대기록 비결…오타니부터 시작됐다 37분 전 다카이치, 야스쿠니 신사에 공물 봉납…"
A2699-C002,A2699,[인사] 국가데이터처,2025-11-09,https://biz.chosun.com/notice/appointment/2025/11/09/BFALMDNKNNAMJE2EAEOIL7P36Y/,"드래프트 초대도 못 받았는데 韓 평정 실화냐...1선발 같은 5선발, 당차게 외쳤다 ""올해 10승 한다"" 32분 전 '토트넘 큰일났다' 웨스트햄, C.팰리스 원정서 0-0 무승부...승점 1점 추가하며 토트넘과 2점 차 유지 33분 전 폰세급 맞네! '체인지업과 스위퍼' 韓 45년 최초 20이닝 무실점 대기록 비결…오타니부터 시작됐다 37분 전 다카이치, 야스쿠니 신사에 공물 봉납…","실시간 뉴스 10분 전 [사이언스샷] ""인간은 또 다른 원숭이"" 동물학자 데스먼드 모리스 별세 16분 전 티아고·이승우부터 조위제까지 '융단폭격' 예고...인천 '후반전 집중력 저하' 극복할까 [오!쎈 프리뷰] 17분 전 유안타證 ""KT&G, 실적·주당가치 모두 오른다…목표가↑"" 18분 전 '와' 류현진 제치고 1위!","참배는 보류할 듯 39분 전 젠니혼주류, 2026 대한민국주류대상 사케·와인 부문 14종 대상 40분 전 조은술세종 '아이엠더문', 2026 대한민국주류대상 대상 41분 전 공사사양조 '삭 블랙 50′, 2026 대한민국주류대상 대상"
A2699-C003,A2699,[인사] 국가데이터처,2025-11-09,https://biz.chosun.com/notice/appointment/2025/11/09/BFALMDNKNNAMJE2EAEOIL7P36Y/,"참배는 보류할 듯 39분 전 젠니혼주류, 2026 대한민국주류대상 사케·와인 부문 14종 대상 40분 전 조은술세종 '아이엠더문', 2026 대한민국주류대상 대상 41분 전 공사사양조 '삭 블랙 50′, 2026 대한민국주류대상 대상","드래프트 초대도 못 받았는데 韓 평정 실화냐...1선발 같은 5선발, 당차게 외쳤다 ""올해 10승 한다"" 32분 전 '토트넘 큰일났다' 웨스트햄, C.팰리스 원정서 0-0 무승부...승점 1점 추가하며 토트넘과 2점 차 유지 33분 전 폰세급 맞네! '체인지업과 스위퍼' 韓 45년 최초 20이닝 무실점 대기록 비결…오타니부터 시작됐다 37분 전 다카이치, 야스쿠니 신사에 공물 봉납…",
A2700-C001,A2700,수출 ‘톱10′ 기업 비중 40%로 역대 최대...‘대기업 쏠림’ 심화,2025-11-10,https://www.chosun.com/economy/economy_general/2025/11/10/STP3LFTONFGQLFJKML7SF2LS24/,올해 3분기 수출액 상위 10대 기업의 무역집중도가 40%로 역대 최고치를 기록했다.,,반도체 수출 호황으로 대기업 실적이 크게 개선되면서 수출이 소수 대기업에 집중되는 현상이 심화되고 있다.
A2700-C002,A2700,수출 ‘톱10′ 기업 비중 40%로 역대 최대...‘대기업 쏠림’ 심화,2025-11-10,https://www.chosun.com/economy/economy_general/2025/11/10/STP3LFTONFGQLFJKML7SF2LS24/,반도체 수출 호황으로 대기업 실적이 크게 개선되면서 수출이 소수 대기업에 집중되는 현상이 심화되고 있다.,올해 3분기 수출액 상위 10대 기업의 무역집중도가 40%로 역대 최고치를 기록했다.,전체 수출이 늘어도 중소·중견기업이 체감하는 효과는 제한적이어서 수출 증가세가 경제 전반의 활력으로 이어지지 못하고 있다는 지적이 나온다.
A2700-C003,A2700,수출 ‘톱10′ 기업 비중 40%로 역대 최대...‘대기업 쏠림’ 심화,2025-11-10,https://www.chosun.com/economy/economy_general/2025/11/10/STP3LFTONFGQLFJKML7SF2LS24/,전체 수출이 늘어도 중소·중견기업이 체감하는 효과는 제한적이어서 수출 증가세가 경제 전반의 활력으로 이어지지 못하고 있다는 지적이 나온다.,반도체 수출 호황으로 대기업 실적이 크게 개선되면서 수출이 소수 대기업에 집중되는 현상이 심화되고 있다.,"국가데이터처가 10일 발표한 ’2025년 3분기 기업특성별 무역통계’에 따르면, 3분기 수출액 상위 10개 기업의 무역집중도는 40.0%로 지난해 3분기(37.4%)보다 2.6%포인트 상승했다."
A2700-C004,A2700,수출 ‘톱10′ 기업 비중 40%로 역대 최대...‘대기업 쏠림’ 심화,2025-11-10,https://www.chosun.com/economy/economy_general/2025/11/10/STP3LFTONFGQLFJKML7SF2LS24/,"국가데이터처가 10일 발표한 ’2025년 3분기 기업특성별 무역통계’에 따르면, 3분기 수출액 상위 10개 기업의 무역집중도는 40.0%로 지난해 3분기(37.4%)보다 2.6%포인트 상승했다.",전체 수출이 늘어도 중소·중견기업이 체감하는 효과는 제한적이어서 수출 증가세가 경제 전반의 활력으로 이어지지 못하고 있다는 지적이 나온다.,이는 2015년 기업 특성별 분기 통계 작성 이래 가장 높은 수치다.
A2700-C005,A2700,수출 ‘톱10′ 기업 비중 40%로 역대 최대...‘대기업 쏠림’ 심화,2025-11-10,https://www.chosun.com/economy/economy_general/2025/11/10/STP3LFTONFGQLFJKML7SF2LS24/,이는 2015년 기업 특성별 분기 통계 작성 이래 가장 높은 수치다.,"국가데이터처가 10일 발표한 ’2025년 3분기 기업특성별 무역통계’에 따르면, 3분기 수출액 상위 10개 기업의 무역집중도는 40.0%로 지난해 3분기(37.4%)보다 2.6%포인트 상승했다.",삼성전자·SK하이닉스 등 반도체 기업과 현대차·LG 등 상위 10개 기업이 전체 수출의 40%를 차지한 셈이다.
A2700-C006,A2700,수출 ‘톱10′ 기업 비중 40%로 역대 최대...‘대기업 쏠림’ 심화,2025-11-10,https://www.chosun.com/economy/economy_general/2025/11/10/STP3LFTONFGQLFJKML7SF2LS24/,삼성전자·SK하이닉스 등 반도체 기업과 현대차·LG 등 상위 10개 기업이 전체 수출의 40%를 차지한 셈이다.,이는 2015년 기업 특성별 분기 통계 작성 이래 가장 높은 수치다.,반면 상위 100대 기업의 무역집중도는 67.6%로 0.2%포인트 하락했다.
A2700-C007,A2700,수출 ‘톱10′ 기업 비중 40%로 역대 최대...‘대기업 쏠림’ 심화,2025-11-10,https://www.chosun.com/economy/economy_general/2025/11/10/STP3LFTONFGQLFJKML7SF2LS24/,반면 상위 100대 기업의 무역집중도는 67.6%로 0.2%포인트 하락했다.,삼성전자·SK하이닉스 등 반도체 기업과 현대차·LG 등 상위 10개 기업이 전체 수출의 40%를 차지한 셈이다.,톱10 기업과 그 다음 90개 기업 간 수출 격차가 벌어지면서 대기업 내에서도 양극화가 진행되는 것으로 풀이된다.
A2700-C008,A2700,수출 ‘톱10′ 기업 비중 40%로 역대 최대...‘대기업 쏠림’ 심화,2025-11-10,https://www.chosun.com/economy/economy_general/2025/11/10/STP3LFTONFGQLFJKML7SF2LS24/,톱10 기업과 그 다음 90개 기업 간 수출 격차가 벌어지면서 대기업 내에서도 양극화가 진행되는 것으로 풀이된다.,반면 상위 100대 기업의 무역집중도는 67.6%로 0.2%포인트 하락했다.,◇중소·중견 비중은 제자리…온기 못 느껴 기업 규모별로 보면 대기업 수출액은 1223억달러(약 178조원)로 5.1% 증가하며 분기 기준 역대 최대 실적을 달성했다.
A2700-C009,A2700,수출 ‘톱10′ 기업 비중 40%로 역대 최대...‘대기업 쏠림’ 심화,2025-11-10,https://www.chosun.com/economy/economy_general/2025/11/10/STP3LFTONFGQLFJKML7SF2LS24/,◇중소·중견 비중은 제자리…온기 못 느껴 기업 규모별로 보면 대기업 수출액은 1223억달러(약 178조원)로 5.1% 증가하며 분기 기준 역대 최대 실적을 달성했다.,톱10 기업과 그 다음 90개 기업 간 수출 격차가 벌어지면서 대기업 내에서도 양극화가 진행되는 것으로 풀이된다.,중견기업도 323억달러(약 47조원)로 7.0% 늘어 분기 최고치를 기록했다.
A2700-C010,A2700,수출 ‘톱10′ 기업 비중 40%로 역대 최대...‘대기업 쏠림’ 심화,2025-11-10,https://www.chosun.com/economy/economy_general/2025/11/10/STP3LFTONFGQLFJKML7SF2LS24/,중견기업도 323억달러(약 47조원)로 7.0% 늘어 분기 최고치를 기록했다.,◇중소·중견 비중은 제자리…온기 못 느껴 기업 규모별로 보면 대기업 수출액은 1223억달러(약 178조원)로 5.1% 증가하며 분기 기준 역대 최대 실적을 달성했다.,중소기업은 298억달러(약 43조원)로 11.9% 증가했다.
A2700-C011,A2700,수출 ‘톱10′ 기업 비중 40%로 역대 최대...‘대기업 쏠림’ 심화,2025-11-10,https://www.chosun.com/economy/economy_general/2025/11/10/STP3LFTONFGQLFJKML7SF2LS24/,중소기업은 298억달러(약 43조원)로 11.9% 증가했다.,중견기업도 323억달러(약 47조원)로 7.0% 늘어 분기 최고치를 기록했다.,"전체 수출에서 차지하는 비중을 보면, 대기업이 전체 수출의 66.1%를 차지하며 지난해 3분기(67.0%)와 비슷한 수준을 유지했다."
A2700-C012,A2700,수출 ‘톱10′ 기업 비중 40%로 역대 최대...‘대기업 쏠림’ 심화,2025-11-10,https://www.chosun.com/economy/economy_general/2025/11/10/STP3LFTONFGQLFJKML7SF2LS24/,"전체 수출에서 차지하는 비중을 보면, 대기업이 전체 수출의 66.1%를 차지하며 지난해 3분기(67.0%)와 비슷한 수준을 유지했다.",중소기업은 298억달러(약 43조원)로 11.9% 증가했다.,중견기업(17.5%)과 중소기업(16.1%) 비중도 거의 변하지 않았다.
A2700-C013,A2700,수출 ‘톱10′ 기업 비중 40%로 역대 최대...‘대기업 쏠림’ 심화,2025-11-10,https://www.chosun.com/economy/economy_general/2025/11/10/STP3LFTONFGQLFJKML7SF2LS24/,중견기업(17.5%)과 중소기업(16.1%) 비중도 거의 변하지 않았다.,"전체 수출에서 차지하는 비중을 보면, 대기업이 전체 수출의 66.1%를 차지하며 지난해 3분기(67.0%)와 비슷한 수준을 유지했다.","수출 기업 수가 6만9808개로 4.5% 늘었지만, 대다수 기업들이 체감하는 수출 증가 효과는 미미한 것이다."
A2700-C014,A2700,수출 ‘톱10′ 기업 비중 40%로 역대 최대...‘대기업 쏠림’ 심화,2025-11-10,https://www.chosun.com/economy/economy_general/2025/11/10/STP3LFTONFGQLFJKML7SF2LS24/,"수출 기업 수가 6만9808개로 4.5% 늘었지만, 대다수 기업들이 체감하는 수출 증가 효과는 미미한 것이다.",중견기업(17.5%)과 중소기업(16.1%) 비중도 거의 변하지 않았다.,한 중견기업 관계자는 “반도체 호황 소식은 뉴스에서만 보이지 우리 같은 중견기업들은 원자재 가격 상승과 환율 변동으로 마진이 더 악화됐다”며 “대기업 실적이 좋다고 해서 전체 경제가 좋아진 것처럼 보이는 건 착시”라고 말했다.
A2700-C015,A2700,수출 ‘톱10′ 기업 비중 40%로 역대 최대...‘대기업 쏠림’ 심화,2025-11-10,https://www.chosun.com/economy/economy_general/2025/11/10/STP3LFTONFGQLFJKML7SF2LS24/,한 중견기업 관계자는 “반도체 호황 소식은 뉴스에서만 보이지 우리 같은 중견기업들은 원자재 가격 상승과 환율 변동으로 마진이 더 악화됐다”며 “대기업 실적이 좋다고 해서 전체 경제가 좋아진 것처럼 보이는 건 착시”라고 말했다.,"수출 기업 수가 6만9808개로 4.5% 늘었지만, 대다수 기업들이 체감하는 수출 증가 효과는 미미한 것이다.","◇반도체 호황, 내수로 안 퍼져 재화 성질별로 보면 반도체와 자동차, 디스플레이, 유·무선 통신기기 등으로 대표되는 자본재 수출은 1110억달러로 11.2% 증가하며 8개 분기 연속 상승세를 기록했다."
A2700-C016,A2700,수출 ‘톱10′ 기업 비중 40%로 역대 최대...‘대기업 쏠림’ 심화,2025-11-10,https://www.chosun.com/economy/economy_general/2025/11/10/STP3LFTONFGQLFJKML7SF2LS24/,"◇반도체 호황, 내수로 안 퍼져 재화 성질별로 보면 반도체와 자동차, 디스플레이, 유·무선 통신기기 등으로 대표되는 자본재 수출은 1110억달러로 11.2% 증가하며 8개 분기 연속 상승세를 기록했다.",한 중견기업 관계자는 “반도체 호황 소식은 뉴스에서만 보이지 우리 같은 중견기업들은 원자재 가격 상승과 환율 변동으로 마진이 더 악화됐다”며 “대기업 실적이 좋다고 해서 전체 경제가 좋아진 것처럼 보이는 건 착시”라고 말했다.,자본재 중에서도 반도체 등 IT부품이 511억달러로 24.3% 급증했다.
A2700-C017,A2700,수출 ‘톱10′ 기업 비중 40%로 역대 최대...‘대기업 쏠림’ 심화,2025-11-10,https://www.chosun.com/economy/economy_general/2025/11/10/STP3LFTONFGQLFJKML7SF2LS24/,자본재 중에서도 반도체 등 IT부품이 511억달러로 24.3% 급증했다.,"◇반도체 호황, 내수로 안 퍼져 재화 성질별로 보면 반도체와 자동차, 디스플레이, 유·무선 통신기기 등으로 대표되는 자본재 수출은 1110억달러로 11.2% 증가하며 8개 분기 연속 상승세를 기록했다.",문제는 이런 수출 호황이 국내 경제 전반으로 파급되지 않는다는 점이다.
A2700-C018,A2700,수출 ‘톱10′ 기업 비중 40%로 역대 최대...‘대기업 쏠림’ 심화,2025-11-10,https://www.chosun.com/economy/economy_general/2025/11/10/STP3LFTONFGQLFJKML7SF2LS24/,문제는 이런 수출 호황이 국내 경제 전반으로 파급되지 않는다는 점이다.,자본재 중에서도 반도체 등 IT부품이 511억달러로 24.3% 급증했다.,"대기업의 경우 자본재 수출이 773억달러로 12.2% 증가했지만, 원자재(-5.1%)와 소비재(-5.4%)는 감소했다."
A2700-C019,A2700,수출 ‘톱10′ 기업 비중 40%로 역대 최대...‘대기업 쏠림’ 심화,2025-11-10,https://www.chosun.com/economy/economy_general/2025/11/10/STP3LFTONFGQLFJKML7SF2LS24/,"대기업의 경우 자본재 수출이 773억달러로 12.2% 증가했지만, 원자재(-5.1%)와 소비재(-5.4%)는 감소했다.",문제는 이런 수출 호황이 국내 경제 전반으로 파급되지 않는다는 점이다.,"중견기업과 중소기업은 자본재, 소비재, 원자재 모두 증가했지만 절대 금액은 대기업에 비해 크게 작았다."
A2700-C020,A2700,수출 ‘톱10′ 기업 비중 40%로 역대 최대...‘대기업 쏠림’ 심화,2025-11-10,https://www.chosun.com/economy/economy_general/2025/11/10/STP3LFTONFGQLFJKML7SF2LS24/,"중견기업과 중소기업은 자본재, 소비재, 원자재 모두 증가했지만 절대 금액은 대기업에 비해 크게 작았다.","대기업의 경우 자본재 수출이 773억달러로 12.2% 증가했지만, 원자재(-5.1%)와 소비재(-5.4%)는 감소했다.",최근 증시 호황과 3분기 ‘깜짝 성장’에도 불구하고 내수 경기가 얼어붙은 배경이라는 분석이다.
A2700-C021,A2700,수출 ‘톱10′ 기업 비중 40%로 역대 최대...‘대기업 쏠림’ 심화,2025-11-10,https://www.chosun.com/economy/economy_general/2025/11/10/STP3LFTONFGQLFJKML7SF2LS24/,최근 증시 호황과 3분기 ‘깜짝 성장’에도 불구하고 내수 경기가 얼어붙은 배경이라는 분석이다.,"중견기업과 중소기업은 자본재, 소비재, 원자재 모두 증가했지만 절대 금액은 대기업에 비해 크게 작았다.",정부가 소비 쿠폰을 지급하며 민간 소비를 끌어올리려 하지만 일시적 효과에 그칠 것이란 우려가 나온다.
A2700-C022,A2700,수출 ‘톱10′ 기업 비중 40%로 역대 최대...‘대기업 쏠림’ 심화,2025-11-10,https://www.chosun.com/economy/economy_general/2025/11/10/STP3LFTONFGQLFJKML7SF2LS24/,정부가 소비 쿠폰을 지급하며 민간 소비를 끌어올리려 하지만 일시적 효과에 그칠 것이란 우려가 나온다.,최근 증시 호황과 3분기 ‘깜짝 성장’에도 불구하고 내수 경기가 얼어붙은 배경이라는 분석이다.,수출 대기업들이 번 돈이 국내 투자나 고용으로 이어지지 않고 있기 때문이다.
A2700-C023,A2700,수출 ‘톱10′ 기업 비중 40%로 역대 최대...‘대기업 쏠림’ 심화,2025-11-10,https://www.chosun.com/economy/economy_general/2025/11/10/STP3LFTONFGQLFJKML7SF2LS24/,수출 대기업들이 번 돈이 국내 투자나 고용으로 이어지지 않고 있기 때문이다.,정부가 소비 쿠폰을 지급하며 민간 소비를 끌어올리려 하지만 일시적 효과에 그칠 것이란 우려가 나온다.,실제로 삼성전자와 SK하이닉스 등 주요 수출 대기업들은 미국 관세 우려와 국내 규제 부담 등으로 해외 투자를 늘리고 있다.
A2700-C024,A2700,수출 ‘톱10′ 기업 비중 40%로 역대 최대...‘대기업 쏠림’ 심화,2025-11-10,https://www.chosun.com/economy/economy_general/2025/11/10/STP3LFTONFGQLFJKML7SF2LS24/,실제로 삼성전자와 SK하이닉스 등 주요 수출 대기업들은 미국 관세 우려와 국내 규제 부담 등으로 해외 투자를 늘리고 있다.,수출 대기업들이 번 돈이 국내 투자나 고용으로 이어지지 않고 있기 때문이다.,지난달 한국은행이 발표한 ’2024년 해외직접투자 동향’에 따르면 작년 해외직접투자는 672억달러로 전년 대비 10.4% 증가했다.
A2700-C025,A2700,수출 ‘톱10′ 기업 비중 40%로 역대 최대...‘대기업 쏠림’ 심화,2025-11-10,https://www.chosun.com/economy/economy_general/2025/11/10/STP3LFTONFGQLFJKML7SF2LS24/,지난달 한국은행이 발표한 ’2024년 해외직접투자 동향’에 따르면 작년 해외직접투자는 672억달러로 전년 대비 10.4% 증가했다.,실제로 삼성전자와 SK하이닉스 등 주요 수출 대기업들은 미국 관세 우려와 국내 규제 부담 등으로 해외 투자를 늘리고 있다.,벌어들인 돈을 해외 공장과 인력 채용에 쏟아붓는 만큼 국내 경제에는 낙수효과가 제한적일 수밖에 없다.
A2700-C026,A2700,수출 ‘톱10′ 기업 비중 40%로 역대 최대...‘대기업 쏠림’ 심화,2025-11-10,https://www.chosun.com/economy/economy_general/2025/11/10/STP3LFTONFGQLFJKML7SF2LS24/,벌어들인 돈을 해외 공장과 인력 채용에 쏟아붓는 만큼 국내 경제에는 낙수효과가 제한적일 수밖에 없다.,지난달 한국은행이 발표한 ’2024년 해외직접투자 동향’에 따르면 작년 해외직접투자는 672억달러로 전년 대비 10.4% 증가했다.,◇소비재도 반등했지만…구조는 그대로 자동차와 화장품 등 소비재 수출은 239억달러로 4.9% 증가하며 5개 분기 만에 증가세로 전환했다.
A2700-C027,A2700,수출 ‘톱10′ 기업 비중 40%로 역대 최대...‘대기업 쏠림’ 심화,2025-11-10,https://www.chosun.com/economy/economy_general/2025/11/10/STP3LFTONFGQLFJKML7SF2LS24/,◇소비재도 반등했지만…구조는 그대로 자동차와 화장품 등 소비재 수출은 239억달러로 4.9% 증가하며 5개 분기 만에 증가세로 전환했다.,벌어들인 돈을 해외 공장과 인력 채용에 쏟아붓는 만큼 국내 경제에는 낙수효과가 제한적일 수밖에 없다.,지난해 3분기부터 올해 2분기까지 줄곧 마이너스였던 소비재 수출은 유럽연합(EU)으로의 자동차 수출과 독립국가연합(CIS) 지역으로의 중고차 수출이 늘면서 반등했다.
A2700-C028,A2700,수출 ‘톱10′ 기업 비중 40%로 역대 최대...‘대기업 쏠림’ 심화,2025-11-10,https://www.chosun.com/economy/economy_general/2025/11/10/STP3LFTONFGQLFJKML7SF2LS24/,지난해 3분기부터 올해 2분기까지 줄곧 마이너스였던 소비재 수출은 유럽연합(EU)으로의 자동차 수출과 독립국가연합(CIS) 지역으로의 중고차 수출이 늘면서 반등했다.,◇소비재도 반등했지만…구조는 그대로 자동차와 화장품 등 소비재 수출은 239억달러로 4.9% 증가하며 5개 분기 만에 증가세로 전환했다.,하지만 이마저도 현대차 등 대기업 중심이다.
A2700-C029,A2700,수출 ‘톱10′ 기업 비중 40%로 역대 최대...‘대기업 쏠림’ 심화,2025-11-10,https://www.chosun.com/economy/economy_general/2025/11/10/STP3LFTONFGQLFJKML7SF2LS24/,하지만 이마저도 현대차 등 대기업 중심이다.,지난해 3분기부터 올해 2분기까지 줄곧 마이너스였던 소비재 수출은 유럽연합(EU)으로의 자동차 수출과 독립국가연합(CIS) 지역으로의 중고차 수출이 늘면서 반등했다.,"대기업의 소비재 수출은 119억달러로 여전히 5.4% 감소했지만, 중견기업(4.4%)과 중소기업(24.9%)은 증가했다."
A2700-C030,A2700,수출 ‘톱10′ 기업 비중 40%로 역대 최대...‘대기업 쏠림’ 심화,2025-11-10,https://www.chosun.com/economy/economy_general/2025/11/10/STP3LFTONFGQLFJKML7SF2LS24/,"대기업의 소비재 수출은 119억달러로 여전히 5.4% 감소했지만, 중견기업(4.4%)과 중소기업(24.9%)은 증가했다.",하지만 이마저도 현대차 등 대기업 중심이다.,중소기업의 소비재 수출 증가율이 높아 보이지만 금액으로는 84억달러에 불과해 대기업의 70% 수준이다.
A2700-C031,A2700,수출 ‘톱10′ 기업 비중 40%로 역대 최대...‘대기업 쏠림’ 심화,2025-11-10,https://www.chosun.com/economy/economy_general/2025/11/10/STP3LFTONFGQLFJKML7SF2LS24/,중소기업의 소비재 수출 증가율이 높아 보이지만 금액으로는 84억달러에 불과해 대기업의 70% 수준이다.,"대기업의 소비재 수출은 119억달러로 여전히 5.4% 감소했지만, 중견기업(4.4%)과 중소기업(24.9%)은 증가했다.",한 경제학자는 “한국 경제가 반도체 사이클에 지나치게 의존하는 구조가 고착화되고 있다”며 “대기업 실적이 좋아도 중소·중견기업과 내수가 함께 좋아지지 않으면 ‘반쪽 성장’에 그칠 수밖에 없다”고 지적했다.
A2700-C032,A2700,수출 ‘톱10′ 기업 비중 40%로 역대 최대...‘대기업 쏠림’ 심화,2025-11-10,https://www.chosun.com/economy/economy_general/2025/11/10/STP3LFTONFGQLFJKML7SF2LS24/,한 경제학자는 “한국 경제가 반도체 사이클에 지나치게 의존하는 구조가 고착화되고 있다”며 “대기업 실적이 좋아도 중소·중견기업과 내수가 함께 좋아지지 않으면 ‘반쪽 성장’에 그칠 수밖에 없다”고 지적했다.,중소기업의 소비재 수출 증가율이 높아 보이지만 금액으로는 84억달러에 불과해 대기업의 70% 수준이다.,지역별로는 동남아시아 수출이 556억달러(약 81조원)로 17.4% 급증하며 분기 기준 최대치를 기록했다.
A2700-C033,A2700,수출 ‘톱10′ 기업 비중 40%로 역대 최대...‘대기업 쏠림’ 심화,2025-11-10,https://www.chosun.com/economy/economy_general/2025/11/10/STP3LFTONFGQLFJKML7SF2LS24/,지역별로는 동남아시아 수출이 556억달러(약 81조원)로 17.4% 급증하며 분기 기준 최대치를 기록했다.,한 경제학자는 “한국 경제가 반도체 사이클에 지나치게 의존하는 구조가 고착화되고 있다”며 “대기업 실적이 좋아도 중소·중견기업과 내수가 함께 좋아지지 않으면 ‘반쪽 성장’에 그칠 수밖에 없다”고 지적했다.,"미국 수출은 293억달러로 3.9% 감소했고, 중국은 337억달러로 1.8% 줄었다."
A2700-C034,A2700,수출 ‘톱10′ 기업 비중 40%로 역대 최대...‘대기업 쏠림’ 심화,2025-11-10,https://www.chosun.com/economy/economy_general/2025/11/10/STP3LFTONFGQLFJKML7SF2LS24/,"미국 수출은 293억달러로 3.9% 감소했고, 중국은 337억달러로 1.8% 줄었다.",지역별로는 동남아시아 수출이 556억달러(약 81조원)로 17.4% 급증하며 분기 기준 최대치를 기록했다.,"산업별로는 광제조업이 1595억달러로 8.0% 늘었고, 전기전자(15.0%)와 운송장비(9.3%) 수출이 크게 증가했다."
A2700-C035,A2700,수출 ‘톱10′ 기업 비중 40%로 역대 최대...‘대기업 쏠림’ 심화,2025-11-10,https://www.chosun.com/economy/economy_general/2025/11/10/STP3LFTONFGQLFJKML7SF2LS24/,"산업별로는 광제조업이 1595억달러로 8.0% 늘었고, 전기전자(15.0%)와 운송장비(9.3%) 수출이 크게 증가했다.","미국 수출은 293억달러로 3.9% 감소했고, 중국은 337억달러로 1.8% 줄었다.",
A2701-C001,A2701,3분기 수출 역대 최대… 美 관세 폭탄에도 반도체·지역 다변화로 선방,2025-11-10,https://biz.chosun.com/policy/policy_sub/2025/11/10/FJZFOVSDGBEVDPIJJYVIHAC63E/,미국발 관세 폭탄에도 3분기 수출액이 역대 최대를 기록했다.,,대기업뿐 아니라 중견기업 수출도 사상 최고치를 달성했다.
A2701-C002,A2701,3분기 수출 역대 최대… 美 관세 폭탄에도 반도체·지역 다변화로 선방,2025-11-10,https://biz.chosun.com/policy/policy_sub/2025/11/10/FJZFOVSDGBEVDPIJJYVIHAC63E/,대기업뿐 아니라 중견기업 수출도 사상 최고치를 달성했다.,미국발 관세 폭탄에도 3분기 수출액이 역대 최대를 기록했다.,인공지능(AI) 특수를 누린 반도체 산업과 수출 기업의 지역 다변화가 수출 증가세를 이끌었다.
A2701-C003,A2701,3분기 수출 역대 최대… 美 관세 폭탄에도 반도체·지역 다변화로 선방,2025-11-10,https://biz.chosun.com/policy/policy_sub/2025/11/10/FJZFOVSDGBEVDPIJJYVIHAC63E/,인공지능(AI) 특수를 누린 반도체 산업과 수출 기업의 지역 다변화가 수출 증가세를 이끌었다.,대기업뿐 아니라 중견기업 수출도 사상 최고치를 달성했다.,"10일 국가데이터처와 관세청이 발표한 '2025년 3분기 기준 기업 특성별 무역통계 결과(잠정)'에 따르면, 3분기 수출액은 1850억달러로 지난해 같은 기간보다 6.5% 증가했다."
A2701-C004,A2701,3분기 수출 역대 최대… 美 관세 폭탄에도 반도체·지역 다변화로 선방,2025-11-10,https://biz.chosun.com/policy/policy_sub/2025/11/10/FJZFOVSDGBEVDPIJJYVIHAC63E/,"10일 국가데이터처와 관세청이 발표한 '2025년 3분기 기준 기업 특성별 무역통계 결과(잠정)'에 따르면, 3분기 수출액은 1850억달러로 지난해 같은 기간보다 6.5% 증가했다.",인공지능(AI) 특수를 누린 반도체 산업과 수출 기업의 지역 다변화가 수출 증가세를 이끌었다.,"대기업(5.1%), 중견기업(7.0%), 중소기업(11.9%) 모두 전년 동기 대비 3분기 수출이 늘었다."
A2701-C005,A2701,3분기 수출 역대 최대… 美 관세 폭탄에도 반도체·지역 다변화로 선방,2025-11-10,https://biz.chosun.com/policy/policy_sub/2025/11/10/FJZFOVSDGBEVDPIJJYVIHAC63E/,"대기업(5.1%), 중견기업(7.0%), 중소기업(11.9%) 모두 전년 동기 대비 3분기 수출이 늘었다.","10일 국가데이터처와 관세청이 발표한 '2025년 3분기 기준 기업 특성별 무역통계 결과(잠정)'에 따르면, 3분기 수출액은 1850억달러로 지난해 같은 기간보다 6.5% 증가했다.","산업별로 보면, 대기업과 중견기업의 반도체 수출 증가가 전체 수출액 상승을 견인했다."
A2701-C006,A2701,3분기 수출 역대 최대… 美 관세 폭탄에도 반도체·지역 다변화로 선방,2025-11-10,https://biz.chosun.com/policy/policy_sub/2025/11/10/FJZFOVSDGBEVDPIJJYVIHAC63E/,"산업별로 보면, 대기업과 중견기업의 반도체 수출 증가가 전체 수출액 상승을 견인했다.","대기업(5.1%), 중견기업(7.0%), 중소기업(11.9%) 모두 전년 동기 대비 3분기 수출이 늘었다.","전기전자, 운송장비 부문에서 수출이 늘면서, 광·제조업 수출액은 전년도 3분기 대비 8% 증가했다."
A2701-C007,A2701,3분기 수출 역대 최대… 美 관세 폭탄에도 반도체·지역 다변화로 선방,2025-11-10,https://biz.chosun.com/policy/policy_sub/2025/11/10/FJZFOVSDGBEVDPIJJYVIHAC63E/,"전기전자, 운송장비 부문에서 수출이 늘면서, 광·제조업 수출액은 전년도 3분기 대비 8% 증가했다.","산업별로 보면, 대기업과 중견기업의 반도체 수출 증가가 전체 수출액 상승을 견인했다.",특히 SK하이닉스의 고대역폭 메모리(HBM) 수출이 급증해 수출 상위 10대 기업의 무역 집중도(40%)는 역대 최고치를 기록했다.
A2701-C008,A2701,3분기 수출 역대 최대… 美 관세 폭탄에도 반도체·지역 다변화로 선방,2025-11-10,https://biz.chosun.com/policy/policy_sub/2025/11/10/FJZFOVSDGBEVDPIJJYVIHAC63E/,특히 SK하이닉스의 고대역폭 메모리(HBM) 수출이 급증해 수출 상위 10대 기업의 무역 집중도(40%)는 역대 최고치를 기록했다.,"전기전자, 운송장비 부문에서 수출이 늘면서, 광·제조업 수출액은 전년도 3분기 대비 8% 증가했다.","국가데이터처 관계자는 ""대기업, 중견기업, 중소기업 할 것 없이 모두 수출이 증가했지만, 반도체 수출이 크게 늘어나면서 10대 기업의 무역 집중도가 사상 최대치를 나타냈다""고 설명했다."
A2701-C009,A2701,3분기 수출 역대 최대… 美 관세 폭탄에도 반도체·지역 다변화로 선방,2025-11-10,https://biz.chosun.com/policy/policy_sub/2025/11/10/FJZFOVSDGBEVDPIJJYVIHAC63E/,"국가데이터처 관계자는 ""대기업, 중견기업, 중소기업 할 것 없이 모두 수출이 증가했지만, 반도체 수출이 크게 늘어나면서 10대 기업의 무역 집중도가 사상 최대치를 나타냈다""고 설명했다.",특히 SK하이닉스의 고대역폭 메모리(HBM) 수출이 급증해 수출 상위 10대 기업의 무역 집중도(40%)는 역대 최고치를 기록했다.,올해 3분기에는 주요국 수출 감소에도 수출 지역 다변화를 통해 양호한 수출 실적을 거뒀다.
A2701-C010,A2701,3분기 수출 역대 최대… 美 관세 폭탄에도 반도체·지역 다변화로 선방,2025-11-10,https://biz.chosun.com/policy/policy_sub/2025/11/10/FJZFOVSDGBEVDPIJJYVIHAC63E/,올해 3분기에는 주요국 수출 감소에도 수출 지역 다변화를 통해 양호한 수출 실적을 거뒀다.,"국가데이터처 관계자는 ""대기업, 중견기업, 중소기업 할 것 없이 모두 수출이 증가했지만, 반도체 수출이 크게 늘어나면서 10대 기업의 무역 집중도가 사상 최대치를 나타냈다""고 설명했다.","국가별로 보면 미국으로의 수출액은 전년 동기 대비 3.9% 줄었고, 중국은 1.8% 감소했다."
A2701-C011,A2701,3분기 수출 역대 최대… 美 관세 폭탄에도 반도체·지역 다변화로 선방,2025-11-10,https://biz.chosun.com/policy/policy_sub/2025/11/10/FJZFOVSDGBEVDPIJJYVIHAC63E/,"국가별로 보면 미국으로의 수출액은 전년 동기 대비 3.9% 줄었고, 중국은 1.8% 감소했다.",올해 3분기에는 주요국 수출 감소에도 수출 지역 다변화를 통해 양호한 수출 실적을 거뒀다.,"반면 동남아 지역으로의 수출은 전년 동기 대비 17.4% 늘었고, 유럽연합(EU) 지역은 5.8%, 독립국가연합(CIS) 지역은 28% 증가했다."
A2701-C012,A2701,3분기 수출 역대 최대… 美 관세 폭탄에도 반도체·지역 다변화로 선방,2025-11-10,https://biz.chosun.com/policy/policy_sub/2025/11/10/FJZFOVSDGBEVDPIJJYVIHAC63E/,"반면 동남아 지역으로의 수출은 전년 동기 대비 17.4% 늘었고, 유럽연합(EU) 지역은 5.8%, 독립국가연합(CIS) 지역은 28% 증가했다.","국가별로 보면 미국으로의 수출액은 전년 동기 대비 3.9% 줄었고, 중국은 1.8% 감소했다.","국가데이터처 관계자는 ""대미 자동차 수출은 줄었지만, EU 지역으로의 전기차 수출과 독립국가연합으로의 중고차 수출이 크게 늘었다""며 ""수출 지역 다변화가 대미 수출 감소분을 상쇄했다""고 말했다."
A2701-C013,A2701,3분기 수출 역대 최대… 美 관세 폭탄에도 반도체·지역 다변화로 선방,2025-11-10,https://biz.chosun.com/policy/policy_sub/2025/11/10/FJZFOVSDGBEVDPIJJYVIHAC63E/,"국가데이터처 관계자는 ""대미 자동차 수출은 줄었지만, EU 지역으로의 전기차 수출과 독립국가연합으로의 중고차 수출이 크게 늘었다""며 ""수출 지역 다변화가 대미 수출 감소분을 상쇄했다""고 말했다.","반면 동남아 지역으로의 수출은 전년 동기 대비 17.4% 늘었고, 유럽연합(EU) 지역은 5.8%, 독립국가연합(CIS) 지역은 28% 증가했다.",English 기사보기 안소영 기자 편집국 정치경제부 기자 세종시에서 사회정책을 취재하고 있습니다.
A2701-C014,A2701,3분기 수출 역대 최대… 美 관세 폭탄에도 반도체·지역 다변화로 선방,2025-11-10,https://biz.chosun.com/policy/policy_sub/2025/11/10/FJZFOVSDGBEVDPIJJYVIHAC63E/,English 기사보기 안소영 기자 편집국 정치경제부 기자 세종시에서 사회정책을 취재하고 있습니다.,"국가데이터처 관계자는 ""대미 자동차 수출은 줄었지만, EU 지역으로의 전기차 수출과 독립국가연합으로의 중고차 수출이 크게 늘었다""며 ""수출 지역 다변화가 대미 수출 감소분을 상쇄했다""고 말했다.",세종시에서 사회정책을 취재하고 있습니다.
A2701-C015,A2701,3분기 수출 역대 최대… 美 관세 폭탄에도 반도체·지역 다변화로 선방,2025-11-10,https://biz.chosun.com/policy/policy_sub/2025/11/10/FJZFOVSDGBEVDPIJJYVIHAC63E/,세종시에서 사회정책을 취재하고 있습니다.,English 기사보기 안소영 기자 편집국 정치경제부 기자 세종시에서 사회정책을 취재하고 있습니다.,오늘의 핫뉴스 K뷰티 美서 인기라더니…
A2701-C016,A2701,3분기 수출 역대 최대… 美 관세 폭탄에도 반도체·지역 다변화로 선방,2025-11-10,https://biz.chosun.com/policy/policy_sub/2025/11/10/FJZFOVSDGBEVDPIJJYVIHAC63E/,오늘의 핫뉴스 K뷰티 美서 인기라더니…,세종시에서 사회정책을 취재하고 있습니다.,"죽 쑤는 북미 공장의 아이러니 ""현대차는 좀 고리타분해…"""
A2701-C017,A2701,3분기 수출 역대 최대… 美 관세 폭탄에도 반도체·지역 다변화로 선방,2025-11-10,https://biz.chosun.com/policy/policy_sub/2025/11/10/FJZFOVSDGBEVDPIJJYVIHAC63E/,"죽 쑤는 북미 공장의 아이러니 ""현대차는 좀 고리타분해…""",오늘의 핫뉴스 K뷰티 美서 인기라더니…,"14년 뒤 이미지 바꾼 한 수 李, 대선 때 54억원 썼다…"
A2701-C018,A2701,3분기 수출 역대 최대… 美 관세 폭탄에도 반도체·지역 다변화로 선방,2025-11-10,https://biz.chosun.com/policy/policy_sub/2025/11/10/FJZFOVSDGBEVDPIJJYVIHAC63E/,"14년 뒤 이미지 바꾼 한 수 李, 대선 때 54억원 썼다…","죽 쑤는 북미 공장의 아이러니 ""현대차는 좀 고리타분해…""","네이버 속 선거 광고, 단가는?"
A2701-C019,A2701,3분기 수출 역대 최대… 美 관세 폭탄에도 반도체·지역 다변화로 선방,2025-11-10,https://biz.chosun.com/policy/policy_sub/2025/11/10/FJZFOVSDGBEVDPIJJYVIHAC63E/,"네이버 속 선거 광고, 단가는?","14년 뒤 이미지 바꾼 한 수 李, 대선 때 54억원 썼다…",쟤는 더 주고 나는 왜 없어?
A2701-C020,A2701,3분기 수출 역대 최대… 美 관세 폭탄에도 반도체·지역 다변화로 선방,2025-11-10,https://biz.chosun.com/policy/policy_sub/2025/11/10/FJZFOVSDGBEVDPIJJYVIHAC63E/,쟤는 더 주고 나는 왜 없어?,"네이버 속 선거 광고, 단가는?","서울 공기업 퇴직금 갈린 이유 파킨슨병 징조, 여기에 있었다 ""어쩐지 뱃속이 부글부글"" 정책 많이 본 뉴스 李대통령·모디·이재용, 갤럭시로 '깜짝 셀카'…"
A2701-C021,A2701,3분기 수출 역대 최대… 美 관세 폭탄에도 반도체·지역 다변화로 선방,2025-11-10,https://biz.chosun.com/policy/policy_sub/2025/11/10/FJZFOVSDGBEVDPIJJYVIHAC63E/,"서울 공기업 퇴직금 갈린 이유 파킨슨병 징조, 여기에 있었다 ""어쩐지 뱃속이 부글부글"" 정책 많이 본 뉴스 李대통령·모디·이재용, 갤럭시로 '깜짝 셀카'…",쟤는 더 주고 나는 왜 없어?,"오찬에서 기념사진 촬영 원·달러 환율, 6.3원 내린 1477.2원 마감 법사소위, 집단소송법 공청회 22일 개최… 與野, '소급 적용' 두고 이견 당신이 좋아할 만한 콘텐츠 ""콜레스테롤 냅뒸더니 큰일났어요..“ 2주만에 청소 싹~가능한 “이것”!"
A2701-C022,A2701,3분기 수출 역대 최대… 美 관세 폭탄에도 반도체·지역 다변화로 선방,2025-11-10,https://biz.chosun.com/policy/policy_sub/2025/11/10/FJZFOVSDGBEVDPIJJYVIHAC63E/,"오찬에서 기념사진 촬영 원·달러 환율, 6.3원 내린 1477.2원 마감 법사소위, 집단소송법 공청회 22일 개최… 與野, '소급 적용' 두고 이견 당신이 좋아할 만한 콘텐츠 ""콜레스테롤 냅뒸더니 큰일났어요..“ 2주만에 청소 싹~가능한 “이것”!","서울 공기업 퇴직금 갈린 이유 파킨슨병 징조, 여기에 있었다 ""어쩐지 뱃속이 부글부글"" 정책 많이 본 뉴스 李대통령·모디·이재용, 갤럭시로 '깜짝 셀카'…",[특허] 세계 최초 특허 더루트 Rg3 돌아가기 30년 묵은똥배 4주만에 폭풍감량?
A2701-C023,A2701,3분기 수출 역대 최대… 美 관세 폭탄에도 반도체·지역 다변화로 선방,2025-11-10,https://biz.chosun.com/policy/policy_sub/2025/11/10/FJZFOVSDGBEVDPIJJYVIHAC63E/,[특허] 세계 최초 특허 더루트 Rg3 돌아가기 30년 묵은똥배 4주만에 폭풍감량?,"오찬에서 기념사진 촬영 원·달러 환율, 6.3원 내린 1477.2원 마감 법사소위, 집단소송법 공청회 22일 개최… 與野, '소급 적용' 두고 이견 당신이 좋아할 만한 콘텐츠 ""콜레스테롤 냅뒸더니 큰일났어요..“ 2주만에 청소 싹~가능한 “이것”!","""똥뱃살 퇴치약"" 지방만 쭉쭉- 빠져 남재현박사의 체지방 다이어트 돌아가기 ""혈관 찌꺼기 방치하면 진짜 큰일나요“,, 2주만에 빠르게 싹~ 청소 가능한 “이것” [특허] 세계 최초 특허 더루트 Rg3 돌아가기 여에스더, ♥홍혜걸 女아나운서 '술자리 목격담' 폭로 ""사진 찍혔다"" 돌아가기 故유주은, 유서 남기고 떠났다 “연기 너무 하고 싶어”…오늘 3주기[Oh!쎈 이슈] 돌아가기 故이주실 암 투병 사망 하루 만 빈소 마련…5일 발인 돌아가기"
A2701-C024,A2701,3분기 수출 역대 최대… 美 관세 폭탄에도 반도체·지역 다변화로 선방,2025-11-10,https://biz.chosun.com/policy/policy_sub/2025/11/10/FJZFOVSDGBEVDPIJJYVIHAC63E/,"""똥뱃살 퇴치약"" 지방만 쭉쭉- 빠져 남재현박사의 체지방 다이어트 돌아가기 ""혈관 찌꺼기 방치하면 진짜 큰일나요“,, 2주만에 빠르게 싹~ 청소 가능한 “이것” [특허] 세계 최초 특허 더루트 Rg3 돌아가기 여에스더, ♥홍혜걸 女아나운서 '술자리 목격담' 폭로 ""사진 찍혔다"" 돌아가기 故유주은, 유서 남기고 떠났다 “연기 너무 하고 싶어”…오늘 3주기[Oh!쎈 이슈] 돌아가기 故이주실 암 투병 사망 하루 만 빈소 마련…5일 발인 돌아가기",[특허] 세계 최초 특허 더루트 Rg3 돌아가기 30년 묵은똥배 4주만에 폭풍감량?,
A2702-C001,A2702,비과세 저축·상생 페이백·항공 마일리지·연금 추납... 연말에 챙기면 돈 됩니다,2025-12-25,https://www.chosun.com/economy/2025/12/25/WWTCUC5STFBA7O7ITYEJWYIJ3Q/,2026년 ‘붉은 말의 해’ 병오년(丙午年)이 어느덧 1주일 앞으로 다가왔다.,,한 해의 끝자락에 서면 자연스럽게 지난 시간을 돌아보게 된다.
A2702-C002,A2702,비과세 저축·상생 페이백·항공 마일리지·연금 추납... 연말에 챙기면 돈 됩니다,2025-12-25,https://www.chosun.com/economy/2025/12/25/WWTCUC5STFBA7O7ITYEJWYIJ3Q/,한 해의 끝자락에 서면 자연스럽게 지난 시간을 돌아보게 된다.,2026년 ‘붉은 말의 해’ 병오년(丙午年)이 어느덧 1주일 앞으로 다가왔다.,재테크 역시 마찬가지다.
A2702-C003,A2702,비과세 저축·상생 페이백·항공 마일리지·연금 추납... 연말에 챙기면 돈 됩니다,2025-12-25,https://www.chosun.com/economy/2025/12/25/WWTCUC5STFBA7O7ITYEJWYIJ3Q/,재테크 역시 마찬가지다.,한 해의 끝자락에 서면 자연스럽게 지난 시간을 돌아보게 된다.,"지난 1년 동안 어떤 선택을 했고, 그 결과는 어땠는지 차분히 점검할 때다."
A2702-C004,A2702,비과세 저축·상생 페이백·항공 마일리지·연금 추납... 연말에 챙기면 돈 됩니다,2025-12-25,https://www.chosun.com/economy/2025/12/25/WWTCUC5STFBA7O7ITYEJWYIJ3Q/,"지난 1년 동안 어떤 선택을 했고, 그 결과는 어땠는지 차분히 점검할 때다.",재테크 역시 마찬가지다.,
