claim_id,claim_measurement_id,article_id,title,date,url,claim_text,prev_sentence,next_sentence,claim_domain_scope,is_recurring_series,metric_domain,indicator,keywords,region,age_group,gender,industry_or_item,population_etc,origin_country,destination_country,period,period_end,prd_se,time_resolution_status,measurement_text,measurement_usage,measurement_source,measurement_indicator,measurement_item,measurement_period,measurement_prd_se,measurement_binding_source,measurement_role,value,value_min,value_max,value_approximate,unit,value_type,direction,change_base,evidence_text,extraction_confidence,needs_review,review_reason,measurement_repaired,measurement_fallback_count,measurement_binding_fallback_count,extraction_model,prompt_version,extracted_at
A2698-C010,A2698-C010-m1,A2698,"KDI “소비 회복에 경기 다소 개선”…석 달째 같은 진단, 현실은?",2025-11-09,https://www.chosun.com/economy/economy_general/2025/11/09/PU2BGMNE3JEOBM3XGQRSWQLMP4/,"도소매, 금융·보험을 중심으로 증가폭이 확대됐으며, 계절조정 전년 동월 대비 기준으로도 3.8% 증가하는 등 양호한 모습을 보였다.",9월 서비스업생산은 전년 동월 대비 6.2% 증가했다.,소비자심리지수도 109.8로 높은 수준을 유지했다.,국내공식통계,Y,소매·소비,서비스업생산 증감률,"서비스업생산, 도소매, 금융·보험, 계절조정",-,-,-,-,-,-,-,2025Q3,-,Q,확정,3.8%,KOSIS_VALUE,hcx,서비스업생산 증감률,-,-,-,hcx,증감률,3.8,-,-,N,%,증감률,증가,전년동기,"도소매, 금융·보험을 중심으로 증가폭이 확대됐으며, 계절조정 전년 동월 대비 기준으로도 3.8% 증가하는 등 양호한 모습을 보였다.",high,Y,measurement_period_ungrounded:1,N,0,0,HCX-007,v1.5-measurement-binding,2026-07-23
A2698-C011,A2698-C011-m1,A2698,"KDI “소비 회복에 경기 다소 개선”…석 달째 같은 진단, 현실은?",2025-11-09,https://www.chosun.com/economy/economy_general/2025/11/09/PU2BGMNE3JEOBM3XGQRSWQLMP4/,소비자심리지수도 109.8로 높은 수준을 유지했다.,"도소매, 금융·보험을 중심으로 증가폭이 확대됐으며, 계절조정 전년 동월 대비 기준으로도 3.8% 증가하는 등 양호한 모습을 보였다.",시장금리 하락세와 2차 민생회복 소비쿠폰 지급 등으로 소비 여건이 개선된 영향이다.,국내공식통계,Y,소매·소비,소비자심리지수,-,-,-,-,-,-,-,-,202511,-,M,확정,109.8,KOSIS_VALUE,hcx,소비자심리지수,-,-,-,hcx,현재값,109.8,-,-,N,포인트,수준값,유지,전월,"""소비자심리지수도 109.8로 높은 수준을 유지했다.""",high,Y,measurement_period_ungrounded:1,Y,0,0,HCX-007,v1.5-measurement-binding,2026-07-23
A2698-C014,-,A2698,"KDI “소비 회복에 경기 다소 개선”…석 달째 같은 진단, 현실은?",2025-11-09,https://www.chosun.com/economy/economy_general/2025/11/09/PU2BGMNE3JEOBM3XGQRSWQLMP4/,하지만 최근 추세와 더 밀접한 전월 대비 소매판매 추이를 보면 다른 그림이 그려진다.,"정부는 7월 전국민 대상 1인당 15만원(최대 55만원), 9~10월 소득 상위 10%를 제외한 국민 90%를 대상으로 1인당 10만원의 소비쿠폰을 지급한 바 있다.","최근 발표된 국가데이터처의 산업활동동향에 따르면, 소비쿠폰이 지급된 후 7월 소매판매는 전월 대비 2.7% 증가했지만, 8월과 9월에는 각각 2.4%, 0.1% 감소하면서 두 달 연속 마이너스를 기록했다.",국내공식통계,Y,소매·소비,소매판매 추이,"소매판매, 전월 대비, 증가, 감소",-,-,-,-,-,-,-,2025Q3,-,Q,확정,-,-,-,-,-,-,-,-,-,-,-,-,-,-,-,-,-,"최근 발표된 국가데이터처의 산업활동동향에 따르면, 소비쿠폰이 지급된 후 7월 소매판매는 전월 대비 2.7% 증가했지만, 8월과 9월에는 각각 2.4%, 0.1% 감소하면서 두 달 연속 마이너스를 기록했다.",high,N,-,N,0,0,HCX-007,v1.5-measurement-binding,2026-07-23
A2698-C015,A2698-C015-m1,A2698,"KDI “소비 회복에 경기 다소 개선”…석 달째 같은 진단, 현실은?",2025-11-09,https://www.chosun.com/economy/economy_general/2025/11/09/PU2BGMNE3JEOBM3XGQRSWQLMP4/,"최근 발표된 국가데이터처의 산업활동동향에 따르면, 소비쿠폰이 지급된 후 7월 소매판매는 전월 대비 2.7% 증가했지만, 8월과 9월에는 각각 2.4%, 0.1% 감소하면서 두 달 연속 마이너스를 기록했다.",하지만 최근 추세와 더 밀접한 전월 대비 소매판매 추이를 보면 다른 그림이 그려진다.,소비쿠폰 효과가 빠르게 사라지면서 부진했던 내수의 민낯이 드러나고 있다는 지적이 나온다.,국내공식통계,Y,소매·소비,소매판매 증감률,"국가데이터처, 산업활동동향, 소비쿠폰, 소매판매",-,-,-,-,-,-,-,2025Q3,-,Q,확정,2.7%,KOSIS_VALUE,hcx,소매판매 증감률,-,-,-,hcx,증감률,2.7,-,-,N,%,증감률,증가,전월,"최근 발표된 국가데이터처의 산업활동동향에 따르면, 소비쿠폰이 지급된 후 7월 소매판매는 전월 대비 2.7% 증가했지만, 8월과 9월에는 각각 2.4%, 0.1% 감소하면서 두 달 연속 마이너스를 기록했다.",high,Y,measurement_period_ungrounded:3,N,0,0,HCX-007,v1.5-measurement-binding,2026-07-23
A2698-C015,A2698-C015-m2,A2698,"KDI “소비 회복에 경기 다소 개선”…석 달째 같은 진단, 현실은?",2025-11-09,https://www.chosun.com/economy/economy_general/2025/11/09/PU2BGMNE3JEOBM3XGQRSWQLMP4/,"최근 발표된 국가데이터처의 산업활동동향에 따르면, 소비쿠폰이 지급된 후 7월 소매판매는 전월 대비 2.7% 증가했지만, 8월과 9월에는 각각 2.4%, 0.1% 감소하면서 두 달 연속 마이너스를 기록했다.",하지만 최근 추세와 더 밀접한 전월 대비 소매판매 추이를 보면 다른 그림이 그려진다.,소비쿠폰 효과가 빠르게 사라지면서 부진했던 내수의 민낯이 드러나고 있다는 지적이 나온다.,국내공식통계,Y,소매·소비,소매판매 증감률,"국가데이터처, 산업활동동향, 소비쿠폰, 소매판매",-,-,-,-,-,-,-,2025Q3,-,Q,확정,2.4%,KOSIS_VALUE,hcx,소매판매 증감률,-,-,-,hcx,증감률,2.4,-,-,N,%,증감률,증가,전월,"최근 발표된 국가데이터처의 산업활동동향에 따르면, 소비쿠폰이 지급된 후 7월 소매판매는 전월 대비 2.7% 증가했지만, 8월과 9월에는 각각 2.4%, 0.1% 감소하면서 두 달 연속 마이너스를 기록했다.",high,Y,measurement_period_ungrounded:3,N,0,0,HCX-007,v1.5-measurement-binding,2026-07-23
A2698-C015,A2698-C015-m3,A2698,"KDI “소비 회복에 경기 다소 개선”…석 달째 같은 진단, 현실은?",2025-11-09,https://www.chosun.com/economy/economy_general/2025/11/09/PU2BGMNE3JEOBM3XGQRSWQLMP4/,"최근 발표된 국가데이터처의 산업활동동향에 따르면, 소비쿠폰이 지급된 후 7월 소매판매는 전월 대비 2.7% 증가했지만, 8월과 9월에는 각각 2.4%, 0.1% 감소하면서 두 달 연속 마이너스를 기록했다.",하지만 최근 추세와 더 밀접한 전월 대비 소매판매 추이를 보면 다른 그림이 그려진다.,소비쿠폰 효과가 빠르게 사라지면서 부진했던 내수의 민낯이 드러나고 있다는 지적이 나온다.,국내공식통계,Y,소매·소비,소매판매 증감률,"국가데이터처, 산업활동동향, 소비쿠폰, 소매판매",-,-,-,-,-,-,-,2025Q3,-,Q,확정,0.1%,KOSIS_VALUE,hcx,소매판매 증감률,-,-,-,hcx,증감률,0.1,-,-,N,%,증감률,증가,전월,"최근 발표된 국가데이터처의 산업활동동향에 따르면, 소비쿠폰이 지급된 후 7월 소매판매는 전월 대비 2.7% 증가했지만, 8월과 9월에는 각각 2.4%, 0.1% 감소하면서 두 달 연속 마이너스를 기록했다.",high,Y,measurement_period_ungrounded:3,N,0,0,HCX-007,v1.5-measurement-binding,2026-07-23
A2698-C017,A2698-C017-m1,A2698,"KDI “소비 회복에 경기 다소 개선”…석 달째 같은 진단, 현실은?",2025-11-09,https://www.chosun.com/economy/economy_general/2025/11/09/PU2BGMNE3JEOBM3XGQRSWQLMP4/,"3분기 전체 소매판매는 2분기 대비 0.7% 증가했지만, 이는 7월 효과가 워낙 컸기 때문이다.",소비쿠폰 효과가 빠르게 사라지면서 부진했던 내수의 민낯이 드러나고 있다는 지적이 나온다.,일회성 정책 효과가 끝나자 소비는 다시 힘을 잃어가는 모습이다.,국내공식통계,N,소매·소비,소매판매 증감률,"소매판매, 2분기 대비, 0.7%",-,-,-,-,-,-,-,2025Q3,-,Q,확정,0.7%,KOSIS_VALUE,hcx,소매판매 증감률,-,-,-,hcx,증감률,0.7,-,-,N,%,증감률,증가,전분기,"3분기 전체 소매판매는 2분기 대비 0.7% 증가했지만, 이는 7월 효과가 워낙 컸기 때문이다.",high,Y,measurement_period_ungrounded:1,N,0,0,HCX-007,v1.5-measurement-binding,2026-07-23
A2698-C018,-,A2698,"KDI “소비 회복에 경기 다소 개선”…석 달째 같은 진단, 현실은?",2025-11-09,https://www.chosun.com/economy/economy_general/2025/11/09/PU2BGMNE3JEOBM3XGQRSWQLMP4/,일회성 정책 효과가 끝나자 소비는 다시 힘을 잃어가는 모습이다.,"3분기 전체 소매판매는 2분기 대비 0.7% 증가했지만, 이는 7월 효과가 워낙 컸기 때문이다.","◇수출 증가세 둔화, 건설투자 부진 지속 수출 증가세는 완만하게 둔화되는 모습을 나타냈다.",국내공식통계,N,소매·소비,소매판매,"소매판매, 수출 증가세, 건설 투자",전국,-,-,-,-,-,-,2025Q3,-,Q,확정,-,-,-,-,-,-,-,-,-,-,-,-,-,-,-,-,-,일회성 정책 효과가 끝나자 소비는 다시 힘을 잃어가는 모습이다.,low,Y,"소매판매 증가율이 전 분기 대비 증가한 것으로 나타나지만, 해당 문장은 소비가 다시 힘을 잃어가고 있다고 주장하고 있어 모순됨.",N,0,0,HCX-007,v1.5-measurement-binding,2026-07-23
A2698-C019,-,A2698,"KDI “소비 회복에 경기 다소 개선”…석 달째 같은 진단, 현실은?",2025-11-09,https://www.chosun.com/economy/economy_general/2025/11/09/PU2BGMNE3JEOBM3XGQRSWQLMP4/,"◇수출 증가세 둔화, 건설투자 부진 지속 수출 증가세는 완만하게 둔화되는 모습을 나타냈다.",일회성 정책 효과가 끝나자 소비는 다시 힘을 잃어가는 모습이다.,10월 수출은 전년 동월 대비 3.6% 증가에 그쳤다.,국내공식통계,Y,무역,수출 증가율,"수출 증가세 둔화, 건설투자 부진 지속",-,-,-,-,-,-,-,202510,-,M,확정,-,-,-,-,-,-,-,-,-,-,-,-,-,-,-,-,-,10월 수출은 전년 동월 대비 3.6% 증가에 그쳤다.,high,N,-,N,0,0,HCX-007,v1.5-measurement-binding,2026-07-23
A2698-C020,A2698-C020-m1,A2698,"KDI “소비 회복에 경기 다소 개선”…석 달째 같은 진단, 현실은?",2025-11-09,https://www.chosun.com/economy/economy_general/2025/11/09/PU2BGMNE3JEOBM3XGQRSWQLMP4/,10월 수출은 전년 동월 대비 3.6% 증가에 그쳤다.,"◇수출 증가세 둔화, 건설투자 부진 지속 수출 증가세는 완만하게 둔화되는 모습을 나타냈다.","반도체경기 호조세는 유지됐으나, 미국 관세 인상의 부정적 영향이 파급되면서 수출 증가세가 점차 둔화됐다.",국내공식통계,Y,무역,수출 증가율,"수출 증가세, 반도체경기, 미국 관세 인상",-,-,-,-,-,-,-,2025-10,-,M,확정,3.6%,KOSIS_VALUE,hcx,수출 증가율,-,-,-,hcx,증감률,3.6,-,-,N,%,증감률,증가,전년동월,10월 수출은 전년 동월 대비 3.6% 증가에 그쳤다.,high,Y,measurement_period_ungrounded:1,N,0,0,HCX-007,v1.5-measurement-binding,2026-07-23
A2698-C021,-,A2698,"KDI “소비 회복에 경기 다소 개선”…석 달째 같은 진단, 현실은?",2025-11-09,https://www.chosun.com/economy/economy_general/2025/11/09/PU2BGMNE3JEOBM3XGQRSWQLMP4/,"반도체경기 호조세는 유지됐으나, 미국 관세 인상의 부정적 영향이 파급되면서 수출 증가세가 점차 둔화됐다.",10월 수출은 전년 동월 대비 3.6% 증가에 그쳤다.,"미국으로의 수출이 감소세를 지속한 가운데, 반도체를 제외한 품목의 부진으로 일평균 수출액은 완만하게 둔화되는 모습이다.",국내공식통계,Y,무역,수출 증가율,"반도체, 미국 관세 인상, 수출 증가세",-,-,-,반도체,-,-,미국,2025-10,-,M,확정,-,-,-,-,-,-,-,-,-,-,-,-,-,-,-,-,-,10월 수출은 전년 동월 대비 3.6% 증가에 그쳤다.,high,N,-,N,0,0,HCX-007,v1.5-measurement-binding,2026-07-23
A2698-C022,-,A2698,"KDI “소비 회복에 경기 다소 개선”…석 달째 같은 진단, 현실은?",2025-11-09,https://www.chosun.com/economy/economy_general/2025/11/09/PU2BGMNE3JEOBM3XGQRSWQLMP4/,"미국으로의 수출이 감소세를 지속한 가운데, 반도체를 제외한 품목의 부진으로 일평균 수출액은 완만하게 둔화되는 모습이다.","반도체경기 호조세는 유지됐으나, 미국 관세 인상의 부정적 영향이 파급되면서 수출 증가세가 점차 둔화됐다.",9~10월 일평균 수출액은 3.2% 증가에 그쳤다.,해외통계·정책,Y,무역,수출액,"미국, 수출, 반도체, 일평균 수출액",-,-,-,-,-,-,미국,202509,-,M,확정,-,-,-,-,-,-,-,-,-,-,-,-,-,-,-,-,-,"미국으로의 수출이 감소세를 지속한 가운데, 반도체를 제외한 품목의 부진으로 일평균 수출액은 완만하게 둔화되는 모습이다.",mid,N,-,Y,0,0,HCX-007,v1.5-measurement-binding,2026-07-23
A2698-C023,A2698-C023-m1,A2698,"KDI “소비 회복에 경기 다소 개선”…석 달째 같은 진단, 현실은?",2025-11-09,https://www.chosun.com/economy/economy_general/2025/11/09/PU2BGMNE3JEOBM3XGQRSWQLMP4/,9~10월 일평균 수출액은 3.2% 증가에 그쳤다.,"미국으로의 수출이 감소세를 지속한 가운데, 반도체를 제외한 품목의 부진으로 일평균 수출액은 완만하게 둔화되는 모습이다.","미국으로의 수출은 자동차를 중심으로 12.9% 감소했고, 중국으로의 수출도 반도체를 제외한 품목을 중심으로 6.8% 감소했다.",국내공식통계,N,무역,일평균 수출액 증감률,"수출액, 증감률",-,-,-,-,-,-,-,2025-09,-,M,확정,3.2%,KOSIS_VALUE,hcx,일평균 수출액,-,-,-,hcx,증감률,3.2,-,-,N,%,증감률,증가,전월,9~10월 일평균 수출액은 3.2% 증가에 그쳤다.,high,Y,measurement_period_ungrounded:1,N,0,0,HCX-007,v1.5-measurement-binding,2026-07-23
A2698-C024,A2698-C024-m1,A2698,"KDI “소비 회복에 경기 다소 개선”…석 달째 같은 진단, 현실은?",2025-11-09,https://www.chosun.com/economy/economy_general/2025/11/09/PU2BGMNE3JEOBM3XGQRSWQLMP4/,"미국으로의 수출은 자동차를 중심으로 12.9% 감소했고, 중국으로의 수출도 반도체를 제외한 품목을 중심으로 6.8% 감소했다.",9~10월 일평균 수출액은 3.2% 증가에 그쳤다.,건설투자의 부진도 지속되고 있다.,해외통계·정책,N,무역,수출액 증감률,"미국, 중국, 수출, 자동차, 반도체",-,-,-,"자동차, 반도체",-,-,"미국, 중국",2025-10,-,M,확정,12.9%,KOSIS_VALUE,hcx,수출액,자동차,-,-,hcx,증감률,12.9,-,-,N,%,증감률,감소,전년동월,"미국으로의 수출은 자동차를 중심으로 12.9% 감소했고, 중국으로의 수출도 반도체를 제외한 품목을 중심으로 6.8% 감소했다.",high,Y,measurement_period_ungrounded:2,N,0,0,HCX-007,v1.5-measurement-binding,2026-07-23
A2698-C024,A2698-C024-m2,A2698,"KDI “소비 회복에 경기 다소 개선”…석 달째 같은 진단, 현실은?",2025-11-09,https://www.chosun.com/economy/economy_general/2025/11/09/PU2BGMNE3JEOBM3XGQRSWQLMP4/,"미국으로의 수출은 자동차를 중심으로 12.9% 감소했고, 중국으로의 수출도 반도체를 제외한 품목을 중심으로 6.8% 감소했다.",9~10월 일평균 수출액은 3.2% 증가에 그쳤다.,건설투자의 부진도 지속되고 있다.,해외통계·정책,N,무역,수출액 증감률,"미국, 중국, 수출, 자동차, 반도체",-,-,-,"자동차, 반도체",-,-,"미국, 중국",2025-10,-,M,확정,6.8%,KOSIS_VALUE,hcx,수출액,반도체 제외 품목,-,-,hcx,증감률,6.8,-,-,N,%,증감률,감소,전년동월,"미국으로의 수출은 자동차를 중심으로 12.9% 감소했고, 중국으로의 수출도 반도체를 제외한 품목을 중심으로 6.8% 감소했다.",high,Y,measurement_period_ungrounded:2,N,0,0,HCX-007,v1.5-measurement-binding,2026-07-23
A2698-C025,-,A2698,"KDI “소비 회복에 경기 다소 개선”…석 달째 같은 진단, 현실은?",2025-11-09,https://www.chosun.com/economy/economy_general/2025/11/09/PU2BGMNE3JEOBM3XGQRSWQLMP4/,건설투자의 부진도 지속되고 있다.,"미국으로의 수출은 자동차를 중심으로 12.9% 감소했고, 중국으로의 수출도 반도체를 제외한 품목을 중심으로 6.8% 감소했다.",9월 건설기성은 전년 동월 대비 4.3% 감소했다.,국내공식통계,Y,생산·산업,건설기성,"건설투자, 부진",-,-,-,-,-,-,-,2025Q3,-,Q,확정,-,-,-,-,-,-,-,-,-,-,-,-,-,-,-,-,-,9월 건설기성은 전년 동월 대비 4.3% 감소했다.,high,N,-,N,0,0,HCX-007,v1.5-measurement-binding,2026-07-23
A2698-C026,A2698-C026-m1,A2698,"KDI “소비 회복에 경기 다소 개선”…석 달째 같은 진단, 현실은?",2025-11-09,https://www.chosun.com/economy/economy_general/2025/11/09/PU2BGMNE3JEOBM3XGQRSWQLMP4/,9월 건설기성은 전년 동월 대비 4.3% 감소했다.,건설투자의 부진도 지속되고 있다.,"조업일수 확대로 감소폭이 다소 완화됐으나, 건설투자는 여전히 부진한 것으로 KDI는 판단했다.",국내공식통계,Y,생산·산업,건설기성,"건설기성, 조업일수 확대, 감소폭 완화",-,-,-,-,-,-,-,2025-09,-,M,확정,4.3%,KOSIS_VALUE,hcx,건설기성,-,-,-,hcx,증감률,4.3,-,-,N,%,증감률,감소,전년동월,9월 건설기성은 전년 동월 대비 4.3% 감소했다.,high,Y,measurement_period_ungrounded:1,N,0,0,HCX-007,v1.5-measurement-binding,2026-07-23
A2698-C027,-,A2698,"KDI “소비 회복에 경기 다소 개선”…석 달째 같은 진단, 현실은?",2025-11-09,https://www.chosun.com/economy/economy_general/2025/11/09/PU2BGMNE3JEOBM3XGQRSWQLMP4/,"조업일수 확대로 감소폭이 다소 완화됐으나, 건설투자는 여전히 부진한 것으로 KDI는 판단했다.",9월 건설기성은 전년 동월 대비 4.3% 감소했다.,3분기 국민계정상 건설투자가 전기 대비로도 0.1% 감소세를 이어가고 있어 건설투자는 여전히 부진한 것으로 분석됐다.,국내공식통계,Y,생산·산업,건설기성,"조업일수 확대, 건설투자, 부진",-,-,-,-,-,-,-,2025Q3,-,Q,확정,-,-,-,-,-,-,-,-,-,-,-,-,-,-,-,-,-,3분기 국민계정상 건설투자가 전기 대비로도 0.1% 감소세를 이어가고 있어 건설투자는 여전히 부진한 것으로 분석됐다.,high,N,-,N,0,0,HCX-007,v1.5-measurement-binding,2026-07-23
A2698-C028,A2698-C028-m1,A2698,"KDI “소비 회복에 경기 다소 개선”…석 달째 같은 진단, 현실은?",2025-11-09,https://www.chosun.com/economy/economy_general/2025/11/09/PU2BGMNE3JEOBM3XGQRSWQLMP4/,3분기 국민계정상 건설투자가 전기 대비로도 0.1% 감소세를 이어가고 있어 건설투자는 여전히 부진한 것으로 분석됐다.,"조업일수 확대로 감소폭이 다소 완화됐으나, 건설투자는 여전히 부진한 것으로 KDI는 판단했다.","부동산 프로젝트파이낸싱(PF) 대출 강화와 지방 부동산경기 둔화 등으로 수주가 착공으로 원활하게 연결되지 못하고, 공사 기간도 확대되면서 건설투자의 부진이 지속되고 있다는 설명이다.",국내공식통계,Y,생산·산업,건설투자 증감률,"국민계정, 건설투자, 감소세",-,-,-,-,-,-,-,2025Q3,-,Q,확정,0.1%,KOSIS_VALUE,hcx,건설투자 증감률,-,-,-,hcx,증감률,0.1,-,-,N,%,증감률,감소,전분기,[검증 대상 문장] 3분기 국민계정상 건설투자가 전기 대비로도 0.1% 감소세를 이어가고 있어 건설투자는 여전히 부진한 것으로 분석됐다.,high,Y,measurement_period_ungrounded:1,N,0,0,HCX-007,v1.5-measurement-binding,2026-07-23
A2698-C029,-,A2698,"KDI “소비 회복에 경기 다소 개선”…석 달째 같은 진단, 현실은?",2025-11-09,https://www.chosun.com/economy/economy_general/2025/11/09/PU2BGMNE3JEOBM3XGQRSWQLMP4/,"부동산 프로젝트파이낸싱(PF) 대출 강화와 지방 부동산경기 둔화 등으로 수주가 착공으로 원활하게 연결되지 못하고, 공사 기간도 확대되면서 건설투자의 부진이 지속되고 있다는 설명이다.",3분기 국민계정상 건설투자가 전기 대비로도 0.1% 감소세를 이어가고 있어 건설투자는 여전히 부진한 것으로 분석됐다.,"KDI는 “한·미 무역협정 진전, 미·중 무역 긴장 완화 등 통상여건이 일부 개선됐으나 불확실성은 상존한다”고 덧붙였다.",국내공식통계,N,부동산,-,-,-,-,-,-,-,-,-,-,-,-,확정,-,-,-,-,-,-,-,-,-,-,-,-,-,-,-,-,-,"부동산 프로젝트파이낸싱(PF) 대출 강화와 지방 부동산경기 둔화 등으로 수주가 착공으로 원활하게 연결되지 못하고, 공사 기간도 확대되면서 건설투자의 부진이 지속되고 있다는 설명이다.",mid,N,-,N,0,0,HCX-007,v1.5-measurement-binding,2026-07-23
A2700-C001,A2700-C001-m1,A2700,수출 ‘톱10′ 기업 비중 40%로 역대 최대...‘대기업 쏠림’ 심화,2025-11-10,https://www.chosun.com/economy/economy_general/2025/11/10/STP3LFTONFGQLFJKML7SF2LS24/,올해 3분기 수출액 상위 10대 기업의 무역집중도가 40%로 역대 최고치를 기록했다.,-,반도체 수출 호황으로 대기업 실적이 크게 개선되면서 수출이 소수 대기업에 집중되는 현상이 심화되고 있다.,국내공식통계,Y,무역,무역집중도,"수출, 톱10, 기업, 비중, 역대 최대, 대기업 쏠림",-,-,-,-,-,-,-,2025Q3,-,Q,확정,10대,KOSIS_VALUE,hcx,수출액 상위 기업의 수,-,2025Q3,Q,hcx,현재값,10,-,-,N,대,수준값,-,전분기,올해 3분기 수출액 상위 10대 기업의 무역집중도가 40%로 역대 최고치를 기록했다.,high,N,-,N,0,0,HCX-007,v1.5-measurement-binding,2026-07-23
A2700-C001,A2700-C001-m2,A2700,수출 ‘톱10′ 기업 비중 40%로 역대 최대...‘대기업 쏠림’ 심화,2025-11-10,https://www.chosun.com/economy/economy_general/2025/11/10/STP3LFTONFGQLFJKML7SF2LS24/,올해 3분기 수출액 상위 10대 기업의 무역집중도가 40%로 역대 최고치를 기록했다.,-,반도체 수출 호황으로 대기업 실적이 크게 개선되면서 수출이 소수 대기업에 집중되는 현상이 심화되고 있다.,국내공식통계,Y,무역,무역집중도,"수출, 톱10, 기업, 비중, 역대 최대, 대기업 쏠림",-,-,-,-,-,-,-,2025Q3,-,Q,확정,40%,KOSIS_VALUE,hcx,무역집중도,-,2025Q3,Q,hcx,현재값,40,-,-,N,%,비중,-,전분기,올해 3분기 수출액 상위 10대 기업의 무역집중도가 40%로 역대 최고치를 기록했다.,high,N,-,N,0,0,HCX-007,v1.5-measurement-binding,2026-07-23
A2700-C002,-,A2700,수출 ‘톱10′ 기업 비중 40%로 역대 최대...‘대기업 쏠림’ 심화,2025-11-10,https://www.chosun.com/economy/economy_general/2025/11/10/STP3LFTONFGQLFJKML7SF2LS24/,반도체 수출 호황으로 대기업 실적이 크게 개선되면서 수출이 소수 대기업에 집중되는 현상이 심화되고 있다.,올해 3분기 수출액 상위 10대 기업의 무역집중도가 40%로 역대 최고치를 기록했다.,전체 수출이 늘어도 중소·중견기업이 체감하는 효과는 제한적이어서 수출 증가세가 경제 전반의 활력으로 이어지지 못하고 있다는 지적이 나온다.,국내공식통계,N,무역,수출액,"수출, 톱10, 기업, 비중, 역대 최대, 대기업 쏠림",-,-,-,반도체,-,-,-,2025Q3,-,Q,확정,-,-,-,-,-,-,-,-,-,-,-,-,-,-,-,-,-,올해 3분기 수출액 상위 10대 기업의 무역집중도가 40%로 역대 최고치를 기록했다.,high,N,-,N,0,0,HCX-007,v1.5-measurement-binding,2026-07-23
A2700-C003,-,A2700,수출 ‘톱10′ 기업 비중 40%로 역대 최대...‘대기업 쏠림’ 심화,2025-11-10,https://www.chosun.com/economy/economy_general/2025/11/10/STP3LFTONFGQLFJKML7SF2LS24/,전체 수출이 늘어도 중소·중견기업이 체감하는 효과는 제한적이어서 수출 증가세가 경제 전반의 활력으로 이어지지 못하고 있다는 지적이 나온다.,반도체 수출 호황으로 대기업 실적이 크게 개선되면서 수출이 소수 대기업에 집중되는 현상이 심화되고 있다.,"국가데이터처가 10일 발표한 ’2025년 3분기 기업특성별 무역통계’에 따르면, 3분기 수출액 상위 10개 기업의 무역집중도는 40.0%로 지난해 3분기(37.4%)보다 2.6%포인트 상승했다.",국내공식통계,Y,무역,수출액 상위 10개 기업의 무역집중도,"수출, 중소기업, 중견기업, 경제 활력",-,-,-,-,-,-,-,2025Q3,-,Q,확정,-,-,-,-,-,-,-,-,-,-,-,-,-,-,-,-,-,"국가데이터처가 10일 발표한 '2025년 3분기 기업특성별 무역통계'에 따르면, 3분기 수출액 상위 10개 기업의 무역집중도는 40.0%로 지난해 3분기(37.4%)보다 2.6%포인트 상승했다.",high,N,-,N,0,0,HCX-007,v1.5-measurement-binding,2026-07-23
A2700-C004,A2700-C004-m1,A2700,수출 ‘톱10′ 기업 비중 40%로 역대 최대...‘대기업 쏠림’ 심화,2025-11-10,https://www.chosun.com/economy/economy_general/2025/11/10/STP3LFTONFGQLFJKML7SF2LS24/,"국가데이터처가 10일 발표한 ’2025년 3분기 기업특성별 무역통계’에 따르면, 3분기 수출액 상위 10개 기업의 무역집중도는 40.0%로 지난해 3분기(37.4%)보다 2.6%포인트 상승했다.",전체 수출이 늘어도 중소·중견기업이 체감하는 효과는 제한적이어서 수출 증가세가 경제 전반의 활력으로 이어지지 못하고 있다는 지적이 나온다.,이는 2015년 기업 특성별 분기 통계 작성 이래 가장 높은 수치다.,국내공식통계,Y,무역,무역집중도,"수출액, 상위 10개 기업, 무역통계",-,-,-,-,-,-,-,2025Q3,-,Q,확정,40.0%,KOSIS_VALUE,hcx,무역집중도,-,2025Q3,Q,hcx,현재값,40,-,-,N,%,수준값,증가,전년동기,"국가데이터처가 10일 발표한 '2025년 3분기 기업특성별 무역통계'에 따르면, 3분기 수출액 상위 10개 기업의 무역집중도는 40.0%로 지난해 3분기(37.4%)보다 2.6%포인트 상승했다.",high,N,-,Y,0,0,HCX-007,v1.5-measurement-binding,2026-07-23
A2700-C004,A2700-C004-m2,A2700,수출 ‘톱10′ 기업 비중 40%로 역대 최대...‘대기업 쏠림’ 심화,2025-11-10,https://www.chosun.com/economy/economy_general/2025/11/10/STP3LFTONFGQLFJKML7SF2LS24/,"국가데이터처가 10일 발표한 ’2025년 3분기 기업특성별 무역통계’에 따르면, 3분기 수출액 상위 10개 기업의 무역집중도는 40.0%로 지난해 3분기(37.4%)보다 2.6%포인트 상승했다.",전체 수출이 늘어도 중소·중견기업이 체감하는 효과는 제한적이어서 수출 증가세가 경제 전반의 활력으로 이어지지 못하고 있다는 지적이 나온다.,이는 2015년 기업 특성별 분기 통계 작성 이래 가장 높은 수치다.,국내공식통계,Y,무역,무역집중도,"수출액, 상위 10개 기업, 무역통계",-,-,-,-,-,-,-,2025Q3,-,Q,확정,37.4%,KOSIS_VALUE,hcx,무역집중도,-,2024Q3,Q,hcx,이전값,37.4,-,-,N,%,수준값,증가,전년동기,"국가데이터처가 10일 발표한 '2025년 3분기 기업특성별 무역통계'에 따르면, 3분기 수출액 상위 10개 기업의 무역집중도는 40.0%로 지난해 3분기(37.4%)보다 2.6%포인트 상승했다.",high,N,-,Y,0,0,HCX-007,v1.5-measurement-binding,2026-07-23
A2700-C004,A2700-C004-m3,A2700,수출 ‘톱10′ 기업 비중 40%로 역대 최대...‘대기업 쏠림’ 심화,2025-11-10,https://www.chosun.com/economy/economy_general/2025/11/10/STP3LFTONFGQLFJKML7SF2LS24/,"국가데이터처가 10일 발표한 ’2025년 3분기 기업특성별 무역통계’에 따르면, 3분기 수출액 상위 10개 기업의 무역집중도는 40.0%로 지난해 3분기(37.4%)보다 2.6%포인트 상승했다.",전체 수출이 늘어도 중소·중견기업이 체감하는 효과는 제한적이어서 수출 증가세가 경제 전반의 활력으로 이어지지 못하고 있다는 지적이 나온다.,이는 2015년 기업 특성별 분기 통계 작성 이래 가장 높은 수치다.,국내공식통계,Y,무역,무역집중도,"수출액, 상위 10개 기업, 무역통계",-,-,-,-,-,-,-,2025Q3,-,Q,확정,2.6%,KOSIS_VALUE,hcx,무역집중도 변화,-,2025Q3,Q,hcx,증감률,2.6,-,-,N,%,증감률,증가,전년동기,"국가데이터처가 10일 발표한 '2025년 3분기 기업특성별 무역통계'에 따르면, 3분기 수출액 상위 10개 기업의 무역집중도는 40.0%로 지난해 3분기(37.4%)보다 2.6%포인트 상승했다.",high,N,-,Y,0,0,HCX-007,v1.5-measurement-binding,2026-07-23
A2700-C004,A2700-C004-m4,A2700,수출 ‘톱10′ 기업 비중 40%로 역대 최대...‘대기업 쏠림’ 심화,2025-11-10,https://www.chosun.com/economy/economy_general/2025/11/10/STP3LFTONFGQLFJKML7SF2LS24/,"국가데이터처가 10일 발표한 ’2025년 3분기 기업특성별 무역통계’에 따르면, 3분기 수출액 상위 10개 기업의 무역집중도는 40.0%로 지난해 3분기(37.4%)보다 2.6%포인트 상승했다.",전체 수출이 늘어도 중소·중견기업이 체감하는 효과는 제한적이어서 수출 증가세가 경제 전반의 활력으로 이어지지 못하고 있다는 지적이 나온다.,이는 2015년 기업 특성별 분기 통계 작성 이래 가장 높은 수치다.,국내공식통계,Y,무역,무역집중도,"수출액, 상위 10개 기업, 무역통계",-,-,-,-,-,-,-,2025Q3,-,Q,확정,10개,CONTEXT,hcx,상위 기업 수,-,2025Q3,Q,hcx,참고값,10,-,-,N,개,수준값,증가,-,"국가데이터처가 10일 발표한 '2025년 3분기 기업특성별 무역통계'에 따르면, 3분기 수출액 상위 10개 기업의 무역집중도는 40.0%로 지난해 3분기(37.4%)보다 2.6%포인트 상승했다.",high,N,-,Y,0,0,HCX-007,v1.5-measurement-binding,2026-07-23
A2700-C005,-,A2700,수출 ‘톱10′ 기업 비중 40%로 역대 최대...‘대기업 쏠림’ 심화,2025-11-10,https://www.chosun.com/economy/economy_general/2025/11/10/STP3LFTONFGQLFJKML7SF2LS24/,이는 2015년 기업 특성별 분기 통계 작성 이래 가장 높은 수치다.,"국가데이터처가 10일 발표한 ’2025년 3분기 기업특성별 무역통계’에 따르면, 3분기 수출액 상위 10개 기업의 무역집중도는 40.0%로 지난해 3분기(37.4%)보다 2.6%포인트 상승했다.",삼성전자·SK하이닉스 등 반도체 기업과 현대차·LG 등 상위 10개 기업이 전체 수출의 40%를 차지한 셈이다.,국내공식통계,Y,무역,무역집중도,"수출액, 상위 10개 기업, 무역집중도",-,-,-,-,-,-,-,2025Q3,-,Q,확정,-,-,-,-,-,-,-,-,-,-,-,-,-,-,-,-,-,이는 2015년 기업 특성별 분기 통계 작성 이래 가장 높은 수치다.,high,N,-,N,0,0,HCX-007,v1.5-measurement-binding,2026-07-23
A2700-C006,A2700-C006-m1,A2700,수출 ‘톱10′ 기업 비중 40%로 역대 최대...‘대기업 쏠림’ 심화,2025-11-10,https://www.chosun.com/economy/economy_general/2025/11/10/STP3LFTONFGQLFJKML7SF2LS24/,삼성전자·SK하이닉스 등 반도체 기업과 현대차·LG 등 상위 10개 기업이 전체 수출의 40%를 차지한 셈이다.,이는 2015년 기업 특성별 분기 통계 작성 이래 가장 높은 수치다.,반면 상위 100대 기업의 무역집중도는 67.6%로 0.2%포인트 하락했다.,국내공식통계,N,무역,수출 비중,"수출, 톱10, 기업, 비중, 대기업, 쏠림",-,-,-,-,-,-,-,2025,-,Y,확정,40%,KOSIS_VALUE,hcx,수출 비중,-,-,-,hcx,현재값,40,-,-,N,%,비중,-,전년,삼성전자·SK하이닉스 등 반도체 기업과 현대차·LG 등 상위 10개 기업이 전체 수출의 40%를 차지한 셈이다.,high,Y,measurement_binding_fallback:1;measurement_period_ungrounded:2,N,0,1,HCX-007,v1.5-measurement-binding,2026-07-23
A2700-C006,A2700-C006-m2,A2700,수출 ‘톱10′ 기업 비중 40%로 역대 최대...‘대기업 쏠림’ 심화,2025-11-10,https://www.chosun.com/economy/economy_general/2025/11/10/STP3LFTONFGQLFJKML7SF2LS24/,삼성전자·SK하이닉스 등 반도체 기업과 현대차·LG 등 상위 10개 기업이 전체 수출의 40%를 차지한 셈이다.,이는 2015년 기업 특성별 분기 통계 작성 이래 가장 높은 수치다.,반면 상위 100대 기업의 무역집중도는 67.6%로 0.2%포인트 하락했다.,국내공식통계,N,무역,수출 비중,"수출, 톱10, 기업, 비중, 대기업, 쏠림",-,-,-,-,-,-,-,2025,-,Y,확정,10개,CONTEXT,hcx,상위 기업 수,-,2025,Y,claim_fallback,참고값,10,-,-,N,개,수준값,-,-,삼성전자·SK하이닉스 등 반도체 기업과 현대차·LG 등 상위 10개 기업이 전체 수출의 40%를 차지한 셈이다.,high,Y,measurement_binding_fallback:1;measurement_period_ungrounded:2,N,0,1,HCX-007,v1.5-measurement-binding,2026-07-23
A2700-C007,A2700-C007-m1,A2700,수출 ‘톱10′ 기업 비중 40%로 역대 최대...‘대기업 쏠림’ 심화,2025-11-10,https://www.chosun.com/economy/economy_general/2025/11/10/STP3LFTONFGQLFJKML7SF2LS24/,반면 상위 100대 기업의 무역집중도는 67.6%로 0.2%포인트 하락했다.,삼성전자·SK하이닉스 등 반도체 기업과 현대차·LG 등 상위 10개 기업이 전체 수출의 40%를 차지한 셈이다.,톱10 기업과 그 다음 90개 기업 간 수출 격차가 벌어지면서 대기업 내에서도 양극화가 진행되는 것으로 풀이된다.,국내공식통계,N,무역,무역집중도,"수출, 톱10, 기업, 비중, 무역집중도",-,-,-,-,-,-,-,2025,-,Y,확정,100대,KOSIS_VALUE,hcx,무역집중도,-,-,-,hcx,현재값,100,-,-,N,대,수준값,감소,전년,반면 상위 100대 기업의 무역집중도는 67.6%로 0.2%포인트 하락했다.,high,Y,measurement_period_ungrounded:3,N,0,0,HCX-007,v1.5-measurement-binding,2026-07-23
A2700-C007,A2700-C007-m2,A2700,수출 ‘톱10′ 기업 비중 40%로 역대 최대...‘대기업 쏠림’ 심화,2025-11-10,https://www.chosun.com/economy/economy_general/2025/11/10/STP3LFTONFGQLFJKML7SF2LS24/,반면 상위 100대 기업의 무역집중도는 67.6%로 0.2%포인트 하락했다.,삼성전자·SK하이닉스 등 반도체 기업과 현대차·LG 등 상위 10개 기업이 전체 수출의 40%를 차지한 셈이다.,톱10 기업과 그 다음 90개 기업 간 수출 격차가 벌어지면서 대기업 내에서도 양극화가 진행되는 것으로 풀이된다.,국내공식통계,N,무역,무역집중도,"수출, 톱10, 기업, 비중, 무역집중도",-,-,-,-,-,-,-,2025,-,Y,확정,67.6%,KOSIS_VALUE,hcx,무역집중도,-,-,-,hcx,증감률,67.6,-,-,N,%,증감률,감소,전년,반면 상위 100대 기업의 무역집중도는 67.6%로 0.2%포인트 하락했다.,high,Y,measurement_period_ungrounded:3,N,0,0,HCX-007,v1.5-measurement-binding,2026-07-23
A2700-C007,A2700-C007-m3,A2700,수출 ‘톱10′ 기업 비중 40%로 역대 최대...‘대기업 쏠림’ 심화,2025-11-10,https://www.chosun.com/economy/economy_general/2025/11/10/STP3LFTONFGQLFJKML7SF2LS24/,반면 상위 100대 기업의 무역집중도는 67.6%로 0.2%포인트 하락했다.,삼성전자·SK하이닉스 등 반도체 기업과 현대차·LG 등 상위 10개 기업이 전체 수출의 40%를 차지한 셈이다.,톱10 기업과 그 다음 90개 기업 간 수출 격차가 벌어지면서 대기업 내에서도 양극화가 진행되는 것으로 풀이된다.,국내공식통계,N,무역,무역집중도,"수출, 톱10, 기업, 비중, 무역집중도",-,-,-,-,-,-,-,2025,-,Y,확정,0.2%,KOSIS_VALUE,hcx,무역집중도,-,-,-,hcx,증감률,0.2,-,-,N,%,증감률,감소,전년,반면 상위 100대 기업의 무역집중도는 67.6%로 0.2%포인트 하락했다.,high,Y,measurement_period_ungrounded:3,N,0,0,HCX-007,v1.5-measurement-binding,2026-07-23
A2700-C008,A2700-C008-m1,A2700,수출 ‘톱10′ 기업 비중 40%로 역대 최대...‘대기업 쏠림’ 심화,2025-11-10,https://www.chosun.com/economy/economy_general/2025/11/10/STP3LFTONFGQLFJKML7SF2LS24/,톱10 기업과 그 다음 90개 기업 간 수출 격차가 벌어지면서 대기업 내에서도 양극화가 진행되는 것으로 풀이된다.,반면 상위 100대 기업의 무역집중도는 67.6%로 0.2%포인트 하락했다.,◇중소·중견 비중은 제자리…온기 못 느껴 기업 규모별로 보면 대기업 수출액은 1223억달러(약 178조원)로 5.1% 증가하며 분기 기준 역대 최대 실적을 달성했다.,국내공식통계,N,무역,수출액,"수출, 톱10, 기업, 비중, 중소기업, 중견기업",-,-,-,-,-,-,-,2025Q4,-,Q,확정,90개,CONTEXT,hcx,기업 수,기업,2025Q4,Q,claim_fallback,참고값,90,-,-,N,개,수준값,-,-,톱10 기업과 그 다음 90개 기업 간 수출 격차가 벌어지면서 대기업 내에서도 양극화가 진행되는 것으로 풀이된다.,high,Y,measurement_binding_fallback:1;measurement_period_ungrounded:1,Y,0,1,HCX-007,v1.5-measurement-binding,2026-07-23
A2700-C009,A2700-C009-m1,A2700,수출 ‘톱10′ 기업 비중 40%로 역대 최대...‘대기업 쏠림’ 심화,2025-11-10,https://www.chosun.com/economy/economy_general/2025/11/10/STP3LFTONFGQLFJKML7SF2LS24/,◇중소·중견 비중은 제자리…온기 못 느껴 기업 규모별로 보면 대기업 수출액은 1223억달러(약 178조원)로 5.1% 증가하며 분기 기준 역대 최대 실적을 달성했다.,톱10 기업과 그 다음 90개 기업 간 수출 격차가 벌어지면서 대기업 내에서도 양극화가 진행되는 것으로 풀이된다.,중견기업도 323억달러(약 47조원)로 7.0% 늘어 분기 최고치를 기록했다.,국내공식통계,Y,무역,대기업 수출액,"수출, 대기업, 중소기업, 중견기업, 수출액 증가",-,-,-,-,-,-,-,2025Q4,-,Q,확정,1223억달러,KOSIS_VALUE,hcx,대기업 수출액,-,-,-,hcx,현재값,122300000000,-,-,N,달러,수준값,증가,전분기,◇중소·중견 비중은 제자리…온기 못 느껴 기업 규모별로 보면 대기업 수출액은 1223억달러(약 178조원)로 5.1% 증가하며 분기 기준 역대 최대 실적을 달성했다.,high,Y,measurement_period_ungrounded:3,N,0,0,HCX-007,v1.5-measurement-binding,2026-07-23
A2700-C009,A2700-C009-m2,A2700,수출 ‘톱10′ 기업 비중 40%로 역대 최대...‘대기업 쏠림’ 심화,2025-11-10,https://www.chosun.com/economy/economy_general/2025/11/10/STP3LFTONFGQLFJKML7SF2LS24/,◇중소·중견 비중은 제자리…온기 못 느껴 기업 규모별로 보면 대기업 수출액은 1223억달러(약 178조원)로 5.1% 증가하며 분기 기준 역대 최대 실적을 달성했다.,톱10 기업과 그 다음 90개 기업 간 수출 격차가 벌어지면서 대기업 내에서도 양극화가 진행되는 것으로 풀이된다.,중견기업도 323억달러(약 47조원)로 7.0% 늘어 분기 최고치를 기록했다.,국내공식통계,Y,무역,대기업 수출액,"수출, 대기업, 중소기업, 중견기업, 수출액 증가",-,-,-,-,-,-,-,2025Q4,-,Q,확정,178조원,KOSIS_VALUE,hcx,대기업 수출액,-,-,-,hcx,현재값,178000000000000,-,-,Y,원,수준값,증가,전분기,◇중소·중견 비중은 제자리…온기 못 느껴 기업 규모별로 보면 대기업 수출액은 1223억달러(약 178조원)로 5.1% 증가하며 분기 기준 역대 최대 실적을 달성했다.,high,Y,measurement_period_ungrounded:3,N,0,0,HCX-007,v1.5-measurement-binding,2026-07-23
A2700-C009,A2700-C009-m3,A2700,수출 ‘톱10′ 기업 비중 40%로 역대 최대...‘대기업 쏠림’ 심화,2025-11-10,https://www.chosun.com/economy/economy_general/2025/11/10/STP3LFTONFGQLFJKML7SF2LS24/,◇중소·중견 비중은 제자리…온기 못 느껴 기업 규모별로 보면 대기업 수출액은 1223억달러(약 178조원)로 5.1% 증가하며 분기 기준 역대 최대 실적을 달성했다.,톱10 기업과 그 다음 90개 기업 간 수출 격차가 벌어지면서 대기업 내에서도 양극화가 진행되는 것으로 풀이된다.,중견기업도 323억달러(약 47조원)로 7.0% 늘어 분기 최고치를 기록했다.,국내공식통계,Y,무역,대기업 수출액,"수출, 대기업, 중소기업, 중견기업, 수출액 증가",-,-,-,-,-,-,-,2025Q4,-,Q,확정,5.1%,KOSIS_VALUE,hcx,대기업 수출액 증감률,-,-,-,hcx,증감률,5.1,-,-,N,%,증감률,증가,전분기,◇중소·중견 비중은 제자리…온기 못 느껴 기업 규모별로 보면 대기업 수출액은 1223억달러(약 178조원)로 5.1% 증가하며 분기 기준 역대 최대 실적을 달성했다.,high,Y,measurement_period_ungrounded:3,N,0,0,HCX-007,v1.5-measurement-binding,2026-07-23
A2700-C010,A2700-C010-m1,A2700,수출 ‘톱10′ 기업 비중 40%로 역대 최대...‘대기업 쏠림’ 심화,2025-11-10,https://www.chosun.com/economy/economy_general/2025/11/10/STP3LFTONFGQLFJKML7SF2LS24/,중견기업도 323억달러(약 47조원)로 7.0% 늘어 분기 최고치를 기록했다.,◇중소·중견 비중은 제자리…온기 못 느껴 기업 규모별로 보면 대기업 수출액은 1223억달러(약 178조원)로 5.1% 증가하며 분기 기준 역대 최대 실적을 달성했다.,중소기업은 298억달러(약 43조원)로 11.9% 증가했다.,국내공식통계,Y,무역,중견기업 수출액,"중견기업, 수출액, 증가",-,-,-,-,-,-,-,2025Q4,-,Q,확정,323억달러,KOSIS_VALUE,hcx,중견기업 수출액,-,-,-,hcx,현재값,32300000000,-,-,N,달러,수준값,-,전분기,[검증 대상 문장] 중견기업도 323억달러(약 47조원)로 7.0% 늘어 분기 최고치를 기록했다.,high,Y,measurement_period_ungrounded:3,N,0,0,HCX-007,v1.5-measurement-binding,2026-07-23
A2700-C010,A2700-C010-m2,A2700,수출 ‘톱10′ 기업 비중 40%로 역대 최대...‘대기업 쏠림’ 심화,2025-11-10,https://www.chosun.com/economy/economy_general/2025/11/10/STP3LFTONFGQLFJKML7SF2LS24/,중견기업도 323억달러(약 47조원)로 7.0% 늘어 분기 최고치를 기록했다.,◇중소·중견 비중은 제자리…온기 못 느껴 기업 규모별로 보면 대기업 수출액은 1223억달러(약 178조원)로 5.1% 증가하며 분기 기준 역대 최대 실적을 달성했다.,중소기업은 298억달러(약 43조원)로 11.9% 증가했다.,국내공식통계,Y,무역,중견기업 수출액,"중견기업, 수출액, 증가",-,-,-,-,-,-,-,2025Q4,-,Q,확정,47조원,KOSIS_VALUE,hcx,중견기업 수출액,-,-,-,hcx,현재값,47000000000000,-,-,Y,원,수준값,-,전분기,[검증 대상 문장] 중견기업도 323억달러(약 47조원)로 7.0% 늘어 분기 최고치를 기록했다.,high,Y,measurement_period_ungrounded:3,N,0,0,HCX-007,v1.5-measurement-binding,2026-07-23
A2700-C010,A2700-C010-m3,A2700,수출 ‘톱10′ 기업 비중 40%로 역대 최대...‘대기업 쏠림’ 심화,2025-11-10,https://www.chosun.com/economy/economy_general/2025/11/10/STP3LFTONFGQLFJKML7SF2LS24/,중견기업도 323억달러(약 47조원)로 7.0% 늘어 분기 최고치를 기록했다.,◇중소·중견 비중은 제자리…온기 못 느껴 기업 규모별로 보면 대기업 수출액은 1223억달러(약 178조원)로 5.1% 증가하며 분기 기준 역대 최대 실적을 달성했다.,중소기업은 298억달러(약 43조원)로 11.9% 증가했다.,국내공식통계,Y,무역,중견기업 수출액,"중견기업, 수출액, 증가",-,-,-,-,-,-,-,2025Q4,-,Q,확정,7.0%,KOSIS_VALUE,hcx,중견기업 수출액 증가율,-,-,-,hcx,현재값,7,-,-,N,%,증감률,증가,전분기,[검증 대상 문장] 중견기업도 323억달러(약 47조원)로 7.0% 늘어 분기 최고치를 기록했다.,high,Y,measurement_period_ungrounded:3,N,0,0,HCX-007,v1.5-measurement-binding,2026-07-23
A2700-C011,A2700-C011-m1,A2700,수출 ‘톱10′ 기업 비중 40%로 역대 최대...‘대기업 쏠림’ 심화,2025-11-10,https://www.chosun.com/economy/economy_general/2025/11/10/STP3LFTONFGQLFJKML7SF2LS24/,중소기업은 298억달러(약 43조원)로 11.9% 증가했다.,중견기업도 323억달러(약 47조원)로 7.0% 늘어 분기 최고치를 기록했다.,"전체 수출에서 차지하는 비중을 보면, 대기업이 전체 수출의 66.1%를 차지하며 지난해 3분기(67.0%)와 비슷한 수준을 유지했다.",국내공식통계,N,무역,중소기업의 수출액,"수출, 톱10, 기업, 비중, 역대 최대, 대기업 쏠림, 중견기업, 분기 최고치, 중소기업",-,-,-,-,-,-,-,202511,-,M,확정,298억달러,KOSIS_VALUE,hcx,중소기업의 수출액,-,-,-,hcx,현재값,29800000000,-,-,N,달러,수준값,증가,전분기,중소기업은 298억달러(약 43조원)로 11.9% 증가했다.,high,Y,measurement_period_ungrounded:3,N,0,0,HCX-007,v1.5-measurement-binding,2026-07-23
A2700-C011,A2700-C011-m2,A2700,수출 ‘톱10′ 기업 비중 40%로 역대 최대...‘대기업 쏠림’ 심화,2025-11-10,https://www.chosun.com/economy/economy_general/2025/11/10/STP3LFTONFGQLFJKML7SF2LS24/,중소기업은 298억달러(약 43조원)로 11.9% 증가했다.,중견기업도 323억달러(약 47조원)로 7.0% 늘어 분기 최고치를 기록했다.,"전체 수출에서 차지하는 비중을 보면, 대기업이 전체 수출의 66.1%를 차지하며 지난해 3분기(67.0%)와 비슷한 수준을 유지했다.",국내공식통계,N,무역,중소기업의 수출액,"수출, 톱10, 기업, 비중, 역대 최대, 대기업 쏠림, 중견기업, 분기 최고치, 중소기업",-,-,-,-,-,-,-,202511,-,M,확정,43조원,KOSIS_VALUE,hcx,중소기업의 수출액,-,-,-,hcx,현재값,43000000000000,-,-,Y,원,수준값,증가,전분기,중소기업은 298억달러(약 43조원)로 11.9% 증가했다.,high,Y,measurement_period_ungrounded:3,N,0,0,HCX-007,v1.5-measurement-binding,2026-07-23
A2700-C011,A2700-C011-m3,A2700,수출 ‘톱10′ 기업 비중 40%로 역대 최대...‘대기업 쏠림’ 심화,2025-11-10,https://www.chosun.com/economy/economy_general/2025/11/10/STP3LFTONFGQLFJKML7SF2LS24/,중소기업은 298억달러(약 43조원)로 11.9% 증가했다.,중견기업도 323억달러(약 47조원)로 7.0% 늘어 분기 최고치를 기록했다.,"전체 수출에서 차지하는 비중을 보면, 대기업이 전체 수출의 66.1%를 차지하며 지난해 3분기(67.0%)와 비슷한 수준을 유지했다.",국내공식통계,N,무역,중소기업의 수출액,"수출, 톱10, 기업, 비중, 역대 최대, 대기업 쏠림, 중견기업, 분기 최고치, 중소기업",-,-,-,-,-,-,-,202511,-,M,확정,11.9%,KOSIS_VALUE,hcx,중소기업의 수출액 증가율,-,-,-,hcx,증감률,11.9,-,-,N,%,증감률,증가,전분기,중소기업은 298억달러(약 43조원)로 11.9% 증가했다.,high,Y,measurement_period_ungrounded:3,N,0,0,HCX-007,v1.5-measurement-binding,2026-07-23
A2700-C012,A2700-C012-m1,A2700,수출 ‘톱10′ 기업 비중 40%로 역대 최대...‘대기업 쏠림’ 심화,2025-11-10,https://www.chosun.com/economy/economy_general/2025/11/10/STP3LFTONFGQLFJKML7SF2LS24/,"전체 수출에서 차지하는 비중을 보면, 대기업이 전체 수출의 66.1%를 차지하며 지난해 3분기(67.0%)와 비슷한 수준을 유지했다.",중소기업은 298억달러(약 43조원)로 11.9% 증가했다.,중견기업(17.5%)과 중소기업(16.1%) 비중도 거의 변하지 않았다.,국내공식통계,Y,무역,대기업의 수출 비중,"수출, 톱10, 기업, 비중, 대기업, 중소기업, 중견기업",-,-,-,-,-,-,-,2025Q4,-,Q,확정,66.1%,KOSIS_VALUE,hcx,대기업의 수출 비중,-,-,-,hcx,현재값,66.1,-,-,N,%,비중,유지,전년동기,"전체 수출에서 차지하는 비중을 보면, 대기업이 전체 수출의 66.1%를 차지하며 지난해 3분기(67.0%)와 비슷한 수준을 유지했다.",high,Y,measurement_period_ungrounded:1,N,0,0,HCX-007,v1.5-measurement-binding,2026-07-23
A2700-C012,A2700-C012-m2,A2700,수출 ‘톱10′ 기업 비중 40%로 역대 최대...‘대기업 쏠림’ 심화,2025-11-10,https://www.chosun.com/economy/economy_general/2025/11/10/STP3LFTONFGQLFJKML7SF2LS24/,"전체 수출에서 차지하는 비중을 보면, 대기업이 전체 수출의 66.1%를 차지하며 지난해 3분기(67.0%)와 비슷한 수준을 유지했다.",중소기업은 298억달러(약 43조원)로 11.9% 증가했다.,중견기업(17.5%)과 중소기업(16.1%) 비중도 거의 변하지 않았다.,국내공식통계,Y,무역,대기업의 수출 비중,"수출, 톱10, 기업, 비중, 대기업, 중소기업, 중견기업",-,-,-,-,-,-,-,2025Q4,-,Q,확정,67.0%,KOSIS_VALUE,hcx,대기업의 수출 비중,-,2024Q3,Q,hcx,이전값,67,-,-,N,%,비중,유지,전년동기,"전체 수출에서 차지하는 비중을 보면, 대기업이 전체 수출의 66.1%를 차지하며 지난해 3분기(67.0%)와 비슷한 수준을 유지했다.",high,Y,measurement_period_ungrounded:1,N,0,0,HCX-007,v1.5-measurement-binding,2026-07-23
A2700-C013,A2700-C013-m1,A2700,수출 ‘톱10′ 기업 비중 40%로 역대 최대...‘대기업 쏠림’ 심화,2025-11-10,https://www.chosun.com/economy/economy_general/2025/11/10/STP3LFTONFGQLFJKML7SF2LS24/,중견기업(17.5%)과 중소기업(16.1%) 비중도 거의 변하지 않았다.,"전체 수출에서 차지하는 비중을 보면, 대기업이 전체 수출의 66.1%를 차지하며 지난해 3분기(67.0%)와 비슷한 수준을 유지했다.","수출 기업 수가 6만9808개로 4.5% 늘었지만, 대다수 기업들이 체감하는 수출 증가 효과는 미미한 것이다.",국내공식통계,Y,무역,수출 비중,"수출, 톱10, 기업, 비중, 대기업, 중견기업, 중소기업",-,-,-,-,-,-,-,2025Q4,-,Q,확정,17.5%,KOSIS_VALUE,hcx,중견기업 수출 비중,-,-,-,hcx,현재값,17.5,-,-,N,%,비중,유지,전년동기,중견기업(17.5%)과 중소기업(16.1%) 비중도 거의 변하지 않았다.,high,Y,measurement_period_ungrounded:2,N,0,0,HCX-007,v1.5-measurement-binding,2026-07-23
A2700-C013,A2700-C013-m2,A2700,수출 ‘톱10′ 기업 비중 40%로 역대 최대...‘대기업 쏠림’ 심화,2025-11-10,https://www.chosun.com/economy/economy_general/2025/11/10/STP3LFTONFGQLFJKML7SF2LS24/,중견기업(17.5%)과 중소기업(16.1%) 비중도 거의 변하지 않았다.,"전체 수출에서 차지하는 비중을 보면, 대기업이 전체 수출의 66.1%를 차지하며 지난해 3분기(67.0%)와 비슷한 수준을 유지했다.","수출 기업 수가 6만9808개로 4.5% 늘었지만, 대다수 기업들이 체감하는 수출 증가 효과는 미미한 것이다.",국내공식통계,Y,무역,수출 비중,"수출, 톱10, 기업, 비중, 대기업, 중견기업, 중소기업",-,-,-,-,-,-,-,2025Q4,-,Q,확정,16.1%,KOSIS_VALUE,hcx,중소기업 수출 비중,-,-,-,hcx,현재값,16.1,-,-,N,%,비중,유지,전년동기,중견기업(17.5%)과 중소기업(16.1%) 비중도 거의 변하지 않았다.,high,Y,measurement_period_ungrounded:2,N,0,0,HCX-007,v1.5-measurement-binding,2026-07-23
A2700-C014,A2700-C014-m1,A2700,수출 ‘톱10′ 기업 비중 40%로 역대 최대...‘대기업 쏠림’ 심화,2025-11-10,https://www.chosun.com/economy/economy_general/2025/11/10/STP3LFTONFGQLFJKML7SF2LS24/,"수출 기업 수가 6만9808개로 4.5% 늘었지만, 대다수 기업들이 체감하는 수출 증가 효과는 미미한 것이다.",중견기업(17.5%)과 중소기업(16.1%) 비중도 거의 변하지 않았다.,한 중견기업 관계자는 “반도체 호황 소식은 뉴스에서만 보이지 우리 같은 중견기업들은 원자재 가격 상승과 환율 변동으로 마진이 더 악화됐다”며 “대기업 실적이 좋다고 해서 전체 경제가 좋아진 것처럼 보이는 건 착시”라고 말했다.,국내공식통계,N,무역,수출 기업 수,"수출, 톱10, 대기업, 중견기업, 중소기업",-,-,-,-,-,-,-,2025,-,Y,확정,6만9808개,KOSIS_VALUE,hcx,수출 기업 수,-,-,-,hcx,현재값,69808,-,-,N,개,수준값,증가,전년,"수출 기업 수가 6만9808개로 4.5% 늘었지만, 대다수 기업들이 체감하는 수출 증가 효과는 미미한 것이다.",high,Y,measurement_period_ungrounded:2,N,0,0,HCX-007,v1.5-measurement-binding,2026-07-23
A2700-C014,A2700-C014-m2,A2700,수출 ‘톱10′ 기업 비중 40%로 역대 최대...‘대기업 쏠림’ 심화,2025-11-10,https://www.chosun.com/economy/economy_general/2025/11/10/STP3LFTONFGQLFJKML7SF2LS24/,"수출 기업 수가 6만9808개로 4.5% 늘었지만, 대다수 기업들이 체감하는 수출 증가 효과는 미미한 것이다.",중견기업(17.5%)과 중소기업(16.1%) 비중도 거의 변하지 않았다.,한 중견기업 관계자는 “반도체 호황 소식은 뉴스에서만 보이지 우리 같은 중견기업들은 원자재 가격 상승과 환율 변동으로 마진이 더 악화됐다”며 “대기업 실적이 좋다고 해서 전체 경제가 좋아진 것처럼 보이는 건 착시”라고 말했다.,국내공식통계,N,무역,수출 기업 수,"수출, 톱10, 대기업, 중견기업, 중소기업",-,-,-,-,-,-,-,2025,-,Y,확정,4.5%,KOSIS_VALUE,hcx,수출 기업 수 증감률,-,-,-,hcx,증감률,4.5,-,-,N,%,증감률,증가,전년,"수출 기업 수가 6만9808개로 4.5% 늘었지만, 대다수 기업들이 체감하는 수출 증가 효과는 미미한 것이다.",high,Y,measurement_period_ungrounded:2,N,0,0,HCX-007,v1.5-measurement-binding,2026-07-23
A2700-C016,A2700-C016-m1,A2700,수출 ‘톱10′ 기업 비중 40%로 역대 최대...‘대기업 쏠림’ 심화,2025-11-10,https://www.chosun.com/economy/economy_general/2025/11/10/STP3LFTONFGQLFJKML7SF2LS24/,"◇반도체 호황, 내수로 안 퍼져 재화 성질별로 보면 반도체와 자동차, 디스플레이, 유·무선 통신기기 등으로 대표되는 자본재 수출은 1110억달러로 11.2% 증가하며 8개 분기 연속 상승세를 기록했다.",한 중견기업 관계자는 “반도체 호황 소식은 뉴스에서만 보이지 우리 같은 중견기업들은 원자재 가격 상승과 환율 변동으로 마진이 더 악화됐다”며 “대기업 실적이 좋다고 해서 전체 경제가 좋아진 것처럼 보이는 건 착시”라고 말했다.,자본재 중에서도 반도체 등 IT부품이 511억달러로 24.3% 급증했다.,국내공식통계,Y,무역,자본재 수출,"반도체, 자동차, 디스플레이, 유·무선 통신기기, 자본재",-,-,-,-,-,-,-,2025Q4,-,Q,확정,1110억달러,KOSIS_VALUE,hcx,자본재 수출,-,-,-,hcx,현재값,111000000000,-,-,N,달러,수준값,증가,전분기,"◇반도체 호황, 내수로 안 퍼져 재화 성질별로 보면 반도체와 자동차, 디스플레이, 유·무선 통신기기 등으로 대표되는 자본재 수출은 1110억달러로 11.2% 증가하며 8개 분기 연속 상승세를 기록했다.",high,Y,measurement_period_ungrounded:3,Y,0,0,HCX-007,v1.5-measurement-binding,2026-07-23
A2700-C016,A2700-C016-m2,A2700,수출 ‘톱10′ 기업 비중 40%로 역대 최대...‘대기업 쏠림’ 심화,2025-11-10,https://www.chosun.com/economy/economy_general/2025/11/10/STP3LFTONFGQLFJKML7SF2LS24/,"◇반도체 호황, 내수로 안 퍼져 재화 성질별로 보면 반도체와 자동차, 디스플레이, 유·무선 통신기기 등으로 대표되는 자본재 수출은 1110억달러로 11.2% 증가하며 8개 분기 연속 상승세를 기록했다.",한 중견기업 관계자는 “반도체 호황 소식은 뉴스에서만 보이지 우리 같은 중견기업들은 원자재 가격 상승과 환율 변동으로 마진이 더 악화됐다”며 “대기업 실적이 좋다고 해서 전체 경제가 좋아진 것처럼 보이는 건 착시”라고 말했다.,자본재 중에서도 반도체 등 IT부품이 511억달러로 24.3% 급증했다.,국내공식통계,Y,무역,자본재 수출,"반도체, 자동차, 디스플레이, 유·무선 통신기기, 자본재",-,-,-,-,-,-,-,2025Q4,-,Q,확정,11.2%,KOSIS_VALUE,hcx,자본재 수출 증감률,-,-,-,hcx,증감률,11.2,-,-,N,%,증감률,증가,전분기,"◇반도체 호황, 내수로 안 퍼져 재화 성질별로 보면 반도체와 자동차, 디스플레이, 유·무선 통신기기 등으로 대표되는 자본재 수출은 1110억달러로 11.2% 증가하며 8개 분기 연속 상승세를 기록했다.",high,Y,measurement_period_ungrounded:3,Y,0,0,HCX-007,v1.5-measurement-binding,2026-07-23
A2700-C016,A2700-C016-m3,A2700,수출 ‘톱10′ 기업 비중 40%로 역대 최대...‘대기업 쏠림’ 심화,2025-11-10,https://www.chosun.com/economy/economy_general/2025/11/10/STP3LFTONFGQLFJKML7SF2LS24/,"◇반도체 호황, 내수로 안 퍼져 재화 성질별로 보면 반도체와 자동차, 디스플레이, 유·무선 통신기기 등으로 대표되는 자본재 수출은 1110억달러로 11.2% 증가하며 8개 분기 연속 상승세를 기록했다.",한 중견기업 관계자는 “반도체 호황 소식은 뉴스에서만 보이지 우리 같은 중견기업들은 원자재 가격 상승과 환율 변동으로 마진이 더 악화됐다”며 “대기업 실적이 좋다고 해서 전체 경제가 좋아진 것처럼 보이는 건 착시”라고 말했다.,자본재 중에서도 반도체 등 IT부품이 511억달러로 24.3% 급증했다.,국내공식통계,Y,무역,자본재 수출,"반도체, 자동차, 디스플레이, 유·무선 통신기기, 자본재",-,-,-,-,-,-,-,2025Q4,-,Q,확정,8개,KOSIS_VALUE,hcx,분기 연속 상승세,-,-,-,hcx,현재값,8,-,-,N,개,수준값,증가,전분기,"◇반도체 호황, 내수로 안 퍼져 재화 성질별로 보면 반도체와 자동차, 디스플레이, 유·무선 통신기기 등으로 대표되는 자본재 수출은 1110억달러로 11.2% 증가하며 8개 분기 연속 상승세를 기록했다.",high,Y,measurement_period_ungrounded:3,Y,0,0,HCX-007,v1.5-measurement-binding,2026-07-23
A2700-C017,A2700-C017-m1,A2700,수출 ‘톱10′ 기업 비중 40%로 역대 최대...‘대기업 쏠림’ 심화,2025-11-10,https://www.chosun.com/economy/economy_general/2025/11/10/STP3LFTONFGQLFJKML7SF2LS24/,자본재 중에서도 반도체 등 IT부품이 511억달러로 24.3% 급증했다.,"◇반도체 호황, 내수로 안 퍼져 재화 성질별로 보면 반도체와 자동차, 디스플레이, 유·무선 통신기기 등으로 대표되는 자본재 수출은 1110억달러로 11.2% 증가하며 8개 분기 연속 상승세를 기록했다.",문제는 이런 수출 호황이 국내 경제 전반으로 파급되지 않는다는 점이다.,국내공식통계,N,무역,IT부품 수출액,"자본재, 반도체, IT부품, 수출",-,-,-,반도체,-,-,-,2025Q4,-,Q,확정,511억달러,KOSIS_VALUE,hcx,IT부품 수출액,반도체,-,-,hcx,현재값,51100000000,-,-,N,달러,수준값,-,전년동기,자본재 중에서도 반도체 등 IT부품이 511억달러로 24.3% 급증했다.,high,Y,measurement_period_ungrounded:2,N,0,0,HCX-007,v1.5-measurement-binding,2026-07-23
A2700-C017,A2700-C017-m2,A2700,수출 ‘톱10′ 기업 비중 40%로 역대 최대...‘대기업 쏠림’ 심화,2025-11-10,https://www.chosun.com/economy/economy_general/2025/11/10/STP3LFTONFGQLFJKML7SF2LS24/,자본재 중에서도 반도체 등 IT부품이 511억달러로 24.3% 급증했다.,"◇반도체 호황, 내수로 안 퍼져 재화 성질별로 보면 반도체와 자동차, 디스플레이, 유·무선 통신기기 등으로 대표되는 자본재 수출은 1110억달러로 11.2% 증가하며 8개 분기 연속 상승세를 기록했다.",문제는 이런 수출 호황이 국내 경제 전반으로 파급되지 않는다는 점이다.,국내공식통계,N,무역,IT부품 수출액,"자본재, 반도체, IT부품, 수출",-,-,-,반도체,-,-,-,2025Q4,-,Q,확정,24.3%,KOSIS_VALUE,hcx,IT부품 수출액 비중,반도체,-,-,hcx,현재값,24.3,-,-,N,%,비중,-,전년동기,자본재 중에서도 반도체 등 IT부품이 511억달러로 24.3% 급증했다.,high,Y,measurement_period_ungrounded:2,N,0,0,HCX-007,v1.5-measurement-binding,2026-07-23
A2700-C019,A2700-C019-m1,A2700,수출 ‘톱10′ 기업 비중 40%로 역대 최대...‘대기업 쏠림’ 심화,2025-11-10,https://www.chosun.com/economy/economy_general/2025/11/10/STP3LFTONFGQLFJKML7SF2LS24/,"대기업의 경우 자본재 수출이 773억달러로 12.2% 증가했지만, 원자재(-5.1%)와 소비재(-5.4%)는 감소했다.",문제는 이런 수출 호황이 국내 경제 전반으로 파급되지 않는다는 점이다.,"중견기업과 중소기업은 자본재, 소비재, 원자재 모두 증가했지만 절대 금액은 대기업에 비해 크게 작았다.",국내공식통계,N,무역,"자본재 수출, 원자재 수출, 소비재 수출","수출, 톱10, 기업, 비중, 대기업, 중견기업, 중소기업, 자본재, 원자재, 소비재",-,-,-,-,-,-,-,2025,-,Y,확정,773억달러,KOSIS_VALUE,hcx,자본재 수출,-,-,-,hcx,현재값,77300000000,-,-,N,달러,수준값,증가,전년,"대기업의 경우 자본재 수출이 773억달러로 12.2% 증가했지만, 원자재(-5.1%)와 소비재(-5.4%)는 감소했다.",high,Y,measurement_period_ungrounded:4,N,0,0,HCX-007,v1.5-measurement-binding,2026-07-23
A2700-C019,A2700-C019-m2,A2700,수출 ‘톱10′ 기업 비중 40%로 역대 최대...‘대기업 쏠림’ 심화,2025-11-10,https://www.chosun.com/economy/economy_general/2025/11/10/STP3LFTONFGQLFJKML7SF2LS24/,"대기업의 경우 자본재 수출이 773억달러로 12.2% 증가했지만, 원자재(-5.1%)와 소비재(-5.4%)는 감소했다.",문제는 이런 수출 호황이 국내 경제 전반으로 파급되지 않는다는 점이다.,"중견기업과 중소기업은 자본재, 소비재, 원자재 모두 증가했지만 절대 금액은 대기업에 비해 크게 작았다.",국내공식통계,N,무역,"자본재 수출, 원자재 수출, 소비재 수출","수출, 톱10, 기업, 비중, 대기업, 중견기업, 중소기업, 자본재, 원자재, 소비재",-,-,-,-,-,-,-,2025,-,Y,확정,12.2%,KOSIS_VALUE,hcx,자본재 수출 증감률,-,-,-,hcx,증감률,12.2,-,-,N,%,증감률,증가,전년,"대기업의 경우 자본재 수출이 773억달러로 12.2% 증가했지만, 원자재(-5.1%)와 소비재(-5.4%)는 감소했다.",high,Y,measurement_period_ungrounded:4,N,0,0,HCX-007,v1.5-measurement-binding,2026-07-23
A2700-C019,A2700-C019-m3,A2700,수출 ‘톱10′ 기업 비중 40%로 역대 최대...‘대기업 쏠림’ 심화,2025-11-10,https://www.chosun.com/economy/economy_general/2025/11/10/STP3LFTONFGQLFJKML7SF2LS24/,"대기업의 경우 자본재 수출이 773억달러로 12.2% 증가했지만, 원자재(-5.1%)와 소비재(-5.4%)는 감소했다.",문제는 이런 수출 호황이 국내 경제 전반으로 파급되지 않는다는 점이다.,"중견기업과 중소기업은 자본재, 소비재, 원자재 모두 증가했지만 절대 금액은 대기업에 비해 크게 작았다.",국내공식통계,N,무역,"자본재 수출, 원자재 수출, 소비재 수출","수출, 톱10, 기업, 비중, 대기업, 중견기업, 중소기업, 자본재, 원자재, 소비재",-,-,-,-,-,-,-,2025,-,Y,확정,5.1%,KOSIS_VALUE,hcx,원자재 수출 증감률,-,-,-,hcx,증감률,5.1,-,-,N,%,증감률,감소,전년,"대기업의 경우 자본재 수출이 773억달러로 12.2% 증가했지만, 원자재(-5.1%)와 소비재(-5.4%)는 감소했다.",high,Y,measurement_period_ungrounded:4,N,0,0,HCX-007,v1.5-measurement-binding,2026-07-23
A2700-C019,A2700-C019-m4,A2700,수출 ‘톱10′ 기업 비중 40%로 역대 최대...‘대기업 쏠림’ 심화,2025-11-10,https://www.chosun.com/economy/economy_general/2025/11/10/STP3LFTONFGQLFJKML7SF2LS24/,"대기업의 경우 자본재 수출이 773억달러로 12.2% 증가했지만, 원자재(-5.1%)와 소비재(-5.4%)는 감소했다.",문제는 이런 수출 호황이 국내 경제 전반으로 파급되지 않는다는 점이다.,"중견기업과 중소기업은 자본재, 소비재, 원자재 모두 증가했지만 절대 금액은 대기업에 비해 크게 작았다.",국내공식통계,N,무역,"자본재 수출, 원자재 수출, 소비재 수출","수출, 톱10, 기업, 비중, 대기업, 중견기업, 중소기업, 자본재, 원자재, 소비재",-,-,-,-,-,-,-,2025,-,Y,확정,5.4%,KOSIS_VALUE,hcx,소비재 수출 증감률,-,-,-,hcx,증감률,5.4,-,-,N,%,증감률,감소,전년,"대기업의 경우 자본재 수출이 773억달러로 12.2% 증가했지만, 원자재(-5.1%)와 소비재(-5.4%)는 감소했다.",high,Y,measurement_period_ungrounded:4,N,0,0,HCX-007,v1.5-measurement-binding,2026-07-23
A2700-C020,-,A2700,수출 ‘톱10′ 기업 비중 40%로 역대 최대...‘대기업 쏠림’ 심화,2025-11-10,https://www.chosun.com/economy/economy_general/2025/11/10/STP3LFTONFGQLFJKML7SF2LS24/,"중견기업과 중소기업은 자본재, 소비재, 원자재 모두 증가했지만 절대 금액은 대기업에 비해 크게 작았다.","대기업의 경우 자본재 수출이 773억달러로 12.2% 증가했지만, 원자재(-5.1%)와 소비재(-5.4%)는 감소했다.",최근 증시 호황과 3분기 ‘깜짝 성장’에도 불구하고 내수 경기가 얼어붙은 배경이라는 분석이다.,국내공식통계,N,무역,수출액,"수출, 톱10, 기업, 비중, 대기업, 중견기업, 중소기업, 자본재, 원자재, 소비재",-,-,-,-,-,-,-,2025,-,Y,확정,-,-,-,-,-,-,-,-,-,-,-,-,-,-,-,-,-,"대기업의 경우 자본재 수출이 773억달러로 12.2% 증가했지만, 원자재(-5.1%)와 소비재(-5.4%)는 감소했다.",high,N,-,N,0,0,HCX-007,v1.5-measurement-binding,2026-07-23
A2700-C024,-,A2700,수출 ‘톱10′ 기업 비중 40%로 역대 최대...‘대기업 쏠림’ 심화,2025-11-10,https://www.chosun.com/economy/economy_general/2025/11/10/STP3LFTONFGQLFJKML7SF2LS24/,실제로 삼성전자와 SK하이닉스 등 주요 수출 대기업들은 미국 관세 우려와 국내 규제 부담 등으로 해외 투자를 늘리고 있다.,수출 대기업들이 번 돈이 국내 투자나 고용으로 이어지지 않고 있기 때문이다.,지난달 한국은행이 발표한 ’2024년 해외직접투자 동향’에 따르면 작년 해외직접투자는 672억달러로 전년 대비 10.4% 증가했다.,국내공식통계,N,무역,해외직접투자,-,-,-,-,-,-,-,-,2024,-,Y,확정,-,-,-,-,-,-,-,-,-,-,-,-,-,-,-,-,-,지난달 한국은행이 발표한 '2024년 해외직접투자 동향'에 따르면 작년 해외직접투자는 672억달러로 전년 대비 10.4% 증가했다.,high,N,-,N,0,0,HCX-007,v1.5-measurement-binding,2026-07-23
A2700-C025,A2700-C025-m1,A2700,수출 ‘톱10′ 기업 비중 40%로 역대 최대...‘대기업 쏠림’ 심화,2025-11-10,https://www.chosun.com/economy/economy_general/2025/11/10/STP3LFTONFGQLFJKML7SF2LS24/,지난달 한국은행이 발표한 ’2024년 해외직접투자 동향’에 따르면 작년 해외직접투자는 672억달러로 전년 대비 10.4% 증가했다.,실제로 삼성전자와 SK하이닉스 등 주요 수출 대기업들은 미국 관세 우려와 국내 규제 부담 등으로 해외 투자를 늘리고 있다.,벌어들인 돈을 해외 공장과 인력 채용에 쏟아붓는 만큼 국내 경제에는 낙수효과가 제한적일 수밖에 없다.,국내공식통계,N,무역,해외직접투자,"해외직접투자, 동향",-,-,-,-,-,-,-,2024,-,Y,확정,672억달러,KOSIS_VALUE,hcx,해외직접투자,-,2024,Y,hcx,현재값,67200000000,-,-,N,달러,수준값,증가,전년,'2024년 해외직접투자 동향'에 따르면 작년 해외직접투자는 672억달러로 전년 대비 10.4% 증가했다.,high,N,-,N,0,0,HCX-007,v1.5-measurement-binding,2026-07-23
A2700-C025,A2700-C025-m2,A2700,수출 ‘톱10′ 기업 비중 40%로 역대 최대...‘대기업 쏠림’ 심화,2025-11-10,https://www.chosun.com/economy/economy_general/2025/11/10/STP3LFTONFGQLFJKML7SF2LS24/,지난달 한국은행이 발표한 ’2024년 해외직접투자 동향’에 따르면 작년 해외직접투자는 672억달러로 전년 대비 10.4% 증가했다.,실제로 삼성전자와 SK하이닉스 등 주요 수출 대기업들은 미국 관세 우려와 국내 규제 부담 등으로 해외 투자를 늘리고 있다.,벌어들인 돈을 해외 공장과 인력 채용에 쏟아붓는 만큼 국내 경제에는 낙수효과가 제한적일 수밖에 없다.,국내공식통계,N,무역,해외직접투자,"해외직접투자, 동향",-,-,-,-,-,-,-,2024,-,Y,확정,10.4%,KOSIS_VALUE,hcx,해외직접투자 증가율,-,2024,Y,hcx,증감률,10.4,-,-,N,%,증감률,증가,전년,'2024년 해외직접투자 동향'에 따르면 작년 해외직접투자는 672억달러로 전년 대비 10.4% 증가했다.,high,N,-,N,0,0,HCX-007,v1.5-measurement-binding,2026-07-23
A2700-C027,A2700-C027-m1,A2700,수출 ‘톱10′ 기업 비중 40%로 역대 최대...‘대기업 쏠림’ 심화,2025-11-10,https://www.chosun.com/economy/economy_general/2025/11/10/STP3LFTONFGQLFJKML7SF2LS24/,◇소비재도 반등했지만…구조는 그대로 자동차와 화장품 등 소비재 수출은 239억달러로 4.9% 증가하며 5개 분기 만에 증가세로 전환했다.,벌어들인 돈을 해외 공장과 인력 채용에 쏟아붓는 만큼 국내 경제에는 낙수효과가 제한적일 수밖에 없다.,지난해 3분기부터 올해 2분기까지 줄곧 마이너스였던 소비재 수출은 유럽연합(EU)으로의 자동차 수출과 독립국가연합(CIS) 지역으로의 중고차 수출이 늘면서 반등했다.,국내공식통계,N,무역,소비재 수출,"자동차, 화장품, 수출, EU, CIS",-,-,-,-,-,-,-,2025Q4,-,Q,확정,239억달러,KOSIS_VALUE,hcx,소비재 수출,-,2025Q4,Q,hcx,현재값,23900000000,-,-,N,달러,수준값,증가,전분기,◇소비재도 반등했지만…구조는 그대로 자동차와 화장품 등 소비재 수출은 239억달러로 4.9% 증가하며 5개 분기 만에 증가세로 전환했다.,high,N,-,Y,0,0,HCX-007,v1.5-measurement-binding,2026-07-23
A2700-C027,A2700-C027-m2,A2700,수출 ‘톱10′ 기업 비중 40%로 역대 최대...‘대기업 쏠림’ 심화,2025-11-10,https://www.chosun.com/economy/economy_general/2025/11/10/STP3LFTONFGQLFJKML7SF2LS24/,◇소비재도 반등했지만…구조는 그대로 자동차와 화장품 등 소비재 수출은 239억달러로 4.9% 증가하며 5개 분기 만에 증가세로 전환했다.,벌어들인 돈을 해외 공장과 인력 채용에 쏟아붓는 만큼 국내 경제에는 낙수효과가 제한적일 수밖에 없다.,지난해 3분기부터 올해 2분기까지 줄곧 마이너스였던 소비재 수출은 유럽연합(EU)으로의 자동차 수출과 독립국가연합(CIS) 지역으로의 중고차 수출이 늘면서 반등했다.,국내공식통계,N,무역,소비재 수출,"자동차, 화장품, 수출, EU, CIS",-,-,-,-,-,-,-,2025Q4,-,Q,확정,4.9%,KOSIS_VALUE,hcx,소비재 수출 증감률,-,2025Q4,Q,hcx,증감률,4.9,-,-,N,%,증감률,증가,전분기,◇소비재도 반등했지만…구조는 그대로 자동차와 화장품 등 소비재 수출은 239억달러로 4.9% 증가하며 5개 분기 만에 증가세로 전환했다.,high,N,-,Y,0,0,HCX-007,v1.5-measurement-binding,2026-07-23
A2700-C027,A2700-C027-m3,A2700,수출 ‘톱10′ 기업 비중 40%로 역대 최대...‘대기업 쏠림’ 심화,2025-11-10,https://www.chosun.com/economy/economy_general/2025/11/10/STP3LFTONFGQLFJKML7SF2LS24/,◇소비재도 반등했지만…구조는 그대로 자동차와 화장품 등 소비재 수출은 239억달러로 4.9% 증가하며 5개 분기 만에 증가세로 전환했다.,벌어들인 돈을 해외 공장과 인력 채용에 쏟아붓는 만큼 국내 경제에는 낙수효과가 제한적일 수밖에 없다.,지난해 3분기부터 올해 2분기까지 줄곧 마이너스였던 소비재 수출은 유럽연합(EU)으로의 자동차 수출과 독립국가연합(CIS) 지역으로의 중고차 수출이 늘면서 반등했다.,국내공식통계,N,무역,소비재 수출,"자동차, 화장품, 수출, EU, CIS",-,-,-,-,-,-,-,2025Q4,-,Q,확정,5개,KOSIS_VALUE,hcx,분기 수,-,2025Q4,Q,hcx,현재값,5,-,-,N,개,수준값,증가,전분기,◇소비재도 반등했지만…구조는 그대로 자동차와 화장품 등 소비재 수출은 239억달러로 4.9% 증가하며 5개 분기 만에 증가세로 전환했다.,high,N,-,Y,0,0,HCX-007,v1.5-measurement-binding,2026-07-23
A2700-C028,-,A2700,수출 ‘톱10′ 기업 비중 40%로 역대 최대...‘대기업 쏠림’ 심화,2025-11-10,https://www.chosun.com/economy/economy_general/2025/11/10/STP3LFTONFGQLFJKML7SF2LS24/,지난해 3분기부터 올해 2분기까지 줄곧 마이너스였던 소비재 수출은 유럽연합(EU)으로의 자동차 수출과 독립국가연합(CIS) 지역으로의 중고차 수출이 늘면서 반등했다.,◇소비재도 반등했지만…구조는 그대로 자동차와 화장품 등 소비재 수출은 239억달러로 4.9% 증가하며 5개 분기 만에 증가세로 전환했다.,하지만 이마저도 현대차 등 대기업 중심이다.,국내공식통계,N,무역,소비재 수출,"자동차, 화장품, EU, CIS, 중고차",-,-,-,-,-,-,-,2024Q3~2025Q1,-,Q,확정,-,-,-,-,-,-,-,-,-,-,-,-,-,-,-,-,-,지난해 3분기부터 올해 2분기까지 줄곧 마이너스였던 소비재 수출은 유럽연합(EU)으로의 자동차 수출과 독립국가연합(CIS) 지역으로의 중고차 수출이 늘면서 반등했다.,mid,N,-,N,0,0,HCX-007,v1.5-measurement-binding,2026-07-23
A2700-C030,A2700-C030-m1,A2700,수출 ‘톱10′ 기업 비중 40%로 역대 최대...‘대기업 쏠림’ 심화,2025-11-10,https://www.chosun.com/economy/economy_general/2025/11/10/STP3LFTONFGQLFJKML7SF2LS24/,"대기업의 소비재 수출은 119억달러로 여전히 5.4% 감소했지만, 중견기업(4.4%)과 중소기업(24.9%)은 증가했다.",하지만 이마저도 현대차 등 대기업 중심이다.,중소기업의 소비재 수출 증가율이 높아 보이지만 금액으로는 84억달러에 불과해 대기업의 70% 수준이다.,국내공식통계,N,무역,소비재 수출,"수출, 톱10, 기업, 비중, 대기업, 중견기업, 중소기업",-,-,-,-,-,-,-,2025,-,Y,확정,119억달러,KOSIS_VALUE,hcx,소비재 수출,대기업,-,-,hcx,현재값,11900000000,-,-,N,달러,수준값,감소,전년동기,"대기업의 소비재 수출은 119억달러로 여전히 5.4% 감소했지만, 중견기업(4.4%)과 중소기업(24.9%)은 증가했다.",high,Y,measurement_period_ungrounded:4,N,0,0,HCX-007,v1.5-measurement-binding,2026-07-23
A2700-C030,A2700-C030-m2,A2700,수출 ‘톱10′ 기업 비중 40%로 역대 최대...‘대기업 쏠림’ 심화,2025-11-10,https://www.chosun.com/economy/economy_general/2025/11/10/STP3LFTONFGQLFJKML7SF2LS24/,"대기업의 소비재 수출은 119억달러로 여전히 5.4% 감소했지만, 중견기업(4.4%)과 중소기업(24.9%)은 증가했다.",하지만 이마저도 현대차 등 대기업 중심이다.,중소기업의 소비재 수출 증가율이 높아 보이지만 금액으로는 84억달러에 불과해 대기업의 70% 수준이다.,국내공식통계,N,무역,소비재 수출,"수출, 톱10, 기업, 비중, 대기업, 중견기업, 중소기업",-,-,-,-,-,-,-,2025,-,Y,확정,5.4%,KOSIS_VALUE,hcx,소비재 수출 증감률,대기업,-,-,hcx,증감률,5.4,-,-,N,%,증감률,감소,전년동기,"대기업의 소비재 수출은 119억달러로 여전히 5.4% 감소했지만, 중견기업(4.4%)과 중소기업(24.9%)은 증가했다.",high,Y,measurement_period_ungrounded:4,N,0,0,HCX-007,v1.5-measurement-binding,2026-07-23
A2700-C030,A2700-C030-m3,A2700,수출 ‘톱10′ 기업 비중 40%로 역대 최대...‘대기업 쏠림’ 심화,2025-11-10,https://www.chosun.com/economy/economy_general/2025/11/10/STP3LFTONFGQLFJKML7SF2LS24/,"대기업의 소비재 수출은 119억달러로 여전히 5.4% 감소했지만, 중견기업(4.4%)과 중소기업(24.9%)은 증가했다.",하지만 이마저도 현대차 등 대기업 중심이다.,중소기업의 소비재 수출 증가율이 높아 보이지만 금액으로는 84억달러에 불과해 대기업의 70% 수준이다.,국내공식통계,N,무역,소비재 수출,"수출, 톱10, 기업, 비중, 대기업, 중견기업, 중소기업",-,-,-,-,-,-,-,2025,-,Y,확정,4.4%,KOSIS_VALUE,hcx,소비재 수출 증감률,중견기업,-,-,hcx,증감률,4.4,-,-,N,%,증감률,증가,전년동기,"대기업의 소비재 수출은 119억달러로 여전히 5.4% 감소했지만, 중견기업(4.4%)과 중소기업(24.9%)은 증가했다.",high,Y,measurement_period_ungrounded:4,N,0,0,HCX-007,v1.5-measurement-binding,2026-07-23
A2700-C030,A2700-C030-m4,A2700,수출 ‘톱10′ 기업 비중 40%로 역대 최대...‘대기업 쏠림’ 심화,2025-11-10,https://www.chosun.com/economy/economy_general/2025/11/10/STP3LFTONFGQLFJKML7SF2LS24/,"대기업의 소비재 수출은 119억달러로 여전히 5.4% 감소했지만, 중견기업(4.4%)과 중소기업(24.9%)은 증가했다.",하지만 이마저도 현대차 등 대기업 중심이다.,중소기업의 소비재 수출 증가율이 높아 보이지만 금액으로는 84억달러에 불과해 대기업의 70% 수준이다.,국내공식통계,N,무역,소비재 수출,"수출, 톱10, 기업, 비중, 대기업, 중견기업, 중소기업",-,-,-,-,-,-,-,2025,-,Y,확정,24.9%,KOSIS_VALUE,hcx,소비재 수출 증감률,중소기업,-,-,hcx,증감률,24.9,-,-,N,%,증감률,증가,전년동기,"대기업의 소비재 수출은 119억달러로 여전히 5.4% 감소했지만, 중견기업(4.4%)과 중소기업(24.9%)은 증가했다.",high,Y,measurement_period_ungrounded:4,N,0,0,HCX-007,v1.5-measurement-binding,2026-07-23
A2700-C031,A2700-C031-m1,A2700,수출 ‘톱10′ 기업 비중 40%로 역대 최대...‘대기업 쏠림’ 심화,2025-11-10,https://www.chosun.com/economy/economy_general/2025/11/10/STP3LFTONFGQLFJKML7SF2LS24/,중소기업의 소비재 수출 증가율이 높아 보이지만 금액으로는 84억달러에 불과해 대기업의 70% 수준이다.,"대기업의 소비재 수출은 119억달러로 여전히 5.4% 감소했지만, 중견기업(4.4%)과 중소기업(24.9%)은 증가했다.",한 경제학자는 “한국 경제가 반도체 사이클에 지나치게 의존하는 구조가 고착화되고 있다”며 “대기업 실적이 좋아도 중소·중견기업과 내수가 함께 좋아지지 않으면 ‘반쪽 성장’에 그칠 수밖에 없다”고 지적했다.,국내공식통계,N,무역,중소기업의 소비재 수출,"수출, 톱10, 기업, 비중, 대기업, 중견기업, 중소기업, 소비재",-,-,-,소비재,-,-,-,2025,-,Y,확정,84억달러,KOSIS_VALUE,hcx,중소기업의 소비재 수출,소비재,-,-,hcx,현재값,8400000000,-,-,N,달러,수준값,증가,전년,중소기업의 소비재 수출 증가율이 높아 보이지만 금액으로는 84억달러에 불과해 대기업의 70% 수준이다.,high,Y,measurement_period_ungrounded:2,N,0,0,HCX-007,v1.5-measurement-binding,2026-07-23
A2700-C031,A2700-C031-m2,A2700,수출 ‘톱10′ 기업 비중 40%로 역대 최대...‘대기업 쏠림’ 심화,2025-11-10,https://www.chosun.com/economy/economy_general/2025/11/10/STP3LFTONFGQLFJKML7SF2LS24/,중소기업의 소비재 수출 증가율이 높아 보이지만 금액으로는 84억달러에 불과해 대기업의 70% 수준이다.,"대기업의 소비재 수출은 119억달러로 여전히 5.4% 감소했지만, 중견기업(4.4%)과 중소기업(24.9%)은 증가했다.",한 경제학자는 “한국 경제가 반도체 사이클에 지나치게 의존하는 구조가 고착화되고 있다”며 “대기업 실적이 좋아도 중소·중견기업과 내수가 함께 좋아지지 않으면 ‘반쪽 성장’에 그칠 수밖에 없다”고 지적했다.,국내공식통계,N,무역,중소기업의 소비재 수출,"수출, 톱10, 기업, 비중, 대기업, 중견기업, 중소기업, 소비재",-,-,-,소비재,-,-,-,2025,-,Y,확정,70%,KOSIS_VALUE,hcx,중소기업의 소비재 수출 비율,소비재,-,-,hcx,증감률,70,-,-,N,%,증감률,증가,전년,중소기업의 소비재 수출 증가율이 높아 보이지만 금액으로는 84억달러에 불과해 대기업의 70% 수준이다.,high,Y,measurement_period_ungrounded:2,N,0,0,HCX-007,v1.5-measurement-binding,2026-07-23
A2700-C033,A2700-C033-m1,A2700,수출 ‘톱10′ 기업 비중 40%로 역대 최대...‘대기업 쏠림’ 심화,2025-11-10,https://www.chosun.com/economy/economy_general/2025/11/10/STP3LFTONFGQLFJKML7SF2LS24/,지역별로는 동남아시아 수출이 556억달러(약 81조원)로 17.4% 급증하며 분기 기준 최대치를 기록했다.,한 경제학자는 “한국 경제가 반도체 사이클에 지나치게 의존하는 구조가 고착화되고 있다”며 “대기업 실적이 좋아도 중소·중견기업과 내수가 함께 좋아지지 않으면 ‘반쪽 성장’에 그칠 수밖에 없다”고 지적했다.,"미국 수출은 293억달러로 3.9% 감소했고, 중국은 337억달러로 1.8% 줄었다.",국내공식통계,N,무역,수출액,"수출, 톱10, 대기업, 중소기업, 내수",-,-,-,-,-,-,동남아시아,2025Q4,-,Q,확정,556억달러,KOSIS_VALUE,hcx,수출액,동남아시아 수출,-,-,hcx,현재값,55600000000,-,-,N,달러,수준값,증가,전분기,지역별로는 동남아시아 수출이 556억달러(약 81조원)로 17.4% 급증하며 분기 기준 최대치를 기록했다.,high,Y,measurement_period_ungrounded:3,N,0,0,HCX-007,v1.5-measurement-binding,2026-07-23
A2700-C033,A2700-C033-m2,A2700,수출 ‘톱10′ 기업 비중 40%로 역대 최대...‘대기업 쏠림’ 심화,2025-11-10,https://www.chosun.com/economy/economy_general/2025/11/10/STP3LFTONFGQLFJKML7SF2LS24/,지역별로는 동남아시아 수출이 556억달러(약 81조원)로 17.4% 급증하며 분기 기준 최대치를 기록했다.,한 경제학자는 “한국 경제가 반도체 사이클에 지나치게 의존하는 구조가 고착화되고 있다”며 “대기업 실적이 좋아도 중소·중견기업과 내수가 함께 좋아지지 않으면 ‘반쪽 성장’에 그칠 수밖에 없다”고 지적했다.,"미국 수출은 293억달러로 3.9% 감소했고, 중국은 337억달러로 1.8% 줄었다.",국내공식통계,N,무역,수출액,"수출, 톱10, 대기업, 중소기업, 내수",-,-,-,-,-,-,동남아시아,2025Q4,-,Q,확정,81조원,KOSIS_VALUE,hcx,수출액,동남아시아 수출,-,-,hcx,현재값,81000000000000,-,-,Y,원,수준값,증가,전분기,지역별로는 동남아시아 수출이 556억달러(약 81조원)로 17.4% 급증하며 분기 기준 최대치를 기록했다.,high,Y,measurement_period_ungrounded:3,N,0,0,HCX-007,v1.5-measurement-binding,2026-07-23
A2700-C033,A2700-C033-m3,A2700,수출 ‘톱10′ 기업 비중 40%로 역대 최대...‘대기업 쏠림’ 심화,2025-11-10,https://www.chosun.com/economy/economy_general/2025/11/10/STP3LFTONFGQLFJKML7SF2LS24/,지역별로는 동남아시아 수출이 556억달러(약 81조원)로 17.4% 급증하며 분기 기준 최대치를 기록했다.,한 경제학자는 “한국 경제가 반도체 사이클에 지나치게 의존하는 구조가 고착화되고 있다”며 “대기업 실적이 좋아도 중소·중견기업과 내수가 함께 좋아지지 않으면 ‘반쪽 성장’에 그칠 수밖에 없다”고 지적했다.,"미국 수출은 293억달러로 3.9% 감소했고, 중국은 337억달러로 1.8% 줄었다.",국내공식통계,N,무역,수출액,"수출, 톱10, 대기업, 중소기업, 내수",-,-,-,-,-,-,동남아시아,2025Q4,-,Q,확정,17.4%,KOSIS_VALUE,hcx,수출 증가율,동남아시아 수출,-,-,hcx,현재값,17.4,-,-,N,%,증감률,증가,전분기,지역별로는 동남아시아 수출이 556억달러(약 81조원)로 17.4% 급증하며 분기 기준 최대치를 기록했다.,high,Y,measurement_period_ungrounded:3,N,0,0,HCX-007,v1.5-measurement-binding,2026-07-23
A2700-C034,A2700-C034-m1,A2700,수출 ‘톱10′ 기업 비중 40%로 역대 최대...‘대기업 쏠림’ 심화,2025-11-10,https://www.chosun.com/economy/economy_general/2025/11/10/STP3LFTONFGQLFJKML7SF2LS24/,"미국 수출은 293억달러로 3.9% 감소했고, 중국은 337억달러로 1.8% 줄었다.",지역별로는 동남아시아 수출이 556억달러(약 81조원)로 17.4% 급증하며 분기 기준 최대치를 기록했다.,"산업별로는 광제조업이 1595억달러로 8.0% 늘었고, 전기전자(15.0%)와 운송장비(9.3%) 수출이 크게 증가했다.",해외통계·정책,Y,무역,수출액,"수출, 톱10, 기업, 비중, 대기업, 쏠림, 광제조업, 전기전자, 운송장비",-,-,-,-,-,-,-,2025Q4,-,Q,확정,293억달러,KOSIS_VALUE,hcx,미국 수출액,미국,-,-,hcx,현재값,29300000000,-,-,N,달러,수준값,감소,전년동기,"미국 수출은 293억달러로 3.9% 감소했고, 중국은 337억달러로 1.8% 줄었다.",high,Y,measurement_period_ungrounded:4,N,0,0,HCX-007,v1.5-measurement-binding,2026-07-23
A2700-C034,A2700-C034-m2,A2700,수출 ‘톱10′ 기업 비중 40%로 역대 최대...‘대기업 쏠림’ 심화,2025-11-10,https://www.chosun.com/economy/economy_general/2025/11/10/STP3LFTONFGQLFJKML7SF2LS24/,"미국 수출은 293억달러로 3.9% 감소했고, 중국은 337억달러로 1.8% 줄었다.",지역별로는 동남아시아 수출이 556억달러(약 81조원)로 17.4% 급증하며 분기 기준 최대치를 기록했다.,"산업별로는 광제조업이 1595억달러로 8.0% 늘었고, 전기전자(15.0%)와 운송장비(9.3%) 수출이 크게 증가했다.",해외통계·정책,Y,무역,수출액,"수출, 톱10, 기업, 비중, 대기업, 쏠림, 광제조업, 전기전자, 운송장비",-,-,-,-,-,-,-,2025Q4,-,Q,확정,3.9%,KOSIS_VALUE,hcx,미국 수출 증감률,미국,-,-,hcx,증감률,3.9,-,-,N,%,증감률,감소,전년동기,"미국 수출은 293억달러로 3.9% 감소했고, 중국은 337억달러로 1.8% 줄었다.",high,Y,measurement_period_ungrounded:4,N,0,0,HCX-007,v1.5-measurement-binding,2026-07-23
A2700-C034,A2700-C034-m3,A2700,수출 ‘톱10′ 기업 비중 40%로 역대 최대...‘대기업 쏠림’ 심화,2025-11-10,https://www.chosun.com/economy/economy_general/2025/11/10/STP3LFTONFGQLFJKML7SF2LS24/,"미국 수출은 293억달러로 3.9% 감소했고, 중국은 337억달러로 1.8% 줄었다.",지역별로는 동남아시아 수출이 556억달러(약 81조원)로 17.4% 급증하며 분기 기준 최대치를 기록했다.,"산업별로는 광제조업이 1595억달러로 8.0% 늘었고, 전기전자(15.0%)와 운송장비(9.3%) 수출이 크게 증가했다.",해외통계·정책,Y,무역,수출액,"수출, 톱10, 기업, 비중, 대기업, 쏠림, 광제조업, 전기전자, 운송장비",-,-,-,-,-,-,-,2025Q4,-,Q,확정,337억달러,KOSIS_VALUE,hcx,중국 수출액,중국,-,-,hcx,현재값,33700000000,-,-,N,달러,수준값,감소,전년동기,"미국 수출은 293억달러로 3.9% 감소했고, 중국은 337억달러로 1.8% 줄었다.",high,Y,measurement_period_ungrounded:4,N,0,0,HCX-007,v1.5-measurement-binding,2026-07-23
A2700-C034,A2700-C034-m4,A2700,수출 ‘톱10′ 기업 비중 40%로 역대 최대...‘대기업 쏠림’ 심화,2025-11-10,https://www.chosun.com/economy/economy_general/2025/11/10/STP3LFTONFGQLFJKML7SF2LS24/,"미국 수출은 293억달러로 3.9% 감소했고, 중국은 337억달러로 1.8% 줄었다.",지역별로는 동남아시아 수출이 556억달러(약 81조원)로 17.4% 급증하며 분기 기준 최대치를 기록했다.,"산업별로는 광제조업이 1595억달러로 8.0% 늘었고, 전기전자(15.0%)와 운송장비(9.3%) 수출이 크게 증가했다.",해외통계·정책,Y,무역,수출액,"수출, 톱10, 기업, 비중, 대기업, 쏠림, 광제조업, 전기전자, 운송장비",-,-,-,-,-,-,-,2025Q4,-,Q,확정,1.8%,KOSIS_VALUE,hcx,중국 수출 증감률,중국,-,-,hcx,증감률,1.8,-,-,N,%,증감률,감소,전년동기,"미국 수출은 293억달러로 3.9% 감소했고, 중국은 337억달러로 1.8% 줄었다.",high,Y,measurement_period_ungrounded:4,N,0,0,HCX-007,v1.5-measurement-binding,2026-07-23
A2700-C035,A2700-C035-m1,A2700,수출 ‘톱10′ 기업 비중 40%로 역대 최대...‘대기업 쏠림’ 심화,2025-11-10,https://www.chosun.com/economy/economy_general/2025/11/10/STP3LFTONFGQLFJKML7SF2LS24/,"산업별로는 광제조업이 1595억달러로 8.0% 늘었고, 전기전자(15.0%)와 운송장비(9.3%) 수출이 크게 증가했다.","미국 수출은 293억달러로 3.9% 감소했고, 중국은 337억달러로 1.8% 줄었다.",-,국내공식통계,N,무역,산업별 수출액 및 증감률,"수출, 톱10, 기업, 비중, 광제조업, 전기전자, 운송장비",-,-,-,"광제조업, 전기전자, 운송장비",-,-,-,2025,-,Y,확정,1595억달러,KOSIS_VALUE,hcx,광제조업 수출액,광제조업,-,-,hcx,현재값,159500000000,-,-,N,달러,수준값,증가,전년,"산업별로는 광제조업이 1595억달러로 8.0% 늘었고, 전기전자(15.0%)와 운송장비(9.3%) 수출이 크게 증가했다.",high,Y,measurement_period_ungrounded:4,Y,0,0,HCX-007,v1.5-measurement-binding,2026-07-23
A2700-C035,A2700-C035-m2,A2700,수출 ‘톱10′ 기업 비중 40%로 역대 최대...‘대기업 쏠림’ 심화,2025-11-10,https://www.chosun.com/economy/economy_general/2025/11/10/STP3LFTONFGQLFJKML7SF2LS24/,"산업별로는 광제조업이 1595억달러로 8.0% 늘었고, 전기전자(15.0%)와 운송장비(9.3%) 수출이 크게 증가했다.","미국 수출은 293억달러로 3.9% 감소했고, 중국은 337억달러로 1.8% 줄었다.",-,국내공식통계,N,무역,산업별 수출액 및 증감률,"수출, 톱10, 기업, 비중, 광제조업, 전기전자, 운송장비",-,-,-,"광제조업, 전기전자, 운송장비",-,-,-,2025,-,Y,확정,8.0%,KOSIS_VALUE,hcx,광제조업 수출 증가율,광제조업,-,-,hcx,증감률,8,-,-,N,%,증감률,증가,전년,"산업별로는 광제조업이 1595억달러로 8.0% 늘었고, 전기전자(15.0%)와 운송장비(9.3%) 수출이 크게 증가했다.",high,Y,measurement_period_ungrounded:4,Y,0,0,HCX-007,v1.5-measurement-binding,2026-07-23
A2700-C035,A2700-C035-m3,A2700,수출 ‘톱10′ 기업 비중 40%로 역대 최대...‘대기업 쏠림’ 심화,2025-11-10,https://www.chosun.com/economy/economy_general/2025/11/10/STP3LFTONFGQLFJKML7SF2LS24/,"산업별로는 광제조업이 1595억달러로 8.0% 늘었고, 전기전자(15.0%)와 운송장비(9.3%) 수출이 크게 증가했다.","미국 수출은 293억달러로 3.9% 감소했고, 중국은 337억달러로 1.8% 줄었다.",-,국내공식통계,N,무역,산업별 수출액 및 증감률,"수출, 톱10, 기업, 비중, 광제조업, 전기전자, 운송장비",-,-,-,"광제조업, 전기전자, 운송장비",-,-,-,2025,-,Y,확정,15.0%,KOSIS_VALUE,hcx,전기전자 수출 증가율,전기전자,-,-,hcx,증감률,15,-,-,N,%,증감률,증가,전년,"산업별로는 광제조업이 1595억달러로 8.0% 늘었고, 전기전자(15.0%)와 운송장비(9.3%) 수출이 크게 증가했다.",high,Y,measurement_period_ungrounded:4,Y,0,0,HCX-007,v1.5-measurement-binding,2026-07-23
A2700-C035,A2700-C035-m4,A2700,수출 ‘톱10′ 기업 비중 40%로 역대 최대...‘대기업 쏠림’ 심화,2025-11-10,https://www.chosun.com/economy/economy_general/2025/11/10/STP3LFTONFGQLFJKML7SF2LS24/,"산업별로는 광제조업이 1595억달러로 8.0% 늘었고, 전기전자(15.0%)와 운송장비(9.3%) 수출이 크게 증가했다.","미국 수출은 293억달러로 3.9% 감소했고, 중국은 337억달러로 1.8% 줄었다.",-,국내공식통계,N,무역,산업별 수출액 및 증감률,"수출, 톱10, 기업, 비중, 광제조업, 전기전자, 운송장비",-,-,-,"광제조업, 전기전자, 운송장비",-,-,-,2025,-,Y,확정,9.3%,KOSIS_VALUE,hcx,운송장비 수출 증가율,운송장비,-,-,hcx,증감률,9.3,-,-,N,%,증감률,증가,전년,"산업별로는 광제조업이 1595억달러로 8.0% 늘었고, 전기전자(15.0%)와 운송장비(9.3%) 수출이 크게 증가했다.",high,Y,measurement_period_ungrounded:4,Y,0,0,HCX-007,v1.5-measurement-binding,2026-07-23
A2701-C001,-,A2701,3분기 수출 역대 최대… 美 관세 폭탄에도 반도체·지역 다변화로 선방,2025-11-10,https://biz.chosun.com/policy/policy_sub/2025/11/10/FJZFOVSDGBEVDPIJJYVIHAC63E/,미국발 관세 폭탄에도 3분기 수출액이 역대 최대를 기록했다.,-,대기업뿐 아니라 중견기업 수출도 사상 최고치를 달성했다.,국내공식통계,Y,무역,수출액,"미국발 관세 폭탄, 반도체, 지역 다변화",-,-,-,-,-,-,-,2025Q3,-,Q,확정,-,-,-,-,-,-,-,-,-,-,-,-,-,-,-,-,-,미국발 관세 폭탄에도 3분기 수출액이 역대 최대를 기록했다.,mid,N,-,Y,0,0,HCX-007,v1.5-measurement-binding,2026-07-23
A2701-C002,-,A2701,3분기 수출 역대 최대… 美 관세 폭탄에도 반도체·지역 다변화로 선방,2025-11-10,https://biz.chosun.com/policy/policy_sub/2025/11/10/FJZFOVSDGBEVDPIJJYVIHAC63E/,대기업뿐 아니라 중견기업 수출도 사상 최고치를 달성했다.,미국발 관세 폭탄에도 3분기 수출액이 역대 최대를 기록했다.,인공지능(AI) 특수를 누린 반도체 산업과 수출 기업의 지역 다변화가 수출 증가세를 이끌었다.,국내공식통계,Y,무역,수출액,"수출액, 중견기업, 사상 최고치",-,-,-,-,-,-,-,2025Q3,-,Q,확정,-,-,-,-,-,-,-,-,-,-,-,-,-,-,-,-,-,"""대기업뿐 아니라 중견기업 수출도 사상 최고치를 달성했다.""",mid,N,-,Y,0,0,HCX-007,v1.5-measurement-binding,2026-07-23
A2701-C003,-,A2701,3분기 수출 역대 최대… 美 관세 폭탄에도 반도체·지역 다변화로 선방,2025-11-10,https://biz.chosun.com/policy/policy_sub/2025/11/10/FJZFOVSDGBEVDPIJJYVIHAC63E/,인공지능(AI) 특수를 누린 반도체 산업과 수출 기업의 지역 다변화가 수출 증가세를 이끌었다.,대기업뿐 아니라 중견기업 수출도 사상 최고치를 달성했다.,"10일 국가데이터처와 관세청이 발표한 '2025년 3분기 기준 기업 특성별 무역통계 결과(잠정)'에 따르면, 3분기 수출액은 1850억달러로 지난해 같은 기간보다 6.5% 증가했다.",국내공식통계,Y,무역,수출액,"AI 특수, 반도체 산업, 수출 기업, 지역 다변화",-,-,-,반도체,-,-,-,2025Q3,-,Q,확정,-,-,-,-,-,-,-,-,-,-,-,-,-,-,-,-,-,인공지능(AI) 특수를 누린 반도체 산업과 수출 기업의 지역 다변화가 수출 증가세를 이끌었다.,high,N,-,N,0,0,HCX-007,v1.5-measurement-binding,2026-07-23
A2701-C004,A2701-C004-m1,A2701,3분기 수출 역대 최대… 美 관세 폭탄에도 반도체·지역 다변화로 선방,2025-11-10,https://biz.chosun.com/policy/policy_sub/2025/11/10/FJZFOVSDGBEVDPIJJYVIHAC63E/,"10일 국가데이터처와 관세청이 발표한 '2025년 3분기 기준 기업 특성별 무역통계 결과(잠정)'에 따르면, 3분기 수출액은 1850억달러로 지난해 같은 기간보다 6.5% 증가했다.",인공지능(AI) 특수를 누린 반도체 산업과 수출 기업의 지역 다변화가 수출 증가세를 이끌었다.,"대기업(5.1%), 중견기업(7.0%), 중소기업(11.9%) 모두 전년 동기 대비 3분기 수출이 늘었다.",국내공식통계,Y,무역,수출액,"3분기, 수출액, 잠정",-,-,-,-,-,-,-,2025Q3,-,Q,확정,1850억달러,KOSIS_VALUE,hcx,수출액,-,2025Q3,Q,hcx,현재값,185000000000,-,-,N,달러,수준값,증가,전년동기,"[검증 대상 문장] 10일 국가데이터처와 관세청이 발표한 '2025년 3분기 기준 기업 특성별 무역통계 결과(잠정)'에 따르면, 3분기 수출액은 1850억달러로 지난해 같은 기간보다 6.5% 증가했다.",high,N,-,N,0,0,HCX-007,v1.5-measurement-binding,2026-07-23
A2701-C004,A2701-C004-m2,A2701,3분기 수출 역대 최대… 美 관세 폭탄에도 반도체·지역 다변화로 선방,2025-11-10,https://biz.chosun.com/policy/policy_sub/2025/11/10/FJZFOVSDGBEVDPIJJYVIHAC63E/,"10일 국가데이터처와 관세청이 발표한 '2025년 3분기 기준 기업 특성별 무역통계 결과(잠정)'에 따르면, 3분기 수출액은 1850억달러로 지난해 같은 기간보다 6.5% 증가했다.",인공지능(AI) 특수를 누린 반도체 산업과 수출 기업의 지역 다변화가 수출 증가세를 이끌었다.,"대기업(5.1%), 중견기업(7.0%), 중소기업(11.9%) 모두 전년 동기 대비 3분기 수출이 늘었다.",국내공식통계,Y,무역,수출액,"3분기, 수출액, 잠정",-,-,-,-,-,-,-,2025Q3,-,Q,확정,6.5%,KOSIS_VALUE,hcx,수출액 증감률,-,2025Q3,Q,hcx,증감률,6.5,-,-,N,%,증감률,증가,전년동기,"[검증 대상 문장] 10일 국가데이터처와 관세청이 발표한 '2025년 3분기 기준 기업 특성별 무역통계 결과(잠정)'에 따르면, 3분기 수출액은 1850억달러로 지난해 같은 기간보다 6.5% 증가했다.",high,N,-,N,0,0,HCX-007,v1.5-measurement-binding,2026-07-23
A2701-C005,A2701-C005-m1,A2701,3분기 수출 역대 최대… 美 관세 폭탄에도 반도체·지역 다변화로 선방,2025-11-10,https://biz.chosun.com/policy/policy_sub/2025/11/10/FJZFOVSDGBEVDPIJJYVIHAC63E/,"대기업(5.1%), 중견기업(7.0%), 중소기업(11.9%) 모두 전년 동기 대비 3분기 수출이 늘었다.","10일 국가데이터처와 관세청이 발표한 '2025년 3분기 기준 기업 특성별 무역통계 결과(잠정)'에 따르면, 3분기 수출액은 1850억달러로 지난해 같은 기간보다 6.5% 증가했다.","산업별로 보면, 대기업과 중견기업의 반도체 수출 증가가 전체 수출액 상승을 견인했다.",국내공식통계,Y,무역,수출액 증감률,"수출액, 증감률, 대기업, 중견기업, 중소기업",-,-,-,-,-,-,-,2025Q3,-,Q,확정,5.1%,KOSIS_VALUE,hcx,수출액 증감률,대기업,2025Q3,Q,hcx,증감률,5.1,-,-,N,%,증감률,증가,전년동기,"대기업(5.1%), 중견기업(7.0%), 중소기업(11.9%) 모두 전년 동기 대비 3분기 수출이 늘었다.",high,N,-,N,0,0,HCX-007,v1.5-measurement-binding,2026-07-23
A2701-C005,A2701-C005-m2,A2701,3분기 수출 역대 최대… 美 관세 폭탄에도 반도체·지역 다변화로 선방,2025-11-10,https://biz.chosun.com/policy/policy_sub/2025/11/10/FJZFOVSDGBEVDPIJJYVIHAC63E/,"대기업(5.1%), 중견기업(7.0%), 중소기업(11.9%) 모두 전년 동기 대비 3분기 수출이 늘었다.","10일 국가데이터처와 관세청이 발표한 '2025년 3분기 기준 기업 특성별 무역통계 결과(잠정)'에 따르면, 3분기 수출액은 1850억달러로 지난해 같은 기간보다 6.5% 증가했다.","산업별로 보면, 대기업과 중견기업의 반도체 수출 증가가 전체 수출액 상승을 견인했다.",국내공식통계,Y,무역,수출액 증감률,"수출액, 증감률, 대기업, 중견기업, 중소기업",-,-,-,-,-,-,-,2025Q3,-,Q,확정,7.0%,KOSIS_VALUE,hcx,수출액 증감률,중견기업,2025Q3,Q,hcx,증감률,7,-,-,N,%,증감률,증가,전년동기,"대기업(5.1%), 중견기업(7.0%), 중소기업(11.9%) 모두 전년 동기 대비 3분기 수출이 늘었다.",high,N,-,N,0,0,HCX-007,v1.5-measurement-binding,2026-07-23
A2701-C005,A2701-C005-m3,A2701,3분기 수출 역대 최대… 美 관세 폭탄에도 반도체·지역 다변화로 선방,2025-11-10,https://biz.chosun.com/policy/policy_sub/2025/11/10/FJZFOVSDGBEVDPIJJYVIHAC63E/,"대기업(5.1%), 중견기업(7.0%), 중소기업(11.9%) 모두 전년 동기 대비 3분기 수출이 늘었다.","10일 국가데이터처와 관세청이 발표한 '2025년 3분기 기준 기업 특성별 무역통계 결과(잠정)'에 따르면, 3분기 수출액은 1850억달러로 지난해 같은 기간보다 6.5% 증가했다.","산업별로 보면, 대기업과 중견기업의 반도체 수출 증가가 전체 수출액 상승을 견인했다.",국내공식통계,Y,무역,수출액 증감률,"수출액, 증감률, 대기업, 중견기업, 중소기업",-,-,-,-,-,-,-,2025Q3,-,Q,확정,11.9%,KOSIS_VALUE,hcx,수출액 증감률,중소기업,2025Q3,Q,hcx,증감률,11.9,-,-,N,%,증감률,증가,전년동기,"대기업(5.1%), 중견기업(7.0%), 중소기업(11.9%) 모두 전년 동기 대비 3분기 수출이 늘었다.",high,N,-,N,0,0,HCX-007,v1.5-measurement-binding,2026-07-23
A2701-C006,-,A2701,3분기 수출 역대 최대… 美 관세 폭탄에도 반도체·지역 다변화로 선방,2025-11-10,https://biz.chosun.com/policy/policy_sub/2025/11/10/FJZFOVSDGBEVDPIJJYVIHAC63E/,"산업별로 보면, 대기업과 중견기업의 반도체 수출 증가가 전체 수출액 상승을 견인했다.","대기업(5.1%), 중견기업(7.0%), 중소기업(11.9%) 모두 전년 동기 대비 3분기 수출이 늘었다.","전기전자, 운송장비 부문에서 수출이 늘면서, 광·제조업 수출액은 전년도 3분기 대비 8% 증가했다.",국내공식통계,Y,무역,수출액,"대기업, 중견기업, 반도체, 수출액 상승",-,-,-,반도체,-,-,-,2025Q3,-,Q,확정,-,-,-,-,-,-,-,-,-,-,-,-,-,-,-,-,-,"산업별로 보면, 대기업과 중견기업의 반도체 수출 증가가 전체 수출액 상승을 견인했다.",mid,N,-,Y,0,0,HCX-007,v1.5-measurement-binding,2026-07-23
A2701-C007,A2701-C007-m1,A2701,3분기 수출 역대 최대… 美 관세 폭탄에도 반도체·지역 다변화로 선방,2025-11-10,https://biz.chosun.com/policy/policy_sub/2025/11/10/FJZFOVSDGBEVDPIJJYVIHAC63E/,"전기전자, 운송장비 부문에서 수출이 늘면서, 광·제조업 수출액은 전년도 3분기 대비 8% 증가했다.","산업별로 보면, 대기업과 중견기업의 반도체 수출 증가가 전체 수출액 상승을 견인했다.",특히 SK하이닉스의 고대역폭 메모리(HBM) 수출이 급증해 수출 상위 10대 기업의 무역 집중도(40%)는 역대 최고치를 기록했다.,국내공식통계,Y,무역,광·제조업 수출액,"전기전자, 운송장비, 수출액",-,-,-,-,-,-,-,2025Q3,-,Q,확정,8%,KOSIS_VALUE,hcx,광·제조업 수출액,-,-,-,hcx,증감률,8,-,-,N,%,증감률,증가,전년동기,"전기전자, 운송장비 부문에서 수출이 늘면서, 광·제조업 수출액은 전년도 3분기 대비 8% 증가했다.",high,Y,measurement_period_ungrounded:1,N,0,0,HCX-007,v1.5-measurement-binding,2026-07-23
A2701-C008,A2701-C008-m1,A2701,3분기 수출 역대 최대… 美 관세 폭탄에도 반도체·지역 다변화로 선방,2025-11-10,https://biz.chosun.com/policy/policy_sub/2025/11/10/FJZFOVSDGBEVDPIJJYVIHAC63E/,특히 SK하이닉스의 고대역폭 메모리(HBM) 수출이 급증해 수출 상위 10대 기업의 무역 집중도(40%)는 역대 최고치를 기록했다.,"전기전자, 운송장비 부문에서 수출이 늘면서, 광·제조업 수출액은 전년도 3분기 대비 8% 증가했다.","국가데이터처 관계자는 ""대기업, 중견기업, 중소기업 할 것 없이 모두 수출이 증가했지만, 반도체 수출이 크게 늘어나면서 10대 기업의 무역 집중도가 사상 최대치를 나타냈다""고 설명했다.",국내공식통계,N,무역,무역 집중도,"수출, 반도체, 무역 집중도, 수출 상위 10대 기업",-,-,-,반도체,-,-,-,2025Q3,-,Q,확정,10대,KOSIS_VALUE,hcx,수출 상위 10대 기업,반도체,-,-,hcx,현재값,10,-,-,N,대,수준값,-,전분기,특히 SK하이닉스의 고대역폭 메모리(HBM) 수출이 급증해 수출 상위 10대 기업의 무역 집중도(40%)는 역대 최고치를 기록했다.,high,Y,measurement_period_ungrounded:2,N,0,0,HCX-007,v1.5-measurement-binding,2026-07-23
A2701-C008,A2701-C008-m2,A2701,3분기 수출 역대 최대… 美 관세 폭탄에도 반도체·지역 다변화로 선방,2025-11-10,https://biz.chosun.com/policy/policy_sub/2025/11/10/FJZFOVSDGBEVDPIJJYVIHAC63E/,특히 SK하이닉스의 고대역폭 메모리(HBM) 수출이 급증해 수출 상위 10대 기업의 무역 집중도(40%)는 역대 최고치를 기록했다.,"전기전자, 운송장비 부문에서 수출이 늘면서, 광·제조업 수출액은 전년도 3분기 대비 8% 증가했다.","국가데이터처 관계자는 ""대기업, 중견기업, 중소기업 할 것 없이 모두 수출이 증가했지만, 반도체 수출이 크게 늘어나면서 10대 기업의 무역 집중도가 사상 최대치를 나타냈다""고 설명했다.",국내공식통계,N,무역,무역 집중도,"수출, 반도체, 무역 집중도, 수출 상위 10대 기업",-,-,-,반도체,-,-,-,2025Q3,-,Q,확정,40%,KOSIS_VALUE,hcx,무역 집중도,반도체,-,-,hcx,현재값,40,-,-,N,%,비중,-,전분기,특히 SK하이닉스의 고대역폭 메모리(HBM) 수출이 급증해 수출 상위 10대 기업의 무역 집중도(40%)는 역대 최고치를 기록했다.,high,Y,measurement_period_ungrounded:2,N,0,0,HCX-007,v1.5-measurement-binding,2026-07-23
A2701-C009,A2701-C009-m1,A2701,3분기 수출 역대 최대… 美 관세 폭탄에도 반도체·지역 다변화로 선방,2025-11-10,https://biz.chosun.com/policy/policy_sub/2025/11/10/FJZFOVSDGBEVDPIJJYVIHAC63E/,"국가데이터처 관계자는 ""대기업, 중견기업, 중소기업 할 것 없이 모두 수출이 증가했지만, 반도체 수출이 크게 늘어나면서 10대 기업의 무역 집중도가 사상 최대치를 나타냈다""고 설명했다.",특히 SK하이닉스의 고대역폭 메모리(HBM) 수출이 급증해 수출 상위 10대 기업의 무역 집중도(40%)는 역대 최고치를 기록했다.,올해 3분기에는 주요국 수출 감소에도 수출 지역 다변화를 통해 양호한 수출 실적을 거뒀다.,국내공식통계,Y,무역,무역 집중도,"수출, 반도체, 대기업, 중견기업, 중소기업",-,-,-,-,-,-,-,2025Q3,-,Q,확정,10대,KOSIS_VALUE,hcx,무역 집중도,-,2025Q3,Q,hcx,현재값,10,-,-,N,대,수준값,증가,전분기,"""대기업, 중견기업, 중소기업 할 것 없이 모두 수출이 증가했지만, 반도체 수출이 크게 늘어나면서 10대 기업의 무역 집중도가 사상 최대치를 나타냈다""고 설명했다.",high,N,-,N,0,0,HCX-007,v1.5-measurement-binding,2026-07-23
A2701-C010,-,A2701,3분기 수출 역대 최대… 美 관세 폭탄에도 반도체·지역 다변화로 선방,2025-11-10,https://biz.chosun.com/policy/policy_sub/2025/11/10/FJZFOVSDGBEVDPIJJYVIHAC63E/,올해 3분기에는 주요국 수출 감소에도 수출 지역 다변화를 통해 양호한 수출 실적을 거뒀다.,"국가데이터처 관계자는 ""대기업, 중견기업, 중소기업 할 것 없이 모두 수출이 증가했지만, 반도체 수출이 크게 늘어나면서 10대 기업의 무역 집중도가 사상 최대치를 나타냈다""고 설명했다.","국가별로 보면 미국으로의 수출액은 전년 동기 대비 3.9% 줄었고, 중국은 1.8% 감소했다.",국내공식통계,Y,무역,수출 실적,"3분기, 수출, 역대 최대, 반도체, 지역 다변화",-,-,-,-,-,-,-,2025Q3,-,Q,확정,-,-,-,-,-,-,-,-,-,-,-,-,-,-,-,-,-,올해 3분기에는 주요국 수출 감소에도 수출 지역 다변화를 통해 양호한 수출 실적을 거뒀다.,mid,N,-,Y,0,0,HCX-007,v1.5-measurement-binding,2026-07-23
A2701-C011,A2701-C011-m1,A2701,3분기 수출 역대 최대… 美 관세 폭탄에도 반도체·지역 다변화로 선방,2025-11-10,https://biz.chosun.com/policy/policy_sub/2025/11/10/FJZFOVSDGBEVDPIJJYVIHAC63E/,"국가별로 보면 미국으로의 수출액은 전년 동기 대비 3.9% 줄었고, 중국은 1.8% 감소했다.",올해 3분기에는 주요국 수출 감소에도 수출 지역 다변화를 통해 양호한 수출 실적을 거뒀다.,"반면 동남아 지역으로의 수출은 전년 동기 대비 17.4% 늘었고, 유럽연합(EU) 지역은 5.8%, 독립국가연합(CIS) 지역은 28% 증가했다.",해외통계·정책,Y,무역,수출액,"미국, 중국, 동남아, 유럽연합, 독립국가연합",-,-,-,-,-,-,-,2025Q3,-,Q,확정,3.9%,KOSIS_VALUE,hcx,수출액,미국,2025Q3,Q,hcx,증감률,3.9,-,-,N,%,증감률,감소,전년동기,"국가별로 보면 미국으로의 수출액은 전년 동기 대비 3.9% 줄었고, 중국은 1.8% 감소했다.",high,N,-,N,0,0,HCX-007,v1.5-measurement-binding,2026-07-23
A2701-C011,A2701-C011-m2,A2701,3분기 수출 역대 최대… 美 관세 폭탄에도 반도체·지역 다변화로 선방,2025-11-10,https://biz.chosun.com/policy/policy_sub/2025/11/10/FJZFOVSDGBEVDPIJJYVIHAC63E/,"국가별로 보면 미국으로의 수출액은 전년 동기 대비 3.9% 줄었고, 중국은 1.8% 감소했다.",올해 3분기에는 주요국 수출 감소에도 수출 지역 다변화를 통해 양호한 수출 실적을 거뒀다.,"반면 동남아 지역으로의 수출은 전년 동기 대비 17.4% 늘었고, 유럽연합(EU) 지역은 5.8%, 독립국가연합(CIS) 지역은 28% 증가했다.",해외통계·정책,Y,무역,수출액,"미국, 중국, 동남아, 유럽연합, 독립국가연합",-,-,-,-,-,-,-,2025Q3,-,Q,확정,1.8%,KOSIS_VALUE,hcx,수출액,중국,2025Q3,Q,hcx,증감률,1.8,-,-,N,%,증감률,감소,전년동기,"국가별로 보면 미국으로의 수출액은 전년 동기 대비 3.9% 줄었고, 중국은 1.8% 감소했다.",high,N,-,N,0,0,HCX-007,v1.5-measurement-binding,2026-07-23
A2701-C012,A2701-C012-m1,A2701,3분기 수출 역대 최대… 美 관세 폭탄에도 반도체·지역 다변화로 선방,2025-11-10,https://biz.chosun.com/policy/policy_sub/2025/11/10/FJZFOVSDGBEVDPIJJYVIHAC63E/,"반면 동남아 지역으로의 수출은 전년 동기 대비 17.4% 늘었고, 유럽연합(EU) 지역은 5.8%, 독립국가연합(CIS) 지역은 28% 증가했다.","국가별로 보면 미국으로의 수출액은 전년 동기 대비 3.9% 줄었고, 중국은 1.8% 감소했다.","국가데이터처 관계자는 ""대미 자동차 수출은 줄었지만, EU 지역으로의 전기차 수출과 독립국가연합으로의 중고차 수출이 크게 늘었다""며 ""수출 지역 다변화가 대미 수출 감소분을 상쇄했다""고 말했다.",해외통계·정책,Y,무역,수출액 증가율,"수출, 반도체, 지역 다변화",-,-,-,-,-,-,-,2025Q3,-,Q,확정,17.4%,KOSIS_VALUE,hcx,수출액 증가율,동남아,-,-,hcx,증감률,17.4,-,-,N,%,증감률,증가,전년동기,"반면 동남아 지역으로의 수출은 전년 동기 대비 17.4% 늘었고, 유럽연합(EU) 지역은 5.8%, 독립국가연합(CIS) 지역은 28% 증가했다.",high,Y,measurement_period_ungrounded:3,N,0,0,HCX-007,v1.5-measurement-binding,2026-07-23
A2701-C012,A2701-C012-m2,A2701,3분기 수출 역대 최대… 美 관세 폭탄에도 반도체·지역 다변화로 선방,2025-11-10,https://biz.chosun.com/policy/policy_sub/2025/11/10/FJZFOVSDGBEVDPIJJYVIHAC63E/,"반면 동남아 지역으로의 수출은 전년 동기 대비 17.4% 늘었고, 유럽연합(EU) 지역은 5.8%, 독립국가연합(CIS) 지역은 28% 증가했다.","국가별로 보면 미국으로의 수출액은 전년 동기 대비 3.9% 줄었고, 중국은 1.8% 감소했다.","국가데이터처 관계자는 ""대미 자동차 수출은 줄었지만, EU 지역으로의 전기차 수출과 독립국가연합으로의 중고차 수출이 크게 늘었다""며 ""수출 지역 다변화가 대미 수출 감소분을 상쇄했다""고 말했다.",해외통계·정책,Y,무역,수출액 증가율,"수출, 반도체, 지역 다변화",-,-,-,-,-,-,-,2025Q3,-,Q,확정,5.8%,KOSIS_VALUE,hcx,수출액 증가율,유럽연합(EU),-,-,hcx,증감률,5.8,-,-,N,%,증감률,증가,전년동기,"반면 동남아 지역으로의 수출은 전년 동기 대비 17.4% 늘었고, 유럽연합(EU) 지역은 5.8%, 독립국가연합(CIS) 지역은 28% 증가했다.",high,Y,measurement_period_ungrounded:3,N,0,0,HCX-007,v1.5-measurement-binding,2026-07-23
A2701-C012,A2701-C012-m3,A2701,3분기 수출 역대 최대… 美 관세 폭탄에도 반도체·지역 다변화로 선방,2025-11-10,https://biz.chosun.com/policy/policy_sub/2025/11/10/FJZFOVSDGBEVDPIJJYVIHAC63E/,"반면 동남아 지역으로의 수출은 전년 동기 대비 17.4% 늘었고, 유럽연합(EU) 지역은 5.8%, 독립국가연합(CIS) 지역은 28% 증가했다.","국가별로 보면 미국으로의 수출액은 전년 동기 대비 3.9% 줄었고, 중국은 1.8% 감소했다.","국가데이터처 관계자는 ""대미 자동차 수출은 줄었지만, EU 지역으로의 전기차 수출과 독립국가연합으로의 중고차 수출이 크게 늘었다""며 ""수출 지역 다변화가 대미 수출 감소분을 상쇄했다""고 말했다.",해외통계·정책,Y,무역,수출액 증가율,"수출, 반도체, 지역 다변화",-,-,-,-,-,-,-,2025Q3,-,Q,확정,28%,KOSIS_VALUE,hcx,수출액 증가율,독립국가연합(CIS),-,-,hcx,증감률,28,-,-,N,%,증감률,증가,전년동기,"반면 동남아 지역으로의 수출은 전년 동기 대비 17.4% 늘었고, 유럽연합(EU) 지역은 5.8%, 독립국가연합(CIS) 지역은 28% 증가했다.",high,Y,measurement_period_ungrounded:3,N,0,0,HCX-007,v1.5-measurement-binding,2026-07-23
A2701-C013,-,A2701,3분기 수출 역대 최대… 美 관세 폭탄에도 반도체·지역 다변화로 선방,2025-11-10,https://biz.chosun.com/policy/policy_sub/2025/11/10/FJZFOVSDGBEVDPIJJYVIHAC63E/,"국가데이터처 관계자는 ""대미 자동차 수출은 줄었지만, EU 지역으로의 전기차 수출과 독립국가연합으로의 중고차 수출이 크게 늘었다""며 ""수출 지역 다변화가 대미 수출 감소분을 상쇄했다""고 말했다.","반면 동남아 지역으로의 수출은 전년 동기 대비 17.4% 늘었고, 유럽연합(EU) 지역은 5.8%, 독립국가연합(CIS) 지역은 28% 증가했다.",English 기사보기 안소영 기자 편집국 정치경제부 기자 세종시에서 사회정책을 취재하고 있습니다.,해외통계·정책,Y,무역,수출 증가율,"수출, 반도체, 지역 다변화, 미국, EU, 독립국가연합",-,-,-,-,-,-,-,2025Q3,-,Q,확정,-,-,-,-,-,-,-,-,-,-,-,-,-,-,-,-,-,"""대미 자동차 수출은 줄었지만, EU 지역으로의 전기차 수출과 독립국가연합으로의 중고차 수출이 크게 늘었다""며 ""수출 지역 다변화가 대미 수출 감소분을 상쇄했다""",high,N,-,N,0,0,HCX-007,v1.5-measurement-binding,2026-07-23
