claim_id,article_id,title,date,url,claim_text,prev_sentence,next_sentence,is_claim,is_claim_reason,is_claim_confidence,is_claim_method,extraction_model,prompt_version,extracted_at
A2698-C010,A2698,"KDI “소비 회복에 경기 다소 개선”…석 달째 같은 진단, 현실은?",2025-11-09,https://www.chosun.com/economy/economy_general/2025/11/09/PU2BGMNE3JEOBM3XGQRSWQLMP4/,"도소매, 금융·보험을 중심으로 증가폭이 확대됐으며, 계절조정 전년 동월 대비 기준으로도 3.8% 증가하는 등 양호한 모습을 보였다.",9월 서비스업생산은 전년 동월 대비 6.2% 증가했다.,소비자심리지수도 109.8로 높은 수준을 유지했다.,True,서비스업 생산의 증가율 및 소비자심리지수에 대한 언급은 국가 경제 지표로서 KOSIS에서 관련 통계를 확인할 수 있다.,high,hcx,HCX-007,isclaim-v1.2-kosis-combined,2026-07-23
A2698-C011,A2698,"KDI “소비 회복에 경기 다소 개선”…석 달째 같은 진단, 현실은?",2025-11-09,https://www.chosun.com/economy/economy_general/2025/11/09/PU2BGMNE3JEOBM3XGQRSWQLMP4/,소비자심리지수도 109.8로 높은 수준을 유지했다.,"도소매, 금융·보험을 중심으로 증가폭이 확대됐으며, 계절조정 전년 동월 대비 기준으로도 3.8% 증가하는 등 양호한 모습을 보였다.",시장금리 하락세와 2차 민생회복 소비쿠폰 지급 등으로 소비 여건이 개선된 영향이다.,True,"소비자심리지수가 109.8이라는 구체적인 수치를 제시하며, 이는 경제 상황에 대한 평가로서 국가통계포털(KOSIS) 등에서 관련 통계를 확인할 수 있는 내용이다.",high,hcx,HCX-007,isclaim-v1.2-kosis-combined,2026-07-23
A2698-C014,A2698,"KDI “소비 회복에 경기 다소 개선”…석 달째 같은 진단, 현실은?",2025-11-09,https://www.chosun.com/economy/economy_general/2025/11/09/PU2BGMNE3JEOBM3XGQRSWQLMP4/,하지만 최근 추세와 더 밀접한 전월 대비 소매판매 추이를 보면 다른 그림이 그려진다.,"정부는 7월 전국민 대상 1인당 15만원(최대 55만원), 9~10월 소득 상위 10%를 제외한 국민 90%를 대상으로 1인당 10만원의 소비쿠폰을 지급한 바 있다.","최근 발표된 국가데이터처의 산업활동동향에 따르면, 소비쿠폰이 지급된 후 7월 소매판매는 전월 대비 2.7% 증가했지만, 8월과 9월에는 각각 2.4%, 0.1% 감소하면서 두 달 연속 마이너스를 기록했다.",True,현재 문장은 '최근 추세와 더 밀접한 전월 대비 소매판매 추이'라는 표현을 통해 KOSIS에서 제공하는 통계 자료와 비교 가능한 내용을 포함하고 있습니다.,high,hcx,HCX-007,isclaim-v1.2-kosis-combined,2026-07-23
A2698-C015,A2698,"KDI “소비 회복에 경기 다소 개선”…석 달째 같은 진단, 현실은?",2025-11-09,https://www.chosun.com/economy/economy_general/2025/11/09/PU2BGMNE3JEOBM3XGQRSWQLMP4/,"최근 발표된 국가데이터처의 산업활동동향에 따르면, 소비쿠폰이 지급된 후 7월 소매판매는 전월 대비 2.7% 증가했지만, 8월과 9월에는 각각 2.4%, 0.1% 감소하면서 두 달 연속 마이너스를 기록했다.",하지만 최근 추세와 더 밀접한 전월 대비 소매판매 추이를 보면 다른 그림이 그려진다.,소비쿠폰 효과가 빠르게 사라지면서 부진했던 내수의 민낯이 드러나고 있다는 지적이 나온다.,True,"문장에서 '소비쿠폰이 지급된 후 7월 소매판매는 전월 대비 2.7% 증가했지만, 8월과 9월에는 각각 2.4%, 0.1% 감소했다'라는 구체적인 수치 변화를 언급하며 이는 KOSIS에서 산업활동동향을 통해 검증 가능한 내용이기 때문에 판단 근거로 적합하다.",high,hcx,HCX-007,isclaim-v1.2-kosis-combined,2026-07-23
A2698-C017,A2698,"KDI “소비 회복에 경기 다소 개선”…석 달째 같은 진단, 현실은?",2025-11-09,https://www.chosun.com/economy/economy_general/2025/11/09/PU2BGMNE3JEOBM3XGQRSWQLMP4/,"3분기 전체 소매판매는 2분기 대비 0.7% 증가했지만, 이는 7월 효과가 워낙 컸기 때문이다.",소비쿠폰 효과가 빠르게 사라지면서 부진했던 내수의 민낯이 드러나고 있다는 지적이 나온다.,일회성 정책 효과가 끝나자 소비는 다시 힘을 잃어가는 모습이다.,True,"현재 문장은 3분기 전체 소매판매가 2분기 대비 0.7% 증가했다는 구체적인 수치 정보를 포함하고 있으며, 이러한 정보는 국가통계포털(KOSIS)에서 제공하는 경제 지표 중 하나로 확인될 수 있다.",high,hcx,HCX-007,isclaim-v1.2-kosis-combined,2026-07-23
A2698-C018,A2698,"KDI “소비 회복에 경기 다소 개선”…석 달째 같은 진단, 현실은?",2025-11-09,https://www.chosun.com/economy/economy_general/2025/11/09/PU2BGMNE3JEOBM3XGQRSWQLMP4/,일회성 정책 효과가 끝나자 소비는 다시 힘을 잃어가는 모습이다.,"3분기 전체 소매판매는 2분기 대비 0.7% 증가했지만, 이는 7월 효과가 워낙 컸기 때문이다.","◇수출 증가세 둔화, 건설투자 부진 지속 수출 증가세는 완만하게 둔화되는 모습을 나타냈다.",True,"문장에서 '소비'가 다시 힘을 잃어간다는 표현은 경제 활동의 감소를 의미하며, 이를 통해 소매판매나 경제 성장률 등의 통계적 변화를 유추할 수 있다.",mid,hcx,HCX-007,isclaim-v1.2-kosis-combined,2026-07-23
A2698-C019,A2698,"KDI “소비 회복에 경기 다소 개선”…석 달째 같은 진단, 현실은?",2025-11-09,https://www.chosun.com/economy/economy_general/2025/11/09/PU2BGMNE3JEOBM3XGQRSWQLMP4/,"◇수출 증가세 둔화, 건설투자 부진 지속 수출 증가세는 완만하게 둔화되는 모습을 나타냈다.",일회성 정책 효과가 끝나자 소비는 다시 힘을 잃어가는 모습이다.,10월 수출은 전년 동월 대비 3.6% 증가에 그쳤다.,True,"수출 증가세의 둔화에 대한 언급은 국가 경제 지표 중 하나로, KOSIS에서 수출 관련 통계를 통해 검증할 수 있다.",high,hcx,HCX-007,isclaim-v1.2-kosis-combined,2026-07-23
A2698-C020,A2698,"KDI “소비 회복에 경기 다소 개선”…석 달째 같은 진단, 현실은?",2025-11-09,https://www.chosun.com/economy/economy_general/2025/11/09/PU2BGMNE3JEOBM3XGQRSWQLMP4/,10월 수출은 전년 동월 대비 3.6% 증가에 그쳤다.,"◇수출 증가세 둔화, 건설투자 부진 지속 수출 증가세는 완만하게 둔화되는 모습을 나타냈다.","반도체경기 호조세는 유지됐으나, 미국 관세 인상의 부정적 영향이 파급되면서 수출 증가세가 점차 둔화됐다.",True,"현재 문장은 10월 수출이 전년 동월 대비 3.6% 증가했다는 구체적인 수치 정보를 포함하고 있으며, 이는 국가 경제 지표로서 KOSIS에서 관련 통계를 통해 검증할 수 있는 내용이다.",high,hcx,HCX-007,isclaim-v1.2-kosis-combined,2026-07-23
A2698-C021,A2698,"KDI “소비 회복에 경기 다소 개선”…석 달째 같은 진단, 현실은?",2025-11-09,https://www.chosun.com/economy/economy_general/2025/11/09/PU2BGMNE3JEOBM3XGQRSWQLMP4/,"반도체경기 호조세는 유지됐으나, 미국 관세 인상의 부정적 영향이 파급되면서 수출 증가세가 점차 둔화됐다.",10월 수출은 전년 동월 대비 3.6% 증가에 그쳤다.,"미국으로의 수출이 감소세를 지속한 가운데, 반도체를 제외한 품목의 부진으로 일평균 수출액은 완만하게 둔화되는 모습이다.",True,"문장에서 '수출 증가세가 점차 둔화됐다.'라는 표현은 수출의 변화에 대한 통계적인 주장을 하고 있으며, 이는 국가통계포털(KOSIS)에서 검증 가능한 내용이다.",high,hcx,HCX-007,isclaim-v1.2-kosis-combined,2026-07-23
A2698-C022,A2698,"KDI “소비 회복에 경기 다소 개선”…석 달째 같은 진단, 현실은?",2025-11-09,https://www.chosun.com/economy/economy_general/2025/11/09/PU2BGMNE3JEOBM3XGQRSWQLMP4/,"미국으로의 수출이 감소세를 지속한 가운데, 반도체를 제외한 품목의 부진으로 일평균 수출액은 완만하게 둔화되는 모습이다.","반도체경기 호조세는 유지됐으나, 미국 관세 인상의 부정적 영향이 파급되면서 수출 증가세가 점차 둔화됐다.",9~10월 일평균 수출액은 3.2% 증가에 그쳤다.,True,"현재 문장은 미국으로의 수출이 감소세를 지속하며, 반도체를 제외한 품목의 부진으로 인해 일평균 수출액이 둔화되고 있다는 내용을 포함하고 있습니다. 이는 수출 증가율 및 일평균 수출액의 변화에 대한 통계적인 주장을 하고 있으므로 KOSIS를 통해 검증 가능합니다.",high,hcx,HCX-007,isclaim-v1.2-kosis-combined,2026-07-23
A2698-C023,A2698,"KDI “소비 회복에 경기 다소 개선”…석 달째 같은 진단, 현실은?",2025-11-09,https://www.chosun.com/economy/economy_general/2025/11/09/PU2BGMNE3JEOBM3XGQRSWQLMP4/,9~10월 일평균 수출액은 3.2% 증가에 그쳤다.,"미국으로의 수출이 감소세를 지속한 가운데, 반도체를 제외한 품목의 부진으로 일평균 수출액은 완만하게 둔화되는 모습이다.","미국으로의 수출은 자동차를 중심으로 12.9% 감소했고, 중국으로의 수출도 반도체를 제외한 품목을 중심으로 6.8% 감소했다.",True,현재 문장은 9~10월의 일평균 수출액이 3.2% 증가했다고 주장하며 이는 KOSIS 국가통계포털에서 수출액 관련 통계를 통해 검증할 수 있는 내용이다.,high,hcx,HCX-007,isclaim-v1.2-kosis-combined,2026-07-23
A2698-C024,A2698,"KDI “소비 회복에 경기 다소 개선”…석 달째 같은 진단, 현실은?",2025-11-09,https://www.chosun.com/economy/economy_general/2025/11/09/PU2BGMNE3JEOBM3XGQRSWQLMP4/,"미국으로의 수출은 자동차를 중심으로 12.9% 감소했고, 중국으로의 수출도 반도체를 제외한 품목을 중심으로 6.8% 감소했다.",9~10월 일평균 수출액은 3.2% 증가에 그쳤다.,건설투자의 부진도 지속되고 있다.,True,"미국과 중국으로의 수출액 변화에 대한 구체적인 수치가 포함되어 있으며, 이는 국가 간 교역 데이터를 통해 검증 가능한 내용이다.",high,hcx,HCX-007,isclaim-v1.2-kosis-combined,2026-07-23
A2698-C025,A2698,"KDI “소비 회복에 경기 다소 개선”…석 달째 같은 진단, 현실은?",2025-11-09,https://www.chosun.com/economy/economy_general/2025/11/09/PU2BGMNE3JEOBM3XGQRSWQLMP4/,건설투자의 부진도 지속되고 있다.,"미국으로의 수출은 자동차를 중심으로 12.9% 감소했고, 중국으로의 수출도 반도체를 제외한 품목을 중심으로 6.8% 감소했다.",9월 건설기성은 전년 동월 대비 4.3% 감소했다.,True,"건설투자의 부진이 지속된다는 내용은 경제 활동의 변화를 나타내며, 이는 국가 통계 포털(KOSIS)에서 관련 통계를 통해 검증할 수 있는 내용입니다.",high,hcx,HCX-007,isclaim-v1.2-kosis-combined,2026-07-23
A2698-C026,A2698,"KDI “소비 회복에 경기 다소 개선”…석 달째 같은 진단, 현실은?",2025-11-09,https://www.chosun.com/economy/economy_general/2025/11/09/PU2BGMNE3JEOBM3XGQRSWQLMP4/,9월 건설기성은 전년 동월 대비 4.3% 감소했다.,건설투자의 부진도 지속되고 있다.,"조업일수 확대로 감소폭이 다소 완화됐으나, 건설투자는 여전히 부진한 것으로 KDI는 판단했다.",True,건설기성의 전년 동월 대비 감소율을 언급하며 이는 국가통계포털(KOSIS)에서 확인할 수 있는 정보이기 때문에 True로 판정합니다.,high,hcx,HCX-007,isclaim-v1.2-kosis-combined,2026-07-23
A2698-C027,A2698,"KDI “소비 회복에 경기 다소 개선”…석 달째 같은 진단, 현실은?",2025-11-09,https://www.chosun.com/economy/economy_general/2025/11/09/PU2BGMNE3JEOBM3XGQRSWQLMP4/,"조업일수 확대로 감소폭이 다소 완화됐으나, 건설투자는 여전히 부진한 것으로 KDI는 판단했다.",9월 건설기성은 전년 동월 대비 4.3% 감소했다.,3분기 국민계정상 건설투자가 전기 대비로도 0.1% 감소세를 이어가고 있어 건설투자는 여전히 부진한 것으로 분석됐다.,True,"문장에서 건설투자의 부진함을 언급하며, 이는 KDI의 판단이라고 명시되어 있습니다.",high,hcx,HCX-007,isclaim-v1.2-kosis-combined,2026-07-23
A2698-C028,A2698,"KDI “소비 회복에 경기 다소 개선”…석 달째 같은 진단, 현실은?",2025-11-09,https://www.chosun.com/economy/economy_general/2025/11/09/PU2BGMNE3JEOBM3XGQRSWQLMP4/,3분기 국민계정상 건설투자가 전기 대비로도 0.1% 감소세를 이어가고 있어 건설투자는 여전히 부진한 것으로 분석됐다.,"조업일수 확대로 감소폭이 다소 완화됐으나, 건설투자는 여전히 부진한 것으로 KDI는 판단했다.","부동산 프로젝트파이낸싱(PF) 대출 강화와 지방 부동산경기 둔화 등으로 수주가 착공으로 원활하게 연결되지 못하고, 공사 기간도 확대되면서 건설투자의 부진이 지속되고 있다는 설명이다.",True,"현재 문장은 3분기 국민계정상 건설투자가 전기 대비로도 0.1% 감소세를 이어가고 있다고 명시하며, 이는 KOSIS 국가통계포털에서 관련 통계를 통해 검증 가능한 내용이다.",high,hcx,HCX-007,isclaim-v1.2-kosis-combined,2026-07-23
A2698-C029,A2698,"KDI “소비 회복에 경기 다소 개선”…석 달째 같은 진단, 현실은?",2025-11-09,https://www.chosun.com/economy/economy_general/2025/11/09/PU2BGMNE3JEOBM3XGQRSWQLMP4/,"부동산 프로젝트파이낸싱(PF) 대출 강화와 지방 부동산경기 둔화 등으로 수주가 착공으로 원활하게 연결되지 못하고, 공사 기간도 확대되면서 건설투자의 부진이 지속되고 있다는 설명이다.",3분기 국민계정상 건설투자가 전기 대비로도 0.1% 감소세를 이어가고 있어 건설투자는 여전히 부진한 것으로 분석됐다.,"KDI는 “한·미 무역협정 진전, 미·중 무역 긴장 완화 등 통상여건이 일부 개선됐으나 불확실성은 상존한다”고 덧붙였다.",True,"현재 문장은 건설 투자 부진의 원인을 설명하며, 이는 KOSIS 국가통계포털에서 관련 통계를 통해 검증할 수 있는 내용이다.",high,hcx,HCX-007,isclaim-v1.2-kosis-combined,2026-07-23
A2700-C001,A2700,수출 ‘톱10′ 기업 비중 40%로 역대 최대...‘대기업 쏠림’ 심화,2025-11-10,https://www.chosun.com/economy/economy_general/2025/11/10/STP3LFTONFGQLFJKML7SF2LS24/,올해 3분기 수출액 상위 10대 기업의 무역집중도가 40%로 역대 최고치를 기록했다.,,반도체 수출 호황으로 대기업 실적이 크게 개선되면서 수출이 소수 대기업에 집중되는 현상이 심화되고 있다.,True,"문장에서 언급된 '올해 3분기 수출액 상위 10대 기업의 무역집중도가 40%로 역대 최고치 기록'이라는 내용은 특정 시점에서의 경제 활동 및 산업 동향에 대한 구체적인 수치 정보를 포함하고 있으며, 이는 국가 통계 자료로서 KOSIS에서 관련 데이터를 통해 검증할 수 있을 것으로 보인다.",high,hcx,HCX-007,isclaim-v1.2-kosis-combined,2026-07-23
A2700-C002,A2700,수출 ‘톱10′ 기업 비중 40%로 역대 최대...‘대기업 쏠림’ 심화,2025-11-10,https://www.chosun.com/economy/economy_general/2025/11/10/STP3LFTONFGQLFJKML7SF2LS24/,반도체 수출 호황으로 대기업 실적이 크게 개선되면서 수출이 소수 대기업에 집중되는 현상이 심화되고 있다.,올해 3분기 수출액 상위 10대 기업의 무역집중도가 40%로 역대 최고치를 기록했다.,전체 수출이 늘어도 중소·중견기업이 체감하는 효과는 제한적이어서 수출 증가세가 경제 전반의 활력으로 이어지지 못하고 있다는 지적이 나온다.,True,"현재 문장은 반도체 수출 호황으로 대기업 실적이 개선되고 있으며, 이로 인해 수출이 소수 대기업에 집중된다는 내용을 포함하고 있습니다.",high,hcx,HCX-007,isclaim-v1.2-kosis-combined,2026-07-23
A2700-C003,A2700,수출 ‘톱10′ 기업 비중 40%로 역대 최대...‘대기업 쏠림’ 심화,2025-11-10,https://www.chosun.com/economy/economy_general/2025/11/10/STP3LFTONFGQLFJKML7SF2LS24/,전체 수출이 늘어도 중소·중견기업이 체감하는 효과는 제한적이어서 수출 증가세가 경제 전반의 활력으로 이어지지 못하고 있다는 지적이 나온다.,반도체 수출 호황으로 대기업 실적이 크게 개선되면서 수출이 소수 대기업에 집중되는 현상이 심화되고 있다.,"국가데이터처가 10일 발표한 ’2025년 3분기 기업특성별 무역통계’에 따르면, 3분기 수출액 상위 10개 기업의 무역집중도는 40.0%로 지난해 3분기(37.4%)보다 2.6%포인트 상승했다.",True,"현재 문장은 중소기업 및 중견기업의 수출 효과가 경제 전반에 미치는 영향에 대한 지적을 포함하며, 이는 국내 경제 활동과 관련된 통계적인 분석이므로 KOSIS를 통해 검증될 수 있는 내용이다.",high,hcx,HCX-007,isclaim-v1.2-kosis-combined,2026-07-23
A2700-C004,A2700,수출 ‘톱10′ 기업 비중 40%로 역대 최대...‘대기업 쏠림’ 심화,2025-11-10,https://www.chosun.com/economy/economy_general/2025/11/10/STP3LFTONFGQLFJKML7SF2LS24/,"국가데이터처가 10일 발표한 ’2025년 3분기 기업특성별 무역통계’에 따르면, 3분기 수출액 상위 10개 기업의 무역집중도는 40.0%로 지난해 3분기(37.4%)보다 2.6%포인트 상승했다.",전체 수출이 늘어도 중소·중견기업이 체감하는 효과는 제한적이어서 수출 증가세가 경제 전반의 활력으로 이어지지 못하고 있다는 지적이 나온다.,이는 2015년 기업 특성별 분기 통계 작성 이래 가장 높은 수치다.,True,"문장에서 '3분기 수출액 상위 10개 기업의 무역집중도가 지난해 3분기 대비 상승했다'라는 구체적인 통계적 변화를 언급하고 있으며, 이 정보는 KOSIS를 통해 검증 가능하다.",high,hcx,HCX-007,isclaim-v1.2-kosis-combined,2026-07-23
A2700-C005,A2700,수출 ‘톱10′ 기업 비중 40%로 역대 최대...‘대기업 쏠림’ 심화,2025-11-10,https://www.chosun.com/economy/economy_general/2025/11/10/STP3LFTONFGQLFJKML7SF2LS24/,이는 2015년 기업 특성별 분기 통계 작성 이래 가장 높은 수치다.,"국가데이터처가 10일 발표한 ’2025년 3분기 기업특성별 무역통계’에 따르면, 3분기 수출액 상위 10개 기업의 무역집중도는 40.0%로 지난해 3분기(37.4%)보다 2.6%포인트 상승했다.",삼성전자·SK하이닉스 등 반도체 기업과 현대차·LG 등 상위 10개 기업이 전체 수출의 40%를 차지한 셈이다.,True,"현재 문장은 '기업 특성별 분기 통계 작성 이래 가장 높은 수치'라는 표현을 통해 특정한 통계적 변화를 주장하고 있으며, 이 정보는 KOSIS 등의 공식 통계를 통해 검증될 수 있다.",high,hcx,HCX-007,isclaim-v1.2-kosis-combined,2026-07-23
A2700-C006,A2700,수출 ‘톱10′ 기업 비중 40%로 역대 최대...‘대기업 쏠림’ 심화,2025-11-10,https://www.chosun.com/economy/economy_general/2025/11/10/STP3LFTONFGQLFJKML7SF2LS24/,삼성전자·SK하이닉스 등 반도체 기업과 현대차·LG 등 상위 10개 기업이 전체 수출의 40%를 차지한 셈이다.,이는 2015년 기업 특성별 분기 통계 작성 이래 가장 높은 수치다.,반면 상위 100대 기업의 무역집중도는 67.6%로 0.2%포인트 하락했다.,True,"현재 문장은 삼성전자와 SK하이닉스 등 반도체 기업 및 현대차, LG 등 상위 10개 기업이 전체 수출의 40%를 차지한다는 내용을 포함하며, 이는 국내 경제 관련 통계로서 KOSIS에서 해당 통계를 찾아볼 수 있을 것으로 판단됩니다.",high,hcx,HCX-007,isclaim-v1.2-kosis-combined,2026-07-23
A2700-C007,A2700,수출 ‘톱10′ 기업 비중 40%로 역대 최대...‘대기업 쏠림’ 심화,2025-11-10,https://www.chosun.com/economy/economy_general/2025/11/10/STP3LFTONFGQLFJKML7SF2LS24/,반면 상위 100대 기업의 무역집중도는 67.6%로 0.2%포인트 하락했다.,삼성전자·SK하이닉스 등 반도체 기업과 현대차·LG 등 상위 10개 기업이 전체 수출의 40%를 차지한 셈이다.,톱10 기업과 그 다음 90개 기업 간 수출 격차가 벌어지면서 대기업 내에서도 양극화가 진행되는 것으로 풀이된다.,True,"현재 문장은 상위 100대 기업의 무역집중도가 0.2%포인트 하락했다는 내용을 포함하며, 이는 국내 경제 및 산업 관련 통계로서 KOSIS에서 해당 데이터를 찾아 대조할 수 있는 내용입니다.",high,hcx,HCX-007,isclaim-v1.2-kosis-combined,2026-07-23
A2700-C008,A2700,수출 ‘톱10′ 기업 비중 40%로 역대 최대...‘대기업 쏠림’ 심화,2025-11-10,https://www.chosun.com/economy/economy_general/2025/11/10/STP3LFTONFGQLFJKML7SF2LS24/,톱10 기업과 그 다음 90개 기업 간 수출 격차가 벌어지면서 대기업 내에서도 양극화가 진행되는 것으로 풀이된다.,반면 상위 100대 기업의 무역집중도는 67.6%로 0.2%포인트 하락했다.,◇중소·중견 비중은 제자리…온기 못 느껴 기업 규모별로 보면 대기업 수출액은 1223억달러(약 178조원)로 5.1% 증가하며 분기 기준 역대 최대 실적을 달성했다.,True,문장에서 '톱10 기업과 그 다음 90개 기업 간 수출 격차가 벌어지면서 대기업 내에서도 양극화가 진행된다'는 내용은 대기업 간의 수출 차이를 나타내며 이는 국가통계포털(KOSIS)에서 관련 통계를 통해 검증할 수 있는 내용이다.,high,hcx,HCX-007,isclaim-v1.2-kosis-combined,2026-07-23
A2700-C009,A2700,수출 ‘톱10′ 기업 비중 40%로 역대 최대...‘대기업 쏠림’ 심화,2025-11-10,https://www.chosun.com/economy/economy_general/2025/11/10/STP3LFTONFGQLFJKML7SF2LS24/,◇중소·중견 비중은 제자리…온기 못 느껴 기업 규모별로 보면 대기업 수출액은 1223억달러(약 178조원)로 5.1% 증가하며 분기 기준 역대 최대 실적을 달성했다.,톱10 기업과 그 다음 90개 기업 간 수출 격차가 벌어지면서 대기업 내에서도 양극화가 진행되는 것으로 풀이된다.,중견기업도 323억달러(약 47조원)로 7.0% 늘어 분기 최고치를 기록했다.,True,"현재 문장은 대기업 및 중견기업의 수출액 증가를 언급하고 있으며, 이는 국가통계포털(KOSIS)에서 관련 통계를 통해 검증할 수 있는 내용이다.",high,hcx,HCX-007,isclaim-v1.2-kosis-combined,2026-07-23
A2700-C010,A2700,수출 ‘톱10′ 기업 비중 40%로 역대 최대...‘대기업 쏠림’ 심화,2025-11-10,https://www.chosun.com/economy/economy_general/2025/11/10/STP3LFTONFGQLFJKML7SF2LS24/,중견기업도 323억달러(약 47조원)로 7.0% 늘어 분기 최고치를 기록했다.,◇중소·중견 비중은 제자리…온기 못 느껴 기업 규모별로 보면 대기업 수출액은 1223억달러(약 178조원)로 5.1% 증가하며 분기 기준 역대 최대 실적을 달성했다.,중소기업은 298억달러(약 43조원)로 11.9% 증가했다.,True,"현재 문장은 중견기업의 수출액이 7.0% 증가하여 분기 최고치를 기록했다는 내용을 포함하고 있으며, 이는 KOSIS 국가통계포털에서 관련 통계를 통해 검증할 수 있는 내용이다.",high,hcx,HCX-007,isclaim-v1.2-kosis-combined,2026-07-23
A2700-C011,A2700,수출 ‘톱10′ 기업 비중 40%로 역대 최대...‘대기업 쏠림’ 심화,2025-11-10,https://www.chosun.com/economy/economy_general/2025/11/10/STP3LFTONFGQLFJKML7SF2LS24/,중소기업은 298억달러(약 43조원)로 11.9% 증가했다.,중견기업도 323억달러(약 47조원)로 7.0% 늘어 분기 최고치를 기록했다.,"전체 수출에서 차지하는 비중을 보면, 대기업이 전체 수출의 66.1%를 차지하며 지난해 3분기(67.0%)와 비슷한 수준을 유지했다.",True,현재 문장은 중소기업의 수출액이 298억 달러로 11.9% 증가했다고 주장합니다.,high,hcx,HCX-007,isclaim-v1.2-kosis-combined,2026-07-23
A2700-C012,A2700,수출 ‘톱10′ 기업 비중 40%로 역대 최대...‘대기업 쏠림’ 심화,2025-11-10,https://www.chosun.com/economy/economy_general/2025/11/10/STP3LFTONFGQLFJKML7SF2LS24/,"전체 수출에서 차지하는 비중을 보면, 대기업이 전체 수출의 66.1%를 차지하며 지난해 3분기(67.0%)와 비슷한 수준을 유지했다.",중소기업은 298억달러(약 43조원)로 11.9% 증가했다.,중견기업(17.5%)과 중소기업(16.1%) 비중도 거의 변하지 않았다.,True,"현재 문장은 전체 수출에서 대기업이 차지하는 비중이 지난해 3분기와 비슷하다는 내용을 포함하고 있으며, 이는 국가통계포털(KOSIS)에서 관련 통계를 통해 검증할 수 있는 내용이다.",high,hcx,HCX-007,isclaim-v1.2-kosis-combined,2026-07-23
A2700-C013,A2700,수출 ‘톱10′ 기업 비중 40%로 역대 최대...‘대기업 쏠림’ 심화,2025-11-10,https://www.chosun.com/economy/economy_general/2025/11/10/STP3LFTONFGQLFJKML7SF2LS24/,중견기업(17.5%)과 중소기업(16.1%) 비중도 거의 변하지 않았다.,"전체 수출에서 차지하는 비중을 보면, 대기업이 전체 수출의 66.1%를 차지하며 지난해 3분기(67.0%)와 비슷한 수준을 유지했다.","수출 기업 수가 6만9808개로 4.5% 늘었지만, 대다수 기업들이 체감하는 수출 증가 효과는 미미한 것이다.",True,"현재 문장은 중견기업과 중소기업의 수출 비중이 거의 변하지 않았다는 내용을 포함하고 있으며, 이는 국내 경제 및 산업 관련 통계로서 KOSIS에서 확인 가능한 정보일 가능성이 높습니다.",high,hcx,HCX-007,isclaim-v1.2-kosis-combined,2026-07-23
A2700-C014,A2700,수출 ‘톱10′ 기업 비중 40%로 역대 최대...‘대기업 쏠림’ 심화,2025-11-10,https://www.chosun.com/economy/economy_general/2025/11/10/STP3LFTONFGQLFJKML7SF2LS24/,"수출 기업 수가 6만9808개로 4.5% 늘었지만, 대다수 기업들이 체감하는 수출 증가 효과는 미미한 것이다.",중견기업(17.5%)과 중소기업(16.1%) 비중도 거의 변하지 않았다.,한 중견기업 관계자는 “반도체 호황 소식은 뉴스에서만 보이지 우리 같은 중견기업들은 원자재 가격 상승과 환율 변동으로 마진이 더 악화됐다”며 “대기업 실적이 좋다고 해서 전체 경제가 좋아진 것처럼 보이는 건 착시”라고 말했다.,True,현재 문장은 수출 기업 수가 증가한 것에 비해 대다수 기업들이 체감하는 수출 증가 효과가 미미하다는 내용을 담고 있습니다. 이는 수출 기업의 수와 실제 수출 효과를 비교하여 통계적인 변화를 언급하고 있기 때문에 KOSIS를 통해 검증할 수 있는 내용입니다.,high,hcx,HCX-007,isclaim-v1.2-kosis-combined,2026-07-23
A2700-C016,A2700,수출 ‘톱10′ 기업 비중 40%로 역대 최대...‘대기업 쏠림’ 심화,2025-11-10,https://www.chosun.com/economy/economy_general/2025/11/10/STP3LFTONFGQLFJKML7SF2LS24/,"◇반도체 호황, 내수로 안 퍼져 재화 성질별로 보면 반도체와 자동차, 디스플레이, 유·무선 통신기기 등으로 대표되는 자본재 수출은 1110억달러로 11.2% 증가하며 8개 분기 연속 상승세를 기록했다.",한 중견기업 관계자는 “반도체 호황 소식은 뉴스에서만 보이지 우리 같은 중견기업들은 원자재 가격 상승과 환율 변동으로 마진이 더 악화됐다”며 “대기업 실적이 좋다고 해서 전체 경제가 좋아진 것처럼 보이는 건 착시”라고 말했다.,자본재 중에서도 반도체 등 IT부품이 511억달러로 24.3% 급증했다.,True,"현재 문장은 반도체 및 관련 제품의 자본재 수출이 증가한 수치적인 정보를 포함하고 있으며, 이는 국가통계포털(KOSIS)에서 해당 기간 동안의 수출 데이터를 통해 검증할 수 있는 내용이다.",high,hcx,HCX-007,isclaim-v1.2-kosis-combined,2026-07-23
A2700-C017,A2700,수출 ‘톱10′ 기업 비중 40%로 역대 최대...‘대기업 쏠림’ 심화,2025-11-10,https://www.chosun.com/economy/economy_general/2025/11/10/STP3LFTONFGQLFJKML7SF2LS24/,자본재 중에서도 반도체 등 IT부품이 511억달러로 24.3% 급증했다.,"◇반도체 호황, 내수로 안 퍼져 재화 성질별로 보면 반도체와 자동차, 디스플레이, 유·무선 통신기기 등으로 대표되는 자본재 수출은 1110억달러로 11.2% 증가하며 8개 분기 연속 상승세를 기록했다.",문제는 이런 수출 호황이 국내 경제 전반으로 파급되지 않는다는 점이다.,True,자본재 중 반도체 등 IT 부품의 수출액이 511억 달러로 24.3% 급증했다는 내용은 특정한 시점에서의 경제적 변화를 나타내는 수치 정보이므로 KOSIS 통계표로 검증할 수 있다.,high,hcx,HCX-007,isclaim-v1.2-kosis-combined,2026-07-23
A2700-C019,A2700,수출 ‘톱10′ 기업 비중 40%로 역대 최대...‘대기업 쏠림’ 심화,2025-11-10,https://www.chosun.com/economy/economy_general/2025/11/10/STP3LFTONFGQLFJKML7SF2LS24/,"대기업의 경우 자본재 수출이 773억달러로 12.2% 증가했지만, 원자재(-5.1%)와 소비재(-5.4%)는 감소했다.",문제는 이런 수출 호황이 국내 경제 전반으로 파급되지 않는다는 점이다.,"중견기업과 중소기업은 자본재, 소비재, 원자재 모두 증가했지만 절대 금액은 대기업에 비해 크게 작았다.",True,"현재 문장은 대기업의 자본재, 원자재 및 소비재의 수출 변화에 대한 구체적인 수치를 포함하고 있으며, 이는 국가통계포털(KOSIS)에서 관련 통계를 통해 검증할 수 있는 내용이다.",high,hcx,HCX-007,isclaim-v1.2-kosis-combined,2026-07-23
A2700-C020,A2700,수출 ‘톱10′ 기업 비중 40%로 역대 최대...‘대기업 쏠림’ 심화,2025-11-10,https://www.chosun.com/economy/economy_general/2025/11/10/STP3LFTONFGQLFJKML7SF2LS24/,"중견기업과 중소기업은 자본재, 소비재, 원자재 모두 증가했지만 절대 금액은 대기업에 비해 크게 작았다.","대기업의 경우 자본재 수출이 773억달러로 12.2% 증가했지만, 원자재(-5.1%)와 소비재(-5.4%)는 감소했다.",최근 증시 호황과 3분기 ‘깜짝 성장’에도 불구하고 내수 경기가 얼어붙은 배경이라는 분석이다.,True,"문장에서 중견기업과 중소기업의 자본재, 소비재, 원자재의 증가를 언급하며 이는 국내 경제 활동과 관련된 통계적인 변화를 나타내므로 KOSIS에서 관련 통계를 찾아볼 수 있을 것으로 판단된다.",high,hcx,HCX-007,isclaim-v1.2-kosis-combined,2026-07-23
A2700-C024,A2700,수출 ‘톱10′ 기업 비중 40%로 역대 최대...‘대기업 쏠림’ 심화,2025-11-10,https://www.chosun.com/economy/economy_general/2025/11/10/STP3LFTONFGQLFJKML7SF2LS24/,실제로 삼성전자와 SK하이닉스 등 주요 수출 대기업들은 미국 관세 우려와 국내 규제 부담 등으로 해외 투자를 늘리고 있다.,수출 대기업들이 번 돈이 국내 투자나 고용으로 이어지지 않고 있기 때문이다.,지난달 한국은행이 발표한 ’2024년 해외직접투자 동향’에 따르면 작년 해외직접투자는 672억달러로 전년 대비 10.4% 증가했다.,True,해외 직접투자 금액의 증가를 언급하며 이는 국가통계포털(KOSIS)에서 해외 직접투자 관련 통계를 통해 검증할 수 있는 내용이기 때문에 True로 판단된다.,high,hcx,HCX-007,isclaim-v1.2-kosis-combined,2026-07-23
A2700-C025,A2700,수출 ‘톱10′ 기업 비중 40%로 역대 최대...‘대기업 쏠림’ 심화,2025-11-10,https://www.chosun.com/economy/economy_general/2025/11/10/STP3LFTONFGQLFJKML7SF2LS24/,지난달 한국은행이 발표한 ’2024년 해외직접투자 동향’에 따르면 작년 해외직접투자는 672억달러로 전년 대비 10.4% 증가했다.,실제로 삼성전자와 SK하이닉스 등 주요 수출 대기업들은 미국 관세 우려와 국내 규제 부담 등으로 해외 투자를 늘리고 있다.,벌어들인 돈을 해외 공장과 인력 채용에 쏟아붓는 만큼 국내 경제에는 낙수효과가 제한적일 수밖에 없다.,True,"현재 문장은 한국의 해외 직접 투자 금액이 전년 대비 얼마나 증가했는지를 수치로 제시하고 있으며, 이는 국가 집계의 경제 지표로서 KOSIS를 통해 검증 가능하다.",high,hcx,HCX-007,isclaim-v1.2-kosis-combined,2026-07-23
A2700-C027,A2700,수출 ‘톱10′ 기업 비중 40%로 역대 최대...‘대기업 쏠림’ 심화,2025-11-10,https://www.chosun.com/economy/economy_general/2025/11/10/STP3LFTONFGQLFJKML7SF2LS24/,◇소비재도 반등했지만…구조는 그대로 자동차와 화장품 등 소비재 수출은 239억달러로 4.9% 증가하며 5개 분기 만에 증가세로 전환했다.,벌어들인 돈을 해외 공장과 인력 채용에 쏟아붓는 만큼 국내 경제에는 낙수효과가 제한적일 수밖에 없다.,지난해 3분기부터 올해 2분기까지 줄곧 마이너스였던 소비재 수출은 유럽연합(EU)으로의 자동차 수출과 독립국가연합(CIS) 지역으로의 중고차 수출이 늘면서 반등했다.,True,"현재 문장은 자동차와 화장품 등의 소비재 수출이 239억 달러로 4.9% 증가했으며, 이는 5개 분기 만에 증가세로 전환되었다는 구체적인 수치 정보를 포함하고 있습니다.",high,hcx,HCX-007,isclaim-v1.2-kosis-combined,2026-07-23
A2700-C028,A2700,수출 ‘톱10′ 기업 비중 40%로 역대 최대...‘대기업 쏠림’ 심화,2025-11-10,https://www.chosun.com/economy/economy_general/2025/11/10/STP3LFTONFGQLFJKML7SF2LS24/,지난해 3분기부터 올해 2분기까지 줄곧 마이너스였던 소비재 수출은 유럽연합(EU)으로의 자동차 수출과 독립국가연합(CIS) 지역으로의 중고차 수출이 늘면서 반등했다.,◇소비재도 반등했지만…구조는 그대로 자동차와 화장품 등 소비재 수출은 239억달러로 4.9% 증가하며 5개 분기 만에 증가세로 전환했다.,하지만 이마저도 현대차 등 대기업 중심이다.,True,"문장에서 '지난해 3분기부터 올해 2분기까지 줄곧 마이너스였던 소비재 수출이 반등했다'라는 내용은 특정 기간 동안의 변화를 나타내며, 이는 국가통계포털(KOSIS)에서 해당 기간 동안의 소비재 수출 데이터를 통해 검증할 수 있는 내용이기 때문에 판단 근거로 적합합니다.",high,hcx,HCX-007,isclaim-v1.2-kosis-combined,2026-07-23
A2700-C030,A2700,수출 ‘톱10′ 기업 비중 40%로 역대 최대...‘대기업 쏠림’ 심화,2025-11-10,https://www.chosun.com/economy/economy_general/2025/11/10/STP3LFTONFGQLFJKML7SF2LS24/,"대기업의 소비재 수출은 119억달러로 여전히 5.4% 감소했지만, 중견기업(4.4%)과 중소기업(24.9%)은 증가했다.",하지만 이마저도 현대차 등 대기업 중심이다.,중소기업의 소비재 수출 증가율이 높아 보이지만 금액으로는 84억달러에 불과해 대기업의 70% 수준이다.,True,"문장에서 대기업, 중견기업 및 중소기업의 소비재 수출액과 그 증가율에 대한 구체적인 수치를 언급하고 있으며, 이는 국가통계포털(KOSIS)에서 관련 통계를 통해 검증할 수 있는 내용이다.",high,hcx,HCX-007,isclaim-v1.2-kosis-combined,2026-07-23
A2700-C031,A2700,수출 ‘톱10′ 기업 비중 40%로 역대 최대...‘대기업 쏠림’ 심화,2025-11-10,https://www.chosun.com/economy/economy_general/2025/11/10/STP3LFTONFGQLFJKML7SF2LS24/,중소기업의 소비재 수출 증가율이 높아 보이지만 금액으로는 84억달러에 불과해 대기업의 70% 수준이다.,"대기업의 소비재 수출은 119억달러로 여전히 5.4% 감소했지만, 중견기업(4.4%)과 중소기업(24.9%)은 증가했다.",한 경제학자는 “한국 경제가 반도체 사이클에 지나치게 의존하는 구조가 고착화되고 있다”며 “대기업 실적이 좋아도 중소·중견기업과 내수가 함께 좋아지지 않으면 ‘반쪽 성장’에 그칠 수밖에 없다”고 지적했다.,True,"현재 문장은 중소기업의 소비재 수출 증가율 및 금액에 대한 정보를 제공하며, 이는 국내 집계 통계로서 KOSIS에서 관련 데이터를 통해 검증할 수 있는 내용입니다.",high,hcx,HCX-007,isclaim-v1.2-kosis-combined,2026-07-23
A2700-C033,A2700,수출 ‘톱10′ 기업 비중 40%로 역대 최대...‘대기업 쏠림’ 심화,2025-11-10,https://www.chosun.com/economy/economy_general/2025/11/10/STP3LFTONFGQLFJKML7SF2LS24/,지역별로는 동남아시아 수출이 556억달러(약 81조원)로 17.4% 급증하며 분기 기준 최대치를 기록했다.,한 경제학자는 “한국 경제가 반도체 사이클에 지나치게 의존하는 구조가 고착화되고 있다”며 “대기업 실적이 좋아도 중소·중견기업과 내수가 함께 좋아지지 않으면 ‘반쪽 성장’에 그칠 수밖에 없다”고 지적했다.,"미국 수출은 293억달러로 3.9% 감소했고, 중국은 337억달러로 1.8% 줄었다.",True,"동남아시아로의 수출액이 556억 달러로 17.4% 급증했다는 구체적인 수치와 변화를 포함하고 있으며, 이는 국가 통계로서 KOSIS에서 검증 가능한 정보입니다.",high,hcx,HCX-007,isclaim-v1.2-kosis-combined,2026-07-23
A2700-C034,A2700,수출 ‘톱10′ 기업 비중 40%로 역대 최대...‘대기업 쏠림’ 심화,2025-11-10,https://www.chosun.com/economy/economy_general/2025/11/10/STP3LFTONFGQLFJKML7SF2LS24/,"미국 수출은 293억달러로 3.9% 감소했고, 중국은 337억달러로 1.8% 줄었다.",지역별로는 동남아시아 수출이 556억달러(약 81조원)로 17.4% 급증하며 분기 기준 최대치를 기록했다.,"산업별로는 광제조업이 1595억달러로 8.0% 늘었고, 전기전자(15.0%)와 운송장비(9.3%) 수출이 크게 증가했다.",True,"미국 및 중국으로의 수출액과 그 증가율에 대한 구체적인 수치가 제시되어 있으며, 이는 국가 간 교역 데이터를 다루는 KOSIS 통계와 비교 가능한 내용이다.",high,hcx,HCX-007,isclaim-v1.2-kosis-combined,2026-07-23
A2700-C035,A2700,수출 ‘톱10′ 기업 비중 40%로 역대 최대...‘대기업 쏠림’ 심화,2025-11-10,https://www.chosun.com/economy/economy_general/2025/11/10/STP3LFTONFGQLFJKML7SF2LS24/,"산업별로는 광제조업이 1595억달러로 8.0% 늘었고, 전기전자(15.0%)와 운송장비(9.3%) 수출이 크게 증가했다.","미국 수출은 293억달러로 3.9% 감소했고, 중국은 337억달러로 1.8% 줄었다.",,True,"문장에서 산업별로 광제조업, 전기전자, 운송장비의 수출액이 각각 증가한 비율을 언급하며, 이는 국가통계포털(KOSIS)에서 해당 산업의 수출액 변화를 확인할 수 있는 내용이기 때문에 True로 판단된다.",high,hcx,HCX-007,isclaim-v1.2-kosis-combined,2026-07-23
A2701-C001,A2701,3분기 수출 역대 최대… 美 관세 폭탄에도 반도체·지역 다변화로 선방,2025-11-10,https://biz.chosun.com/policy/policy_sub/2025/11/10/FJZFOVSDGBEVDPIJJYVIHAC63E/,미국발 관세 폭탄에도 3분기 수출액이 역대 최대를 기록했다.,,대기업뿐 아니라 중견기업 수출도 사상 최고치를 달성했다.,True,"문장에서 '미국발 관세 폭탄에도 3분기 수출액이 역대 최대를 기록했다.'라는 내용은 한국의 수출액 변화에 대한 구체적인 주장을 하고 있으며, 이는 국가통계포털(KOSIS)에서 관련 통계를 통해 검증할 수 있는 내용입니다.",high,hcx,HCX-007,isclaim-v1.2-kosis-combined,2026-07-23
A2701-C002,A2701,3분기 수출 역대 최대… 美 관세 폭탄에도 반도체·지역 다변화로 선방,2025-11-10,https://biz.chosun.com/policy/policy_sub/2025/11/10/FJZFOVSDGBEVDPIJJYVIHAC63E/,대기업뿐 아니라 중견기업 수출도 사상 최고치를 달성했다.,미국발 관세 폭탄에도 3분기 수출액이 역대 최대를 기록했다.,인공지능(AI) 특수를 누린 반도체 산업과 수출 기업의 지역 다변화가 수출 증가세를 이끌었다.,True,"현재 문장은 중견기업의 수출이 사상 최고치를 달성했다는 내용을 포함하며, 이는 국내 경제 및 무역에 관련된 통계적인 주장으로 볼 수 있다.",high,hcx,HCX-007,isclaim-v1.2-kosis-combined,2026-07-23
A2701-C003,A2701,3분기 수출 역대 최대… 美 관세 폭탄에도 반도체·지역 다변화로 선방,2025-11-10,https://biz.chosun.com/policy/policy_sub/2025/11/10/FJZFOVSDGBEVDPIJJYVIHAC63E/,인공지능(AI) 특수를 누린 반도체 산업과 수출 기업의 지역 다변화가 수출 증가세를 이끌었다.,대기업뿐 아니라 중견기업 수출도 사상 최고치를 달성했다.,"10일 국가데이터처와 관세청이 발표한 '2025년 3분기 기준 기업 특성별 무역통계 결과(잠정)'에 따르면, 3분기 수출액은 1850억달러로 지난해 같은 기간보다 6.5% 증가했다.",True,"문장에서 '수출 증가세'라는 표현이 있으며, 이는 KOSIS의 무역통계 데이터를 통해 검증할 수 있는 내용이기 때문에 해당 문장은 수치나 통계적 변화를 주장한다고 볼 수 있다.",high,hcx,HCX-007,isclaim-v1.2-kosis-combined,2026-07-23
A2701-C004,A2701,3분기 수출 역대 최대… 美 관세 폭탄에도 반도체·지역 다변화로 선방,2025-11-10,https://biz.chosun.com/policy/policy_sub/2025/11/10/FJZFOVSDGBEVDPIJJYVIHAC63E/,"10일 국가데이터처와 관세청이 발표한 '2025년 3분기 기준 기업 특성별 무역통계 결과(잠정)'에 따르면, 3분기 수출액은 1850억달러로 지난해 같은 기간보다 6.5% 증가했다.",인공지능(AI) 특수를 누린 반도체 산업과 수출 기업의 지역 다변화가 수출 증가세를 이끌었다.,"대기업(5.1%), 중견기업(7.0%), 중소기업(11.9%) 모두 전년 동기 대비 3분기 수출이 늘었다.",True,현재 문장은 '2025년 3분기 기준 기업 특성별 무역통계 결과(잠정)'를 인용하여 수출액이 지난해 같은 기간보다 6.5% 증가했다고 주장합니다.,high,hcx,HCX-007,isclaim-v1.2-kosis-combined,2026-07-23
A2701-C005,A2701,3분기 수출 역대 최대… 美 관세 폭탄에도 반도체·지역 다변화로 선방,2025-11-10,https://biz.chosun.com/policy/policy_sub/2025/11/10/FJZFOVSDGBEVDPIJJYVIHAC63E/,"대기업(5.1%), 중견기업(7.0%), 중소기업(11.9%) 모두 전년 동기 대비 3분기 수출이 늘었다.","10일 국가데이터처와 관세청이 발표한 '2025년 3분기 기준 기업 특성별 무역통계 결과(잠정)'에 따르면, 3분기 수출액은 1850억달러로 지난해 같은 기간보다 6.5% 증가했다.","산업별로 보면, 대기업과 중견기업의 반도체 수출 증가가 전체 수출액 상승을 견인했다.",True,"현재 문장은 대기업, 중견기업, 중소기업 각각의 전년 동기 대비 3분기 수출 증가를 언급하며, 이는 국내 집계 통계로서 KOSIS에서 관련 통계를 통해 대조할 수 있다.",high,hcx,HCX-007,isclaim-v1.2-kosis-combined,2026-07-23
A2701-C006,A2701,3분기 수출 역대 최대… 美 관세 폭탄에도 반도체·지역 다변화로 선방,2025-11-10,https://biz.chosun.com/policy/policy_sub/2025/11/10/FJZFOVSDGBEVDPIJJYVIHAC63E/,"산업별로 보면, 대기업과 중견기업의 반도체 수출 증가가 전체 수출액 상승을 견인했다.","대기업(5.1%), 중견기업(7.0%), 중소기업(11.9%) 모두 전년 동기 대비 3분기 수출이 늘었다.","전기전자, 운송장비 부문에서 수출이 늘면서, 광·제조업 수출액은 전년도 3분기 대비 8% 증가했다.",True,"문장에서 산업별로 대기업과 중견기업의 반도체 수출 증가가 전체 수출액 상승을 견인했다고 언급하며, 이는 KOSIS에서 산업별 수출액을 비교하여 검증할 수 있는 내용이다.",high,hcx,HCX-007,isclaim-v1.2-kosis-combined,2026-07-23
A2701-C007,A2701,3분기 수출 역대 최대… 美 관세 폭탄에도 반도체·지역 다변화로 선방,2025-11-10,https://biz.chosun.com/policy/policy_sub/2025/11/10/FJZFOVSDGBEVDPIJJYVIHAC63E/,"전기전자, 운송장비 부문에서 수출이 늘면서, 광·제조업 수출액은 전년도 3분기 대비 8% 증가했다.","산업별로 보면, 대기업과 중견기업의 반도체 수출 증가가 전체 수출액 상승을 견인했다.",특히 SK하이닉스의 고대역폭 메모리(HBM) 수출이 급증해 수출 상위 10대 기업의 무역 집중도(40%)는 역대 최고치를 기록했다.,True,"광·제조업 수출액이 전년도 3분기 대비 8% 증가했다는 내용은 국내 경제 및 산업 관련 통계로서, KOSIS를 통해 해당 기간 동안의 수출액 변화를 확인할 수 있는 정보이기 때문에 True로 판단합니다.",high,hcx,HCX-007,isclaim-v1.2-kosis-combined,2026-07-23
A2701-C008,A2701,3분기 수출 역대 최대… 美 관세 폭탄에도 반도체·지역 다변화로 선방,2025-11-10,https://biz.chosun.com/policy/policy_sub/2025/11/10/FJZFOVSDGBEVDPIJJYVIHAC63E/,특히 SK하이닉스의 고대역폭 메모리(HBM) 수출이 급증해 수출 상위 10대 기업의 무역 집중도(40%)는 역대 최고치를 기록했다.,"전기전자, 운송장비 부문에서 수출이 늘면서, 광·제조업 수출액은 전년도 3분기 대비 8% 증가했다.","국가데이터처 관계자는 ""대기업, 중견기업, 중소기업 할 것 없이 모두 수출이 증가했지만, 반도체 수출이 크게 늘어나면서 10대 기업의 무역 집중도가 사상 최대치를 나타냈다""고 설명했다.",True,문장에서 '광·제조업 수출액이 전년도 3분기 대비 8% 증가했다.' 및 '수출 상위 10대 기업의 무역 집중도(40%)는 역대 최고치를 기록했다.'라는 내용은 국내 경제 관련 통계 정보로서 KOSIS를 통해 검증 가능하다.,high,hcx,HCX-007,isclaim-v1.2-kosis-combined,2026-07-23
A2701-C009,A2701,3분기 수출 역대 최대… 美 관세 폭탄에도 반도체·지역 다변화로 선방,2025-11-10,https://biz.chosun.com/policy/policy_sub/2025/11/10/FJZFOVSDGBEVDPIJJYVIHAC63E/,"국가데이터처 관계자는 ""대기업, 중견기업, 중소기업 할 것 없이 모두 수출이 증가했지만, 반도체 수출이 크게 늘어나면서 10대 기업의 무역 집중도가 사상 최대치를 나타냈다""고 설명했다.",특히 SK하이닉스의 고대역폭 메모리(HBM) 수출이 급증해 수출 상위 10대 기업의 무역 집중도(40%)는 역대 최고치를 기록했다.,올해 3분기에는 주요국 수출 감소에도 수출 지역 다변화를 통해 양호한 수출 실적을 거뒀다.,True,"문장에서 대기업, 중견기업, 중소기업의 수출 증가 및 반도체 수출 증가로 인한 10대 기업의 무역 집중도에 대한 언급이 있으며, 이는 국내 경제 관련 통계로서 KOSIS에서 대조할 수 있는 내용이다.",high,hcx,HCX-007,isclaim-v1.2-kosis-combined,2026-07-23
A2701-C010,A2701,3분기 수출 역대 최대… 美 관세 폭탄에도 반도체·지역 다변화로 선방,2025-11-10,https://biz.chosun.com/policy/policy_sub/2025/11/10/FJZFOVSDGBEVDPIJJYVIHAC63E/,올해 3분기에는 주요국 수출 감소에도 수출 지역 다변화를 통해 양호한 수출 실적을 거뒀다.,"국가데이터처 관계자는 ""대기업, 중견기업, 중소기업 할 것 없이 모두 수출이 증가했지만, 반도체 수출이 크게 늘어나면서 10대 기업의 무역 집중도가 사상 최대치를 나타냈다""고 설명했다.","국가별로 보면 미국으로의 수출액은 전년 동기 대비 3.9% 줄었고, 중국은 1.8% 감소했다.",True,"현재 문장은 '올해 3분기에는 주요국 수출 감소에도 수출 지역 다변화를 통해 양호한 수출 실적을 거뒀다.'라는 내용으로, 이는 수출 실적 및 변화에 대한 통계적인 주장을 포함하고 있습니다.",high,hcx,HCX-007,isclaim-v1.2-kosis-combined,2026-07-23
A2701-C011,A2701,3분기 수출 역대 최대… 美 관세 폭탄에도 반도체·지역 다변화로 선방,2025-11-10,https://biz.chosun.com/policy/policy_sub/2025/11/10/FJZFOVSDGBEVDPIJJYVIHAC63E/,"국가별로 보면 미국으로의 수출액은 전년 동기 대비 3.9% 줄었고, 중국은 1.8% 감소했다.",올해 3분기에는 주요국 수출 감소에도 수출 지역 다변화를 통해 양호한 수출 실적을 거뒀다.,"반면 동남아 지역으로의 수출은 전년 동기 대비 17.4% 늘었고, 유럽연합(EU) 지역은 5.8%, 독립국가연합(CIS) 지역은 28% 증가했다.",True,"문장에서 미국과 중국으로의 수출액이 각각 전년 동기 대비 3.9% 및 1.8% 감소했다고 명시되어 있으며, 이는 KOSIS를 통해 대조 가능한 국내 집계 통계 정보로 판단됩니다.",high,hcx,HCX-007,isclaim-v1.2-kosis-combined,2026-07-23
A2701-C012,A2701,3분기 수출 역대 최대… 美 관세 폭탄에도 반도체·지역 다변화로 선방,2025-11-10,https://biz.chosun.com/policy/policy_sub/2025/11/10/FJZFOVSDGBEVDPIJJYVIHAC63E/,"반면 동남아 지역으로의 수출은 전년 동기 대비 17.4% 늘었고, 유럽연합(EU) 지역은 5.8%, 독립국가연합(CIS) 지역은 28% 증가했다.","국가별로 보면 미국으로의 수출액은 전년 동기 대비 3.9% 줄었고, 중국은 1.8% 감소했다.","국가데이터처 관계자는 ""대미 자동차 수출은 줄었지만, EU 지역으로의 전기차 수출과 독립국가연합으로의 중고차 수출이 크게 늘었다""며 ""수출 지역 다변화가 대미 수출 감소분을 상쇄했다""고 말했다.",True,"동남아, 유럽연합, 독립국가연합 지역으로의 수출액 증가율을 언급하며, 이는 국가별 수출액을 비교하여 증가한 비율을 나타내는 것으로 KOSIS 통계와 대조 가능하다.",high,hcx,HCX-007,isclaim-v1.2-kosis-combined,2026-07-23
A2701-C013,A2701,3분기 수출 역대 최대… 美 관세 폭탄에도 반도체·지역 다변화로 선방,2025-11-10,https://biz.chosun.com/policy/policy_sub/2025/11/10/FJZFOVSDGBEVDPIJJYVIHAC63E/,"국가데이터처 관계자는 ""대미 자동차 수출은 줄었지만, EU 지역으로의 전기차 수출과 독립국가연합으로의 중고차 수출이 크게 늘었다""며 ""수출 지역 다변화가 대미 수출 감소분을 상쇄했다""고 말했다.","반면 동남아 지역으로의 수출은 전년 동기 대비 17.4% 늘었고, 유럽연합(EU) 지역은 5.8%, 독립국가연합(CIS) 지역은 28% 증가했다.",English 기사보기 안소영 기자 편집국 정치경제부 기자 세종시에서 사회정책을 취재하고 있습니다.,True,"문장에서 언급된 대미 자동차 수출 감소 및 EU 지역으로의 전기차 수출, 독립국가연합으로의 중고차 수출 증가 등은 모두 수출량 변화에 대한 구체적인 수치나 비율을 포함하지 않지만, 각 지역의 수출 변화를 비교하여 설명하고 있다. 이는 KOSIS를 통해 해당 기간 동안의 수출 데이터를 확인하여 검증할 수 있는 내용이다.",high,hcx,HCX-007,isclaim-v1.2-kosis-combined,2026-07-23
