claim_id,article_id,title,date,url,paragraph_id,paragraph_sentence_index,paragraph_count,claim_text,prev_sentence,prev_prev_sentence,next_sentence,is_claim,is_claim_reason,is_claim_confidence,is_claim_method,extraction_model,prompt_version,extracted_at
A0001-C005,A0001,"어수선한 부동산 시장…""올 서울 집값 떨어지나요?"" 전문가 대답은",2025-01-04,https://www.chosun.com/economy/realty/investment_trends/2025/01/04/VVTAU7BYLMGCYVANP52PLMARRY,1,5,1,“서울은 상승할 것이라고 본다. 수도권에서도 서울 접경 지역이나 GTX 효과로 교통 환경이 개선되는 곳은 상승할 것이다. 나머지 지역은 조금 떨어질 수도 있을 것이라고 본다. 수치적으로 보면 서울은 2~3% 정도 상승할 것이다. 경기도는 외곽 지역의 경우 하락 가능성도 있기 때문에 종합적으로 1~2% 정도 오를 것이다. 지방은 보합 수준이거나 1~2% 정도 하락할 것으로 보고 있다.” ―,올해 서울과 수도권 집값은 오를까.,"☞나에게 딱 맞는 아파트, AI가 찾아드립니다 ―",수도권은 주택 공급이 줄고 있는데.,TRUE,"현재 문장은 서울과 수도권의 집값 상승 및 하락 예측에 대한 구체적인 수치와 비율을 포함하고 있으며, 이는 국가통계포털(KOSIS)에서 관련 통계를 통해 검증할 수 있는 내용이다.",high,hcx,HCX-007,isclaim-v1.3-prev2-context,2026-08-05
A0004-C002,A0004,"현대차그룹, 미국 시장에서 2년 연속 최고 실적... 年 170만대 돌파",2025-01-05,https://www.chosun.com/economy/auto/2025/01/05/253WLIRTMRHZPM5JGBCLQCVX5M,1,2,1,"현대차그룹 전체로 처음으로 미국에서만 한 해에 170만대 넘게 팔았고, 현대차는 제네시스를 포함해 연 90만대 판매량을 첫 돌파 했다.","현대차그룹이 지난해 미국 시장에서 현대차, 기아, 제네시스 등 브랜드별로 2년 연속 역대 최고 실적을 기록했다.",,현대차그룹은 5일 지난해 미국 시장에서 현대차·기아 전체 판매량은 1년 전(165만2821대)보다 3.4% 늘어난 170만8293대를 기록했다고 밝혔다.,TRUE,"현대차그룹의 미국 시장 판매량 및 현대차의 연간 판매량이 구체적인 수치로 제시되어 있으며, 이는 국가통계포털(KOSIS)에서 관련 통계를 통해 검증할 수 있는 내용이다.",high,hcx,HCX-007,isclaim-v1.3-prev2-context,2026-08-05
A0004-C003,A0004,"현대차그룹, 미국 시장에서 2년 연속 최고 실적... 年 170만대 돌파",2025-01-05,https://www.chosun.com/economy/auto/2025/01/05/253WLIRTMRHZPM5JGBCLQCVX5M,1,3,1,현대차그룹은 5일 지난해 미국 시장에서 현대차·기아 전체 판매량은 1년 전(165만2821대)보다 3.4% 늘어난 170만8293대를 기록했다고 밝혔다.,"현대차그룹 전체로 처음으로 미국에서만 한 해에 170만대 넘게 팔았고, 현대차는 제네시스를 포함해 연 90만대 판매량을 첫 돌파 했다.","현대차그룹이 지난해 미국 시장에서 현대차, 기아, 제네시스 등 브랜드별로 2년 연속 역대 최고 실적을 기록했다.","현대차는 제네시스를 포함해 한 해 전보다 4.8% 늘어난 91만1805대를 판매했고, 기아는 1.8% 증가한 79만6488대를 팔았다.",TRUE,"현대차그룹의 미국 시장에서의 판매량이 1년 전에 비해 3.4% 증가한 것을 주장하며, 이는 KOSIS를 통해 검증 가능한 국내 집계 통계 정보입니다.",high,hcx,HCX-007,isclaim-v1.3-prev2-context,2026-08-05
A0004-C004,A0004,"현대차그룹, 미국 시장에서 2년 연속 최고 실적... 年 170만대 돌파",2025-01-05,https://www.chosun.com/economy/auto/2025/01/05/253WLIRTMRHZPM5JGBCLQCVX5M,1,4,1,"현대차는 제네시스를 포함해 한 해 전보다 4.8% 늘어난 91만1805대를 판매했고, 기아는 1.8% 증가한 79만6488대를 팔았다.",현대차그룹은 5일 지난해 미국 시장에서 현대차·기아 전체 판매량은 1년 전(165만2821대)보다 3.4% 늘어난 170만8293대를 기록했다고 밝혔다.,"현대차그룹 전체로 처음으로 미국에서만 한 해에 170만대 넘게 팔았고, 현대차는 제네시스를 포함해 연 90만대 판매량을 첫 돌파 했다.","현대차와 제네시스도 각각 2023년보다 4.4%, 8.5% 증가한 83만6802대, 7만5003대를 나타냈다.",TRUE,현대차의 판매량이 전년 대비 4.8% 증가하여 91만1805대로 늘어났다는 구체적인 수치 정보와 기아 역시 1.8% 증가한 79만6488대를 판매했다는 정보가 포함되어 있어 이는 국가통계포털(KOSIS)에서 확인 가능한 국내 집계 통계에 해당합니다.,high,hcx,HCX-007,isclaim-v1.3-prev2-context,2026-08-05
A0004-C005,A0004,"현대차그룹, 미국 시장에서 2년 연속 최고 실적... 年 170만대 돌파",2025-01-05,https://www.chosun.com/economy/auto/2025/01/05/253WLIRTMRHZPM5JGBCLQCVX5M,1,5,1,"현대차와 제네시스도 각각 2023년보다 4.4%, 8.5% 증가한 83만6802대, 7만5003대를 나타냈다.","현대차는 제네시스를 포함해 한 해 전보다 4.8% 늘어난 91만1805대를 판매했고, 기아는 1.8% 증가한 79만6488대를 팔았다.",현대차그룹은 5일 지난해 미국 시장에서 현대차·기아 전체 판매량은 1년 전(165만2821대)보다 3.4% 늘어난 170만8293대를 기록했다고 밝혔다.,"현대차, 기아, 제네시스 모두 역대 최고를 기록했던 2023년 실적을 웃도는 연간 최다 판매량이다.",TRUE,"현대차와 제네시스의 판매량이 2023년 대비 각각 4.4%, 8.5% 증가했다는 구체적인 수치 주장이 포함되어 있으며, 이는 KOSIS를 통해 검증 가능한 국내 집계 통계 정보로 판단됩니다.",high,hcx,HCX-007,isclaim-v1.3-prev2-context,2026-08-05
A0004-C006,A0004,"현대차그룹, 미국 시장에서 2년 연속 최고 실적... 年 170만대 돌파",2025-01-05,https://www.chosun.com/economy/auto/2025/01/05/253WLIRTMRHZPM5JGBCLQCVX5M,1,6,1,"현대차, 기아, 제네시스 모두 역대 최고를 기록했던 2023년 실적을 웃도는 연간 최다 판매량이다.","현대차와 제네시스도 각각 2023년보다 4.4%, 8.5% 증가한 83만6802대, 7만5003대를 나타냈다.","현대차는 제네시스를 포함해 한 해 전보다 4.8% 늘어난 91만1805대를 판매했고, 기아는 1.8% 증가한 79만6488대를 팔았다.",현대차·기아 모두 SUV(스포츠유틸리티차)를 포함한 RV(레저용 차량) 차종과 전기차를 비롯한 친환경차 판매가 호조를 보였다.,TRUE,"현대차, 기아, 제네시스의 연간 판매량이 2023년의 기록을 초과했다는 내용은 KOSIS 국가통계포털에서 자동차 판매량 관련 통계를 통해 검증할 수 있는 내용입니다.",high,hcx,HCX-007,isclaim-v1.3-prev2-context,2026-08-05
A0004-C008,A0004,"현대차그룹, 미국 시장에서 2년 연속 최고 실적... 年 170만대 돌파",2025-01-05,https://www.chosun.com/economy/auto/2025/01/05/253WLIRTMRHZPM5JGBCLQCVX5M,1,8,1,"현대차는 전기차인 아이오닉5(4만4400대)가 31%, 대형 SUV(스포츠유틸리티차) 팰리세이드(11만55대)가 23% 급증하며 판매를 이끌었다.",현대차·기아 모두 SUV(스포츠유틸리티차)를 포함한 RV(레저용 차량) 차종과 전기차를 비롯한 친환경차 판매가 호조를 보였다.,"현대차, 기아, 제네시스 모두 역대 최고를 기록했던 2023년 실적을 웃도는 연간 최다 판매량이다.","기아는 EV9(2만2017대), 스포티지(16만1917대), 카니발(4만9726대), K3·K4(13만9778대), EV6(2만1715대), 텔루라이드(11만5504대) 등 6종이 연간 최다 판매를 기록하며 80만대에 육박했다.",TRUE,"현대차의 전기차 아이오닉5와 대형 SUV 팰리세이드의 판매량이 각각 31%, 23% 증가했다는 구체적인 수치와 비율을 제시하고 있으며, 이는 국가통계포털(KOSIS)에서 관련 통계를 통해 검증할 수 있는 내용이다.",high,hcx,HCX-007,isclaim-v1.3-prev2-context,2026-08-05
A0006-C002,A0006,고물가에 설선물 벅차다면…사전예약‧묶음판매 그나마 싸다,2025-01-05,https://www.chosun.com/economy/market_trend/2025/01/05/GAQ4BB4HOJEWNP5GGCUHQTHY7M,1,2,1,올해 설 선물 세트를 미리 구매한 소비자들은 작년보다 대폭 늘었다.,"고물가에 합리적인 가격의 설선물을 찾는 소비자 수요가 늘어난 가운데, 백화점과 마트업계가 올해 예약판매 물량과 기획 세트 물량을 전년 대비 늘렸다.",,"지난 1일까지 설선물 매출을 지난 설 동기간과 비교했을 때 롯데백화점은 45%, 신세계 72.4%, 현대백화점 71.8%, 갤러리아백화점은 32.0% 각각 증가했다.",TRUE,설 선물 세트를 미리 구매한 소비자의 수가 작년보다 증가했다는 것은 KOSIS를 통해 관련 통계를 확인할 수 있는 내용이기 때문에 True로 판단합니다.,high,hcx,HCX-007,isclaim-v1.3-prev2-context,2026-08-05
A0006-C003,A0006,고물가에 설선물 벅차다면…사전예약‧묶음판매 그나마 싸다,2025-01-05,https://www.chosun.com/economy/market_trend/2025/01/05/GAQ4BB4HOJEWNP5GGCUHQTHY7M,1,3,1,"지난 1일까지 설선물 매출을 지난 설 동기간과 비교했을 때 롯데백화점은 45%, 신세계 72.4%, 현대백화점 71.8%, 갤러리아백화점은 32.0% 각각 증가했다.",올해 설 선물 세트를 미리 구매한 소비자들은 작년보다 대폭 늘었다.,"고물가에 합리적인 가격의 설선물을 찾는 소비자 수요가 늘어난 가운데, 백화점과 마트업계가 올해 예약판매 물량과 기획 세트 물량을 전년 대비 늘렸다.",대형마트 3사의 매출은 지난 설과 비슷한 수준이다.,TRUE,"현재 문장은 각 백화점의 설선물 매출이 지난해 같은 기간 대비 얼마나 증가했는지를 구체적인 수치로 제시하고 있으며, 이는 국가통계포털(KOSIS)에서 관련 통계를 통해 검증할 수 있는 내용입니다.",high,hcx,HCX-007,isclaim-v1.3-prev2-context,2026-08-05
A0006-C004,A0006,고물가에 설선물 벅차다면…사전예약‧묶음판매 그나마 싸다,2025-01-05,https://www.chosun.com/economy/market_trend/2025/01/05/GAQ4BB4HOJEWNP5GGCUHQTHY7M,1,4,1,대형마트 3사의 매출은 지난 설과 비슷한 수준이다.,"지난 1일까지 설선물 매출을 지난 설 동기간과 비교했을 때 롯데백화점은 45%, 신세계 72.4%, 현대백화점 71.8%, 갤러리아백화점은 32.0% 각각 증가했다.",올해 설 선물 세트를 미리 구매한 소비자들은 작년보다 대폭 늘었다.,신세계백화점은 오는 9일까지 21일간 2025년 설 선물세트를 예약 판매하고 있다.,TRUE,"현재 문장은 대형마트 3사의 매출이 지난 설과 비슷하다는 내용을 담고 있으며, 이는 KOSIS를 통해 확인 가능한 국내 집계 통계 정보로 볼 수 있습니다.",high,hcx,HCX-007,isclaim-v1.3-prev2-context,2026-08-05
A0006-C014,A0006,고물가에 설선물 벅차다면…사전예약‧묶음판매 그나마 싸다,2025-01-05,https://www.chosun.com/economy/market_trend/2025/01/05/GAQ4BB4HOJEWNP5GGCUHQTHY7M,1,14,1,특히 가성비 높은 ‘2병 묶음’ 선물세트의 물량을 지난 설보다 약 30% 늘렸다.,롯데마트는 주류 전문매장 보틀벙커와 함께 오는 15일까지 총 200여 품목의 주류 선물세트 사전예약 프로모션을 진행하고 있다.,마트업계도 설선물 사전예약을 진행 중이다.,롯데마트 관계자는 “지난 설 선물세트 판매 실적을 살펴보면 와인 묶음 선물세트의 매출이 전년대비 20% 가량 증가했다”고 했다.,TRUE,현재 문장은 가성비 높은 '2병 묶음' 선물세트의 물량이 지난 설보다 약 30% 늘어났다는 구체적인 수치 변화를 포함하고 있습니다.,high,hcx,HCX-007,isclaim-v1.3-prev2-context,2026-08-05
A0006-C015,A0006,고물가에 설선물 벅차다면…사전예약‧묶음판매 그나마 싸다,2025-01-05,https://www.chosun.com/economy/market_trend/2025/01/05/GAQ4BB4HOJEWNP5GGCUHQTHY7M,1,15,1,롯데마트 관계자는 “지난 설 선물세트 판매 실적을 살펴보면 와인 묶음 선물세트의 매출이 전년대비 20% 가량 증가했다”고 했다.,특히 가성비 높은 ‘2병 묶음’ 선물세트의 물량을 지난 설보다 약 30% 늘렸다.,롯데마트는 주류 전문매장 보틀벙커와 함께 오는 15일까지 총 200여 품목의 주류 선물세트 사전예약 프로모션을 진행하고 있다.,이마트에서는 과일 세트 주요 품목 가격을 전년보다 낮은 5만원 미만으로 구입할 수 있다.,TRUE,롯데마트 관계자가 언급한 와인 묶음 선물세트의 매출이 전년대비 20% 증가한 것은 KOSIS를 통해 확인 가능한 국내 유통 및 소비 관련 통계 정보이기 때문에 True로 판단합니다.,high,hcx,HCX-007,isclaim-v1.3-prev2-context,2026-08-05
A0006-C016,A0006,고물가에 설선물 벅차다면…사전예약‧묶음판매 그나마 싸다,2025-01-05,https://www.chosun.com/economy/market_trend/2025/01/05/GAQ4BB4HOJEWNP5GGCUHQTHY7M,1,16,1,이마트에서는 과일 세트 주요 품목 가격을 전년보다 낮은 5만원 미만으로 구입할 수 있다.,롯데마트 관계자는 “지난 설 선물세트 판매 실적을 살펴보면 와인 묶음 선물세트의 매출이 전년대비 20% 가량 증가했다”고 했다.,특히 가성비 높은 ‘2병 묶음’ 선물세트의 물량을 지난 설보다 약 30% 늘렸다.,특히 사과 선물 세트 가격이 지난 설보다 약 10% 낮게 책정됐다.,TRUE,"현재 문장은 이마트에서 판매하는 과일 세트의 가격이 전년 대비 낮다는 내용을 포함하고 있으며, 이는 KOSIS를 통해 비교 가능한 통계 정보로 볼 수 있습니다.",high,hcx,HCX-007,isclaim-v1.3-prev2-context,2026-08-05
A0006-C017,A0006,고물가에 설선물 벅차다면…사전예약‧묶음판매 그나마 싸다,2025-01-05,https://www.chosun.com/economy/market_trend/2025/01/05/GAQ4BB4HOJEWNP5GGCUHQTHY7M,1,17,1,특히 사과 선물 세트 가격이 지난 설보다 약 10% 낮게 책정됐다.,이마트에서는 과일 세트 주요 품목 가격을 전년보다 낮은 5만원 미만으로 구입할 수 있다.,롯데마트 관계자는 “지난 설 선물세트 판매 실적을 살펴보면 와인 묶음 선물세트의 매출이 전년대비 20% 가량 증가했다”고 했다.,올해 생산량이 늘어난 샤인머스캣 역시 지난 설 대비 약 30% 저렴하다.,TRUE,사과 선물 세트의 가격이 지난 설 대비 약 10% 낮다는 것은 KOSIS를 통해 해당 시점 및 대상의 물가나 가격 변동을 비교하여 검증할 수 있는 내용이기 때문에 True로 판단합니다.,high,hcx,HCX-007,isclaim-v1.3-prev2-context,2026-08-05
A0006-C018,A0006,고물가에 설선물 벅차다면…사전예약‧묶음판매 그나마 싸다,2025-01-05,https://www.chosun.com/economy/market_trend/2025/01/05/GAQ4BB4HOJEWNP5GGCUHQTHY7M,1,18,1,올해 생산량이 늘어난 샤인머스캣 역시 지난 설 대비 약 30% 저렴하다.,특히 사과 선물 세트 가격이 지난 설보다 약 10% 낮게 책정됐다.,이마트에서는 과일 세트 주요 품목 가격을 전년보다 낮은 5만원 미만으로 구입할 수 있다.,축산·수산 선물 세트도 10만원 미만 가격대 선물 세트가 준비돼 있다.,TRUE,"샤인머스캣의 가격 변동에 대한 정보로, 이는 국내 농산물 가격에 해당하며 KOSIS를 통해 비교 및 검증 가능하다.",high,hcx,HCX-007,isclaim-v1.3-prev2-context,2026-08-05
A0006-C020,A0006,고물가에 설선물 벅차다면…사전예약‧묶음판매 그나마 싸다,2025-01-05,https://www.chosun.com/economy/market_trend/2025/01/05/GAQ4BB4HOJEWNP5GGCUHQTHY7M,1,20,1,홈플러스는 2만~6만 원대 중·저가 선물 세트 상품 수를 전년 대비 약 10% 늘렸다.,축산·수산 선물 세트도 10만원 미만 가격대 선물 세트가 준비돼 있다.,올해 생산량이 늘어난 샤인머스캣 역시 지난 설 대비 약 30% 저렴하다.,물가 상승에도 수요가 많은 선물세트의 경우 가격을 동결해 소비자 부담을 최소화했다고 한다.,TRUE,"홈플러스가 제공하는 중·저가 선물 세트의 수가 전년 대비 증가한 것을 주장하며, 이는 KOSIS를 통해 판매량 및 가격 변동에 대한 통계를 확인하여 검증할 수 있습니다.",high,hcx,HCX-007,isclaim-v1.3-prev2-context,2026-08-05
A0007-C003,A0007,"“보험사, 올해 경기 불확실성 확대로 인한 유동성 모니터링 강화해야”",2025-01-05,https://www.chosun.com/economy/money/2025/01/05/4RQQJHQPRSPR4FCEJPVQ2FVIJE,1,3,1,"연구원은 “금리 하락이 전망됨에 따라 보험사는 금리 위험 관리를 강화해야 한다”며 “경기 둔화 및 침체는 보험 수요 감소, 해지율 상승으로 이어질 수 있는 만큼 유동성 모니터링을 강화할 필요가 있다”고 설명했다.",보험연구원은 5일 ‘2025년 보험산업 주요 이슈’ 보고서를 통해 “경기 불확실성 확대로 올해 보험산업 성장이 제한적일 것으로 전망한다”며 이처럼 밝혔다.,"올해 경기 불확실성이 확대되는 만큼 보험사의 경영 효율화, 유동성 모니터링 강화가 요구된다는 분석이 제기됐다.",달러 강세와 관련해서는 “환 헤지 파생상품의 만기를 연장하는 과정에서 리스크가 발생할 수 있기 때문에 거시 금융 여건을 고려해 환 헤지 기간과 수단 등을 재조정해야 한다”고 덧붙였다.,TRUE,"현재 문장은 금리 하락 전망과 경기 둔화가 보험사에 미치는 영향을 설명하며, 이는 보험산업의 성장과 관련된 통계적인 변화를 포함합니다.",high,hcx,HCX-007,isclaim-v1.3-prev2-context,2026-08-05
A0007-C005,A0007,"“보험사, 올해 경기 불확실성 확대로 인한 유동성 모니터링 강화해야”",2025-01-05,https://www.chosun.com/economy/money/2025/01/05/4RQQJHQPRSPR4FCEJPVQ2FVIJE,1,5,1,연구원은 올해 내수가 완만히 개선되는 가운데 수출 증가세가 둔화하면서 경제성장률은 작년에 비해 다소 하락한 2% 수준이 될 것으로 예상했다.,달러 강세와 관련해서는 “환 헤지 파생상품의 만기를 연장하는 과정에서 리스크가 발생할 수 있기 때문에 거시 금융 여건을 고려해 환 헤지 기간과 수단 등을 재조정해야 한다”고 덧붙였다.,"연구원은 “금리 하락이 전망됨에 따라 보험사는 금리 위험 관리를 강화해야 한다”며 “경기 둔화 및 침체는 보험 수요 감소, 해지율 상승으로 이어질 수 있는 만큼 유동성 모니터링을 강화할 필요가 있다”고 설명했다.","올해 말 국채 10년물 금리는 2% 중반대에 이를 것으로 예상되나, 경기 침체 우려가 하방 압력으로 작용하면서 시장금리는 당초 예상보다 더 낮은 수준에 머무를 수 있다고 지적했다.",TRUE,현재 문장은 한국의 경제성장률이 작년 대비 하락하여 2% 수준이 될 것이라는 예측을 하고 있습니다. 이는 국가 경제 지표로서 KOSIS를 통해 검증 가능한 내용입니다.,high,hcx,HCX-007,isclaim-v1.3-prev2-context,2026-08-05
A0007-C006,A0007,"“보험사, 올해 경기 불확실성 확대로 인한 유동성 모니터링 강화해야”",2025-01-05,https://www.chosun.com/economy/money/2025/01/05/4RQQJHQPRSPR4FCEJPVQ2FVIJE,1,6,1,"올해 말 국채 10년물 금리는 2% 중반대에 이를 것으로 예상되나, 경기 침체 우려가 하방 압력으로 작용하면서 시장금리는 당초 예상보다 더 낮은 수준에 머무를 수 있다고 지적했다.",연구원은 올해 내수가 완만히 개선되는 가운데 수출 증가세가 둔화하면서 경제성장률은 작년에 비해 다소 하락한 2% 수준이 될 것으로 예상했다.,달러 강세와 관련해서는 “환 헤지 파생상품의 만기를 연장하는 과정에서 리스크가 발생할 수 있기 때문에 거시 금융 여건을 고려해 환 헤지 기간과 수단 등을 재조정해야 한다”고 덧붙였다.,연구원은 보험업계 새 회계제도인 IFRS17과 관련해서는 “보험회사별로 산출하는 계리적 가정에 대한 신뢰성을 높이기 위해 올해부터는 종합적인 관리체계 방안이 마련돼야 한다”고 강조했다.,TRUE,"현재 문장은 '올해 말 국채 10년물 금리가 2% 중반대에 이를 것이다'라는 구체적인 수치 예측을 포함하고 있으며, 이는 국가 경제와 관련된 중요한 지표로서 KOSIS에서 대조 가능한 내용이기 때문이다.",high,hcx,HCX-007,isclaim-v1.3-prev2-context,2026-08-05
A0011-C001,A0011,"코스피 상장사 영업이익, 3개월 전보다 16.5% 감소",2025-01-05,https://www.chosun.com/economy/money/2025/01/05/D7Q77X65OPU7RZMENDCWE4TXTM,1,1,1,작년 4분기 실적 발표 시즌이 다가온 가운데 상장사들의 성적표가 3개월 전보다 약 16.5% 낮아진 것으로 나타났다.,,,투자자들은 국내 증시에 관한 투자 심리가 다시 한 번 낮아질 것을 우려하고 있다.,TRUE,작년 4분기 상장사들의 실적이 3개월 전보다 약 16.5% 낮아졌다는 내용은 KOSIS에서 관련 통계를 통해 검증할 수 있는 수치적인 변화이므로 True로 판단됩니다.,high,hcx,HCX-007,isclaim-v1.3-prev2-context,2026-08-05
A0011-C004,A0011,"코스피 상장사 영업이익, 3개월 전보다 16.5% 감소",2025-01-05,https://www.chosun.com/economy/money/2025/01/05/D7Q77X65OPU7RZMENDCWE4TXTM,1,4,1,"직전년도 같은 기간에 기록한 2조8247억원 대비 3배 수준으로 증가한 것이지만, 단순 증가 폭과 별개로 눈높이가 6개월 전보다 30% 이상 낮아진 점이 투자자들의 우려를 키우고 있다.",5일 금융정보업체 연합인포맥스에 따르면 지난 3일 기준 코스피 시장 시가총액 1위 삼성전자의 작년 4분기 영업이익 컨센서스(시장 추정치 평균)는 8조4751억원으로 집계됐다.,투자자들은 국내 증시에 관한 투자 심리가 다시 한 번 낮아질 것을 우려하고 있다.,특히 오는 8일 잠정 실적 발표를 앞두고 최근 일주일간 컨센서스 하향 폭이 7%를 웃도는 등 실적 전망 및 목표주가 하향 조정이 잇따르며 투자심리가 크게 악화됐다.,TRUE,"현재 문장은 삼성전자의 작년 4분기 영업이익이 직전년도 같은 기간 대비 3배 수준으로 증가했다는 구체적인 수치 정보를 포함하고 있으며, 이는 KOSIS 등의 국가 통계를 통해 검증 가능한 내용입니다.",high,hcx,HCX-007,isclaim-v1.3-prev2-context,2026-08-05
A0011-C007,A0011,"코스피 상장사 영업이익, 3개월 전보다 16.5% 감소",2025-01-05,https://www.chosun.com/economy/money/2025/01/05/D7Q77X65OPU7RZMENDCWE4TXTM,1,7,1,3일 기준 증권사 3개 이상이 추정치를 제시한 코스피 상장사 110곳의 총 영업이익은 39조6531억원이다.,범위를 코스피 전체로 넓혀봐도 분위기는 비슷하다.,특히 오는 8일 잠정 실적 발표를 앞두고 최근 일주일간 컨센서스 하향 폭이 7%를 웃도는 등 실적 전망 및 목표주가 하향 조정이 잇따르며 투자심리가 크게 악화됐다.,"2023년 4분기 영업이익 합 19조7942억원과 비교하면 2배 수준이지만, 비교군이 있는 87개 종목으로 범위를 좁혀보면 3개월 전보다 영업이익이 16.5%가량 줄어든 것으로 나타났다.",TRUE,"코스피 상장사의 총 영업이익 추정치라는 구체적인 수치 정보를 포함하며, 이는 국가 경제와 관련된 중요한 지표로서 KOSIS에서 관련 통계를 찾아볼 수 있을 것이다.",high,hcx,HCX-007,isclaim-v1.3-prev2-context,2026-08-05
A0011-C008,A0011,"코스피 상장사 영업이익, 3개월 전보다 16.5% 감소",2025-01-05,https://www.chosun.com/economy/money/2025/01/05/D7Q77X65OPU7RZMENDCWE4TXTM,1,8,1,"2023년 4분기 영업이익 합 19조7942억원과 비교하면 2배 수준이지만, 비교군이 있는 87개 종목으로 범위를 좁혀보면 3개월 전보다 영업이익이 16.5%가량 줄어든 것으로 나타났다.",3일 기준 증권사 3개 이상이 추정치를 제시한 코스피 상장사 110곳의 총 영업이익은 39조6531억원이다.,범위를 코스피 전체로 넓혀봐도 분위기는 비슷하다.,다만 실적 하향 조정이 상당 기간 이뤄지면서 조정폭이 안정되고 있는 데다 업종별 차별화가 나타나면서 증시의 실적 민감도는 다소 낮아질 수 있다는 이야기도 나온다.,TRUE,"현재 문장은 2023년 4분기와 비교하여 2025년의 코스피 상장사의 영업이익 변화에 대한 구체적인 수치를 제시하고 있으며, 이는 국가통계포털(KOSIS)에서 관련 통계를 통해 검증할 수 있을 것이다.",high,hcx,HCX-007,isclaim-v1.3-prev2-context,2026-08-05
A0011-C010,A0011,"코스피 상장사 영업이익, 3개월 전보다 16.5% 감소",2025-01-05,https://www.chosun.com/economy/money/2025/01/05/D7Q77X65OPU7RZMENDCWE4TXTM,1,10,1,"12월 수출이 예상치를 상회하는 호조를 보인 데다 이익 추정치 하향이 반도체 업종에 집중돼 있고, 에너지·유틸리티·조선·증권·헬스케어 등의 업종은 소폭이나마 상향되고 있다는 점에서다.",다만 실적 하향 조정이 상당 기간 이뤄지면서 조정폭이 안정되고 있는 데다 업종별 차별화가 나타나면서 증시의 실적 민감도는 다소 낮아질 수 있다는 이야기도 나온다.,"2023년 4분기 영업이익 합 19조7942억원과 비교하면 2배 수준이지만, 비교군이 있는 87개 종목으로 범위를 좁혀보면 3개월 전보다 영업이익이 16.5%가량 줄어든 것으로 나타났다.","최재원 키움증권 연구원은 “연말·연초 반도체 업황에 대한 눈높이 조정이 지속되면서 국내 증시의 이익 전망은 여전히 하향 압력이 높은 상황이 이어지고 있다”면서도 “시총 초대형 업종인 반도체 업종에서의 하향 영향이 크고, 여타 업종에서는 실적 반등 신호가 포착되고 있다는 점은 긍정적”이라고 했다.",TRUE,"현재 문장은 '12월 수출이 예상치를 상회하는 호조를 보였다'는 구체적인 수치나 변화에 대한 언급이 있으며, 이는 국가 경제 지표로서 KOSIS에서 확인 가능한 정보일 가능성이 높습니다.",high,hcx,HCX-007,isclaim-v1.3-prev2-context,2026-08-05
A0012-C006,A0012,"MBK장학재단, 올해 대학 입학하는 장학생 모집… “입학금 전액 지원”",2025-01-05,https://www.chosun.com/economy/money/2025/01/05/EIE2RZKXMU242CQCQZO7GYITEY,1,6,1,지난 18년간 MBK장학재단을 통해 총 202명의 장학생들이 배출됐다.,MBK 장학재단은 우수하지만 경제적인 이유로 학업을 이어가는 데 어려움을 겪는 학생들을 재정적으로 지원하고자 2007년 김병주 MBK파트너스 회장이 설립했다.,"별도 선발 조건이나 기준이 없는 대신, 장학생들은 ‘Pay it forward(도움을 받은 만큼, 다른 사람들에게 받은 도움을 환원한다)’라는 MBK장학재단의 가치를 존중하고 준수해야 한다.",김병주 이사장은 “세상을 변화시킬 수 있는 원동력은 교육에 있다”며 “우리 학생들이 온전히 학업을 마치고 사회의 발전에 기여하는 주역들로 성장하는데 보탬이 되고자 한다”고 말했다.,TRUE,"MBK장학재단을 통해 배출된 장학생 수가 202명이라는 구체적인 통계를 제시하고 있으며, 이는 국가통계포털(KOSIS)에서 관련 데이터를 찾아볼 수 있는 국내 집계 통계에 해당합니다.",high,hcx,HCX-007,isclaim-v1.3-prev2-context,2026-08-05
A0014-C002,A0014,작년 공모주 시장은 ‘상고하저’… 관련 펀드서 하반기 4000억원 유출,2025-01-05,https://www.chosun.com/economy/money/2025/01/05/F6MTU64EMXMQ33GSC2BIOEZTZY,1,2,1,5일 펀드 평가사 한국펀드평가에 따르면 지난해 상반기 공모주 펀드 135개에 유입된 자금은 8794억원으로 집계됐다.,지난해 하반기 증시 부진으로 공모주 시장이 얼어붙으면서 관련 펀드에서도 자금이 빠져나간 것으로 나타났다.,,그러나 하반기 들어서는 지난달 16일까지 4362억원의 자금이 유출됐다.,TRUE,"현재 문장은 '지난해 상반기 공모주 펀드에 유입된 자금'이라는 구체적인 수치 정보를 포함하고 있으며, 이는 국내 금융 시장에 대한 집계 통계로서 KOSIS를 통해 검증될 가능성이 있다.",high,hcx,HCX-007,isclaim-v1.3-prev2-context,2026-08-05
A0014-C003,A0014,작년 공모주 시장은 ‘상고하저’… 관련 펀드서 하반기 4000억원 유출,2025-01-05,https://www.chosun.com/economy/money/2025/01/05/F6MTU64EMXMQ33GSC2BIOEZTZY,1,3,1,그러나 하반기 들어서는 지난달 16일까지 4362억원의 자금이 유출됐다.,5일 펀드 평가사 한국펀드평가에 따르면 지난해 상반기 공모주 펀드 135개에 유입된 자금은 8794억원으로 집계됐다.,지난해 하반기 증시 부진으로 공모주 시장이 얼어붙으면서 관련 펀드에서도 자금이 빠져나간 것으로 나타났다.,이는 공모주 시장이 위축되자 이에 실망한 자금이 공모주 펀드에서도 빠져나간 것으로 풀이된다.,TRUE,"현재 문장은 하반기에 공모주 펀드에서 자금 유출이 발생했다는 내용을 담고 있으며, 이는 KOSIS를 통해 금융 상품의 자금 흐름 데이터를 대조하여 검증할 수 있는 내용이다.",high,hcx,HCX-007,isclaim-v1.3-prev2-context,2026-08-05
A0014-C006,A0014,작년 공모주 시장은 ‘상고하저’… 관련 펀드서 하반기 4000억원 유출,2025-01-05,https://www.chosun.com/economy/money/2025/01/05/F6MTU64EMXMQ33GSC2BIOEZTZY,1,6,1,하지만 하반기 상장한 48개 기업 중 12개 기업은 희망 범위 하단 또는 하단에도 미치지 못했다.,실제로 지난해 상반기 상장한 기업 29개사 모두 최종 공모가가 희망 범위 상단이거나 상단을 초과했다.,이는 공모주 시장이 위축되자 이에 실망한 자금이 공모주 펀드에서도 빠져나간 것으로 풀이된다.,이 가운데 공모가가 희망 범위에 미달한 기업은 8곳으로 모두 지난해 4분기에 상장했다.,TRUE,"현재 문장은 '하반기 상장한 48개 기업 중 12개 기업이 희망 범위 하단 또는 하단에도 미치지 못했다'는 내용을 담고 있으며, 이는 상장 기업의 공모가와 관련된 통계를 나타내고 있다.",high,hcx,HCX-007,isclaim-v1.3-prev2-context,2026-08-05
A0014-C007,A0014,작년 공모주 시장은 ‘상고하저’… 관련 펀드서 하반기 4000억원 유출,2025-01-05,https://www.chosun.com/economy/money/2025/01/05/F6MTU64EMXMQ33GSC2BIOEZTZY,1,7,1,이 가운데 공모가가 희망 범위에 미달한 기업은 8곳으로 모두 지난해 4분기에 상장했다.,하지만 하반기 상장한 48개 기업 중 12개 기업은 희망 범위 하단 또는 하단에도 미치지 못했다.,실제로 지난해 상반기 상장한 기업 29개사 모두 최종 공모가가 희망 범위 상단이거나 상단을 초과했다.,"특히 4분기에는 케이뱅크, 씨케이솔루션, 동방메디컬, 미트박스글로벌, 오름테라퓨틱 등 상장을 철회하거나 일정을 연기하는 기업들이 속출하기도 했다.",TRUE,"현재 문장은 공모가가 희망 범위에 미달한 기업의 수를 언급하며, 이는 특정 시점(지난해 4분기) 동안의 통계적인 정보이므로 KOSIS를 통해 검증 가능하다.",high,hcx,HCX-007,isclaim-v1.3-prev2-context,2026-08-05
A0016-C015,A0016,"전남도, 무안참사 추모공원 460억 들여 짓는다",2025-01-06,https://www.chosun.com/national/national_general/2025/01/06/ELMYO6U4P5C5RNWH4YN6T3D7BE,1,15,1,지난달 29일 사고 이후 8일간 공항에서 활동한 자원봉사자는 총 5509명으로 집계됐다.,참사 당시 파손된 착륙 유도 시설 등을 복구하는 데도 2~3개월은 걸릴 것이라고 정부는 밝혔다.,국토부 관계자는 “한미 합동조사팀의 현장 조사 일정도 남아 있어 사고 현장인 활주로를 더 보존해야 한다”고 했다.,전남도 관계자는 “전남도에 등록하지 않은 종교단체와 개인 등을 포함하면 실제 자원봉사자 수는 2배 이상으로 추정된다”고 했다.,TRUE,사고 후 8일간 공항에서 활동한 자원봉사자의 수가 5509명으로 집계되었다는 구체적인 수치 정보를 제공하고 있다.,high,hcx,HCX-007,isclaim-v1.3-prev2-context,2026-08-05
A0016-C016,A0016,"전남도, 무안참사 추모공원 460억 들여 짓는다",2025-01-06,https://www.chosun.com/national/national_general/2025/01/06/ELMYO6U4P5C5RNWH4YN6T3D7BE,1,16,1,전남도 관계자는 “전남도에 등록하지 않은 종교단체와 개인 등을 포함하면 실제 자원봉사자 수는 2배 이상으로 추정된다”고 했다.,지난달 29일 사고 이후 8일간 공항에서 활동한 자원봉사자는 총 5509명으로 집계됐다.,참사 당시 파손된 착륙 유도 시설 등을 복구하는 데도 2~3개월은 걸릴 것이라고 정부는 밝혔다.,"한편, 작년 상반기 ‘항공기 정비’를 이유로 지연 운항한 항공편이 가장 많은 항공사는 제주항공인 것으로 나타났다.",TRUE,"현재 문장은 전남도의 자원봉사자 수가 실제로는 더 많다는 추정을 하고 있으며, 이는 특정 사건과 관련된 집계 통계로서 KOSIS를 통해 대조할 수 있을 가능성을 내포합니다.",mid,hcx,HCX-007,isclaim-v1.3-prev2-context,2026-08-05
A0016-C017,A0016,"전남도, 무안참사 추모공원 460억 들여 짓는다",2025-01-06,https://www.chosun.com/national/national_general/2025/01/06/ELMYO6U4P5C5RNWH4YN6T3D7BE,1,17,1,"한편, 작년 상반기 ‘항공기 정비’를 이유로 지연 운항한 항공편이 가장 많은 항공사는 제주항공인 것으로 나타났다.",전남도 관계자는 “전남도에 등록하지 않은 종교단체와 개인 등을 포함하면 실제 자원봉사자 수는 2배 이상으로 추정된다”고 했다.,지난달 29일 사고 이후 8일간 공항에서 활동한 자원봉사자는 총 5509명으로 집계됐다.,"국회 국토교통위원회 이연희 의원(더불어민주당)이 국토부에서 받은 자료에 따르면, 제주항공이 작년 상반기 운항한 5만2883편 중 536편이 항공기 정비를 이유로 지연 운항했다.",TRUE,"작년 상반기에 '항공기 정비'를 이유로 지연 운항한 항공편의 수가 특정 항공사별로 비교되고 있으며, 이는 KOSIS 등의 통계 자료로 확인 가능한 정보일 가능성이 있다.",high,hcx,HCX-007,isclaim-v1.3-prev2-context,2026-08-05
A0016-C018,A0016,"전남도, 무안참사 추모공원 460억 들여 짓는다",2025-01-06,https://www.chosun.com/national/national_general/2025/01/06/ELMYO6U4P5C5RNWH4YN6T3D7BE,1,18,1,"국회 국토교통위원회 이연희 의원(더불어민주당)이 국토부에서 받은 자료에 따르면, 제주항공이 작년 상반기 운항한 5만2883편 중 536편이 항공기 정비를 이유로 지연 운항했다.","한편, 작년 상반기 ‘항공기 정비’를 이유로 지연 운항한 항공편이 가장 많은 항공사는 제주항공인 것으로 나타났다.",전남도 관계자는 “전남도에 등록하지 않은 종교단체와 개인 등을 포함하면 실제 자원봉사자 수는 2배 이상으로 추정된다”고 했다.,"이는 전체 운항 편수가 많은 대한항공(422편)보다 많고 다른 저비용항공사(LCC)인 티웨이항공(315편), 진에어(243편), 에어부산(227편)보다도 많은 것이다.",TRUE,제주항공이 작년 상반기 운항한 항공편 중 일정 비율이 항공기 정비로 인해 지연 운항되었다는 구체적인 수치 정보를 제공하고 있다.,high,hcx,HCX-007,isclaim-v1.3-prev2-context,2026-08-05
A0016-C021,A0016,"전남도, 무안참사 추모공원 460억 들여 짓는다",2025-01-06,https://www.chosun.com/national/national_general/2025/01/06/ELMYO6U4P5C5RNWH4YN6T3D7BE,1,21,1,제주항공 참사 이후 제주도를 찾은 관광객이 줄어든 것으로 나타났다.,“제주항공이 항공기를 무리하게 가동하다 크고 작은 문제가 생겼을 수 있다”는 지적이 나온다.,"이는 전체 운항 편수가 많은 대한항공(422편)보다 많고 다른 저비용항공사(LCC)인 티웨이항공(315편), 진에어(243편), 에어부산(227편)보다도 많은 것이다.","제주도관광협회에 따르면, 제주항공 참사 이튿날인 지난달 30일부터 지난 5일까지 일주일간 제주도를 찾은 관광객은 20만8516명으로 지난해 같은 기간보다 3만1495명(13.1%) 감소했다.",TRUE,"현재 문장은 제주항공 참사 이후 제주도 방문 관광객 수가 줄어들었다는 내용을 포함하며, 이는 KOSIS 등의 국가 통계를 통해 확인 가능한 내용일 수 있습니다.",mid,hcx,HCX-007,isclaim-v1.3-prev2-context,2026-08-05
A0016-C022,A0016,"전남도, 무안참사 추모공원 460억 들여 짓는다",2025-01-06,https://www.chosun.com/national/national_general/2025/01/06/ELMYO6U4P5C5RNWH4YN6T3D7BE,1,22,1,"제주도관광협회에 따르면, 제주항공 참사 이튿날인 지난달 30일부터 지난 5일까지 일주일간 제주도를 찾은 관광객은 20만8516명으로 지난해 같은 기간보다 3만1495명(13.1%) 감소했다.",제주항공 참사 이후 제주도를 찾은 관광객이 줄어든 것으로 나타났다.,“제주항공이 항공기를 무리하게 가동하다 크고 작은 문제가 생겼을 수 있다”는 지적이 나온다.,이 가운데 내국인 관광객은 전년 대비 3만7105명(16.7%) 줄었다.,TRUE,"현재 문장은 제주도를 찾은 관광객 수가 작년 같은 기간에 비해 얼마나 감소했는지 구체적인 수치와 비율을 제시하며, 이는 국가통계포털(KOSIS)에서 관련 통계를 통해 검증할 수 있는 내용이기 때문에 True로 판단된다.",high,hcx,HCX-007,isclaim-v1.3-prev2-context,2026-08-05
A0016-C023,A0016,"전남도, 무안참사 추모공원 460억 들여 짓는다",2025-01-06,https://www.chosun.com/national/national_general/2025/01/06/ELMYO6U4P5C5RNWH4YN6T3D7BE,1,23,1,이 가운데 내국인 관광객은 전년 대비 3만7105명(16.7%) 줄었다.,"제주도관광협회에 따르면, 제주항공 참사 이튿날인 지난달 30일부터 지난 5일까지 일주일간 제주도를 찾은 관광객은 20만8516명으로 지난해 같은 기간보다 3만1495명(13.1%) 감소했다.",제주항공 참사 이후 제주도를 찾은 관광객이 줄어든 것으로 나타났다.,관광업계에서는 “제주항공 참사 이후 제주항공 등 저비용항공사를 이용해 제주도를 찾은 관광객이 감소한 것으로 보인다”고 했다.,TRUE,"현재 문장은 내국인 관광객 수가 전년 대비 얼마나 감소했는지를 수치로 제시하고 있으며, 이는 국가통계포털(KOSIS)에서 관련 통계를 통해 검증할 수 있는 내용이다.",high,hcx,HCX-007,isclaim-v1.3-prev2-context,2026-08-05
A0017-C003,A0017,"지난해 최고 인기 수입차는 테슬라 모델 Y...BMW 520, 벤츠 E200 뒤 이어",2025-01-06,https://www.chosun.com/economy/auto/2025/01/06/S27CLI355JFNZLDTKSS6EHCNPI,1,3,1,한국수입자동차협회(KAIDA)는 6일 지난해 수입 승용차 신규 등록 대수를 집계한 결과 테슬라 모델 Y가 지난해 모두 1만8717대가 팔리며 수입 승용차 가운데 최고 인기 모델로 꼽혔다고 밝혔다.,내수 부진으로 수입차 판매가 줄어든 가운데 브랜드에서는 BMW가 지난해에 이어 1위를 유지했다.,테슬라 모델 Y가 지난해 우리나라에서 최고 인기 수입차로 꼽혔다.,"미국산에서 중국산으로 바꾸는 대신, 가격을 수백만원 이상 할인해 판매하자 30대 소비자가 몰린 결과다.",TRUE,"현재 문장에서 언급된 '테슬라 모델 Y가 지난해 모두 1만8717대가 팔리며 수입 승용차 가운데 최고 인기 모델로 꼽혔다'라는 내용은 구체적인 수치와 통계를 포함하고 있으며, 이는 국가통계포털(KOSIS)에서 관련 데이터를 통해 검증할 수 있는 내용이기 때문에 True로 판단됩니다.",high,hcx,HCX-007,isclaim-v1.3-prev2-context,2026-08-05
A0017-C005,A0017,"지난해 최고 인기 수입차는 테슬라 모델 Y...BMW 520, 벤츠 E200 뒤 이어",2025-01-06,https://www.chosun.com/economy/auto/2025/01/06/S27CLI355JFNZLDTKSS6EHCNPI,1,5,1,"스테디셀러인 BMW 520(1만2352대), 메르세데스-벤츠 E200(1만540대)는 모델 Y에 밀려 2, 3위를 나타냈다.","미국산에서 중국산으로 바꾸는 대신, 가격을 수백만원 이상 할인해 판매하자 30대 소비자가 몰린 결과다.",한국수입자동차협회(KAIDA)는 6일 지난해 수입 승용차 신규 등록 대수를 집계한 결과 테슬라 모델 Y가 지난해 모두 1만8717대가 팔리며 수입 승용차 가운데 최고 인기 모델로 꼽혔다고 밝혔다.,"벤츠의 E300 4MATIC, 테슬라 모델 3가 각각 1만대 이상 팔리며 뒤를 이었다.",TRUE,"현재 문장은 특정 자동차 모델들의 판매량 순위에 대한 정보를 제공하고 있으며, 이는 국내 집계 통계로서 KOSIS를 통해 대조 및 검증이 가능하다.",high,hcx,HCX-007,isclaim-v1.3-prev2-context,2026-08-05
A0017-C007,A0017,"지난해 최고 인기 수입차는 테슬라 모델 Y...BMW 520, 벤츠 E200 뒤 이어",2025-01-06,https://www.chosun.com/economy/auto/2025/01/06/S27CLI355JFNZLDTKSS6EHCNPI,1,7,1,전체 수입차 판매는 2023년(27만1034대)보다 2.9% 감소한 26만3288대에 그쳤다.,"벤츠의 E300 4MATIC, 테슬라 모델 3가 각각 1만대 이상 팔리며 뒤를 이었다.","스테디셀러인 BMW 520(1만2352대), 메르세데스-벤츠 E200(1만540대)는 모델 Y에 밀려 2, 3위를 나타냈다.","대부분의 브랜드가 마이너스 성장을 나타낸 가운데, 브랜드별로는 BMW(7만3754대, -4.7%), 메르세데스-벤츠(6만6400대, -13.4%)가 1,2위를 나타내며 지난해와 같은 순위를 유지했다.",TRUE,"현재 문장은 2023년 대비 2024년의 전체 수입차 판매량이 감소했다는 구체적인 통계를 제시하고 있으며, 이는 국가통계포털(KOSIS)에서 관련 데이터를 통해 검증할 수 있는 내용입니다.",high,hcx,HCX-007,isclaim-v1.3-prev2-context,2026-08-05
A0017-C008,A0017,"지난해 최고 인기 수입차는 테슬라 모델 Y...BMW 520, 벤츠 E200 뒤 이어",2025-01-06,https://www.chosun.com/economy/auto/2025/01/06/S27CLI355JFNZLDTKSS6EHCNPI,1,8,1,"대부분의 브랜드가 마이너스 성장을 나타낸 가운데, 브랜드별로는 BMW(7만3754대, -4.7%), 메르세데스-벤츠(6만6400대, -13.4%)가 1,2위를 나타내며 지난해와 같은 순위를 유지했다.",전체 수입차 판매는 2023년(27만1034대)보다 2.9% 감소한 26만3288대에 그쳤다.,"벤츠의 E300 4MATIC, 테슬라 모델 3가 각각 1만대 이상 팔리며 뒤를 이었다.","새로 집계에 들어온 테슬라가 2023년(1만 6461대)의 두 배에 가까운 2만9750대를 판매하며 3위에 올랐으며, 볼보, 렉서스 등도 1만대를 웃돌며 뒤를 이었다.",TRUE,현재 문장에서 언급된 수입차 브랜드들의 판매량 및 성장률은 국가통계포털(KOSIS)에서 제공하는 자동차 판매 관련 통계 자료로 검증될 수 있다.,high,hcx,HCX-007,isclaim-v1.3-prev2-context,2026-08-05
A0017-C009,A0017,"지난해 최고 인기 수입차는 테슬라 모델 Y...BMW 520, 벤츠 E200 뒤 이어",2025-01-06,https://www.chosun.com/economy/auto/2025/01/06/S27CLI355JFNZLDTKSS6EHCNPI,1,9,1,"새로 집계에 들어온 테슬라가 2023년(1만 6461대)의 두 배에 가까운 2만9750대를 판매하며 3위에 올랐으며, 볼보, 렉서스 등도 1만대를 웃돌며 뒤를 이었다.","대부분의 브랜드가 마이너스 성장을 나타낸 가운데, 브랜드별로는 BMW(7만3754대, -4.7%), 메르세데스-벤츠(6만6400대, -13.4%)가 1,2위를 나타내며 지난해와 같은 순위를 유지했다.",전체 수입차 판매는 2023년(27만1034대)보다 2.9% 감소한 26만3288대에 그쳤다.,연료별로는 하이브리드가 절반이 넘는 13만4426대(51.1%)를 기록한 가운데 가솔린(23.8%)과 전기(18.8%)가 다음 자리를 차지했다.,TRUE,"현재 문장은 테슬라의 판매량이 2023년의 두 배에 가깝다는 구체적인 수치 정보를 포함하고 있으며, 이는 KOSIS를 통해 검증 가능한 자동차 판매량 관련 통계 정보로 판단된다.",high,hcx,HCX-007,isclaim-v1.3-prev2-context,2026-08-05
A0017-C010,A0017,"지난해 최고 인기 수입차는 테슬라 모델 Y...BMW 520, 벤츠 E200 뒤 이어",2025-01-06,https://www.chosun.com/economy/auto/2025/01/06/S27CLI355JFNZLDTKSS6EHCNPI,1,10,1,연료별로는 하이브리드가 절반이 넘는 13만4426대(51.1%)를 기록한 가운데 가솔린(23.8%)과 전기(18.8%)가 다음 자리를 차지했다.,"새로 집계에 들어온 테슬라가 2023년(1만 6461대)의 두 배에 가까운 2만9750대를 판매하며 3위에 올랐으며, 볼보, 렉서스 등도 1만대를 웃돌며 뒤를 이었다.","대부분의 브랜드가 마이너스 성장을 나타낸 가운데, 브랜드별로는 BMW(7만3754대, -4.7%), 메르세데스-벤츠(6만6400대, -13.4%)가 1,2위를 나타내며 지난해와 같은 순위를 유지했다.","2023년 9만1680대였던 하이브리드는 46.6%나 크게 늘었고, 전기차는 전년대비 86.3% 급증했다.",TRUE,"현재 문장은 연료별 차량 판매 비율을 제시하고 있으며, 이는 국내 자동차 시장 동향에 대한 통계적인 정보를 제공합니다.",high,hcx,HCX-007,isclaim-v1.3-prev2-context,2026-08-05
A0017-C011,A0017,"지난해 최고 인기 수입차는 테슬라 모델 Y...BMW 520, 벤츠 E200 뒤 이어",2025-01-06,https://www.chosun.com/economy/auto/2025/01/06/S27CLI355JFNZLDTKSS6EHCNPI,1,11,1,"2023년 9만1680대였던 하이브리드는 46.6%나 크게 늘었고, 전기차는 전년대비 86.3% 급증했다.",연료별로는 하이브리드가 절반이 넘는 13만4426대(51.1%)를 기록한 가운데 가솔린(23.8%)과 전기(18.8%)가 다음 자리를 차지했다.,"새로 집계에 들어온 테슬라가 2023년(1만 6461대)의 두 배에 가까운 2만9750대를 판매하며 3위에 올랐으며, 볼보, 렉서스 등도 1만대를 웃돌며 뒤를 이었다.","플러그인하이브리드(PHEV)는 3.5%에 그쳤고, 2023년 8.2%였던 디젤은 지난해 2.9%로 쪼그라들었다.",TRUE,"현재 문장은 하이브리드와 전기차 판매량의 변화에 대한 구체적인 수치와 비율을 제시하고 있으며, 이는 국가통계포털(KOSIS)에서 관련 통계를 통해 검증할 수 있는 내용입니다.",high,hcx,HCX-007,isclaim-v1.3-prev2-context,2026-08-05
A0017-C012,A0017,"지난해 최고 인기 수입차는 테슬라 모델 Y...BMW 520, 벤츠 E200 뒤 이어",2025-01-06,https://www.chosun.com/economy/auto/2025/01/06/S27CLI355JFNZLDTKSS6EHCNPI,1,12,1,"플러그인하이브리드(PHEV)는 3.5%에 그쳤고, 2023년 8.2%였던 디젤은 지난해 2.9%로 쪼그라들었다.","2023년 9만1680대였던 하이브리드는 46.6%나 크게 늘었고, 전기차는 전년대비 86.3% 급증했다.",연료별로는 하이브리드가 절반이 넘는 13만4426대(51.1%)를 기록한 가운데 가솔린(23.8%)과 전기(18.8%)가 다음 자리를 차지했다.,,TRUE,"플러그인하이브리드와 디젤 차량 판매 비중의 변화에 대한 수치적인 정보를 제공하고 있으며, 이는 국가통계포털(KOSIS)에서 관련 통계를 통해 검증할 수 있는 내용이다.",high,hcx,HCX-007,isclaim-v1.3-prev2-context,2026-08-05
A0018-C002,A0018,"현대차그룹, 작년 美서 170만대 판매… 2년 연속 최고 실적",2025-01-06,https://www.chosun.com/economy/auto/2025/01/06/WVJGROK7TRGKDCWGUBVMHY7XF4,1,2,1,"지난해 국내 내수 판매가 전년 대비 감소하고, 유럽과 중남미 등에서도 판매가 부진한 가운데 미국 시장이 버팀목이 된 것이다.",현대차그룹이 지난해 미국 시장에서 170만대 이상을 판매하며 2년 연속 역대 최고 실적을 냈다.,,현대차그룹은 지난해 미국 시장에서 현대차·기아 전체 판매량이 역대 최다 판매를 기록했던 1년 전보다 3.4% 늘어난 170만8293대를 기록했다고 5일 밝혔다.,TRUE,"현재 문장은 현대차그룹의 지난해 국내 내수 판매 및 유럽과 중남미 등의 판매 실적 변화에 대해 언급하고 있으며, 이는 국내 자동차 판매량 관련 통계를 통해 검증 가능하다.",high,hcx,HCX-007,isclaim-v1.3-prev2-context,2026-08-05
A0018-C003,A0018,"현대차그룹, 작년 美서 170만대 판매… 2년 연속 최고 실적",2025-01-06,https://www.chosun.com/economy/auto/2025/01/06/WVJGROK7TRGKDCWGUBVMHY7XF4,1,3,1,현대차그룹은 지난해 미국 시장에서 현대차·기아 전체 판매량이 역대 최다 판매를 기록했던 1년 전보다 3.4% 늘어난 170만8293대를 기록했다고 5일 밝혔다.,"지난해 국내 내수 판매가 전년 대비 감소하고, 유럽과 중남미 등에서도 판매가 부진한 가운데 미국 시장이 버팀목이 된 것이다.",현대차그룹이 지난해 미국 시장에서 170만대 이상을 판매하며 2년 연속 역대 최고 실적을 냈다.,"현대차는 전년 대비 4.4% 늘어난 83만6802대, 기아는 1.8% 증가한 79만6488대, 제네시스는 8.5% 급증한 7만5003대를 나타냈다.",TRUE,"현대차그룹의 미국 시장 판매량 증가율을 언급하며, 이는 KOSIS에서 관련 통계를 통해 검증할 수 있는 내용이기 때문이다.",high,hcx,HCX-007,isclaim-v1.3-prev2-context,2026-08-05
A0018-C004,A0018,"현대차그룹, 작년 美서 170만대 판매… 2년 연속 최고 실적",2025-01-06,https://www.chosun.com/economy/auto/2025/01/06/WVJGROK7TRGKDCWGUBVMHY7XF4,1,4,1,"현대차는 전년 대비 4.4% 늘어난 83만6802대, 기아는 1.8% 증가한 79만6488대, 제네시스는 8.5% 급증한 7만5003대를 나타냈다.",현대차그룹은 지난해 미국 시장에서 현대차·기아 전체 판매량이 역대 최다 판매를 기록했던 1년 전보다 3.4% 늘어난 170만8293대를 기록했다고 5일 밝혔다.,"지난해 국내 내수 판매가 전년 대비 감소하고, 유럽과 중남미 등에서도 판매가 부진한 가운데 미국 시장이 버팀목이 된 것이다.","현대차그룹 전체뿐 아니라 현대차, 기아, 제네시스 등 브랜드별로도 최고를 기록했던 2023년 실적을 일제히 넘어서면서 GM과 도요타, 포드에 이어 2년 연속 ‘톱4′ 자리를 지켰다.",TRUE,"현대차의 미국 시장 판매량 증가율, 기아와 제네시스의 판매량 증가율을 제시하며 이는 국가통계포털(KOSIS)에서 확인 가능한 국내 자동차 판매 관련 통계 자료로 검증 가능하다.",high,hcx,HCX-007,isclaim-v1.3-prev2-context,2026-08-05
A0018-C006,A0018,"현대차그룹, 작년 美서 170만대 판매… 2년 연속 최고 실적",2025-01-06,https://www.chosun.com/economy/auto/2025/01/06/WVJGROK7TRGKDCWGUBVMHY7XF4,1,6,1,현대차는 고급 브랜드인 제네시스를 포함한 미국 시장 판매량이 처음으로 연간 90만대를 돌파했다.,"현대차그룹 전체뿐 아니라 현대차, 기아, 제네시스 등 브랜드별로도 최고를 기록했던 2023년 실적을 일제히 넘어서면서 GM과 도요타, 포드에 이어 2년 연속 ‘톱4′ 자리를 지켰다.","현대차는 전년 대비 4.4% 늘어난 83만6802대, 기아는 1.8% 증가한 79만6488대, 제네시스는 8.5% 급증한 7만5003대를 나타냈다.","현대차 아이오닉5와 팰리세이드, 기아 스포티지, 카니발, EV6 등 SUV(스포츠유틸리티차)를 비롯한 RV(레저용 차량)와 친환경차 인기가 미국 내 선전의 배경으로 꼽혔다.",TRUE,"현대차의 미국 시장 판매량이 처음으로 연간 90만대를 돌파했다는 내용은 특정 기업의 매출 및 실적 관련 정보로서, 이는 KOSIS에서 제공하는 국가 통계의 범주에 속하지 않습니다.",high,hcx,HCX-007,isclaim-v1.3-prev2-context,2026-08-05
A0019-C001,A0019,"여름 폭염으로 공급 줄어… 배추 가격 59%, 무 77% 올라",2025-01-06,https://www.chosun.com/economy/economy_general/2025/01/06/AKAFLQIYCBABRFMMXNI5JKO7EU,1,1,1,"지난해 여름 폭염 등의 영향으로 설 성수품인 배추, 무 등의 가격이 1년 전보다 1.5배 이상 비싼 것으로 나타났다.",,,"5일 한국농수산식품유통공사(aT)에 따르면, 지난 3일 기준 배추의 평균 소매가격은 한 포기에 5027원으로 1년 전, 평년과 비교해 각각 59%, 42% 올랐다.",TRUE,"설 성수품인 배추, 무 등의 가격이 1년 전보다 1.5배 이상 비싸다는 것은 KOSIS를 통해 물가나 농산물 가격 변동 데이터를 확인하여 검증할 수 있는 내용이다.",high,hcx,HCX-007,isclaim-v1.3-prev2-context,2026-08-05
A0019-C002,A0019,"여름 폭염으로 공급 줄어… 배추 가격 59%, 무 77% 올라",2025-01-06,https://www.chosun.com/economy/economy_general/2025/01/06/AKAFLQIYCBABRFMMXNI5JKO7EU,1,2,1,"5일 한국농수산식품유통공사(aT)에 따르면, 지난 3일 기준 배추의 평균 소매가격은 한 포기에 5027원으로 1년 전, 평년과 비교해 각각 59%, 42% 올랐다.","지난해 여름 폭염 등의 영향으로 설 성수품인 배추, 무 등의 가격이 1년 전보다 1.5배 이상 비싼 것으로 나타났다.",,평년 가격은 2020년부터 작년까지 소매가격 중 최대·최소를 제외한 3년 평균값을 의미한다.,TRUE,"현재 문장에서 배추의 평균 소매가격 상승률을 언급하며, 이는 KOSIS를 통해 검증 가능한 국내 집계 통계 정보이기 때문에 True로 판단합니다.",high,hcx,HCX-007,isclaim-v1.3-prev2-context,2026-08-05
A0019-C004,A0019,"여름 폭염으로 공급 줄어… 배추 가격 59%, 무 77% 올라",2025-01-06,https://www.chosun.com/economy/economy_general/2025/01/06/AKAFLQIYCBABRFMMXNI5JKO7EU,1,4,1,"무는 한 개에 3206원으로 1년 전보다 77% 비싸졌고, 평년보다 53% 가격이 올랐다.",평년 가격은 2020년부터 작년까지 소매가격 중 최대·최소를 제외한 3년 평균값을 의미한다.,"5일 한국농수산식품유통공사(aT)에 따르면, 지난 3일 기준 배추의 평균 소매가격은 한 포기에 5027원으로 1년 전, 평년과 비교해 각각 59%, 42% 올랐다.","배추, 무 등의 가격이 크게 오른 주된 원인으로 여름 폭염 등의 영향으로 공급이 감소한 것이 꼽힌다.",TRUE,"현재 문장은 무의 소매가격이 1년 전 및 평년에 비해 얼마나 상승했는지 구체적인 비율을 제시하며, 이는 KOSIS를 통해 검증 가능한 국내 집계 통계 정보이기 때문입니다.",high,hcx,HCX-007,isclaim-v1.3-prev2-context,2026-08-05
A0020-C001,A0020,대중-대미 수출 격차 21년 만 최소...트럼프 2기 미국 수출 1위 올라서나,2025-01-06,https://www.chosun.com/economy/economy_general/2025/01/06/BXDMXSYJWZDNDOGA5VONBDMCWY,1,1,1,지난해 한국의 대(對)중국 수출액과 대미국 수출액 간 격차가 21년 만에 최소치를 기록한 것으로 나타났다.,,,중국이 경기 부진을 겪는 가운데 ‘경제 자립’을 기치로 주요 부품을 자체 조달하면서 한중간 교역이 위축된 탓이다.,TRUE,"문장에서 지난해 한국과 중국 및 미국 간의 수출액 차이를 언급하며, 이는 국가 간 무역 통계를 나타내므로 KOSIS를 통해 검증 가능하다.",high,hcx,HCX-007,isclaim-v1.3-prev2-context,2026-08-05
A0020-C003,A0020,대중-대미 수출 격차 21년 만 최소...트럼프 2기 미국 수출 1위 올라서나,2025-01-06,https://www.chosun.com/economy/economy_general/2025/01/06/BXDMXSYJWZDNDOGA5VONBDMCWY,1,3,1,반면 미국과는 동맹 강화를 바탕으로 교역이 활발해지면서 대미 투자와 수출이 크게 늘었다.,중국이 경기 부진을 겪는 가운데 ‘경제 자립’을 기치로 주요 부품을 자체 조달하면서 한중간 교역이 위축된 탓이다.,지난해 한국의 대(對)중국 수출액과 대미국 수출액 간 격차가 21년 만에 최소치를 기록한 것으로 나타났다.,"6일 한국무역협회에 따르면, 지난해 대중 수출액은 1330억2600만달러로 전년 대비 6.6% 늘었다.",TRUE,"현재 문장은 한국과 미국 간의 교역 및 투자가 활발해져서 대미 수출이 크게 늘었다고 주장하며, 이는 국가 간 경제 활동의 변화를 나타내는 통계적인 내용으로 볼 수 있다.",high,hcx,HCX-007,isclaim-v1.3-prev2-context,2026-08-05
A0020-C004,A0020,대중-대미 수출 격차 21년 만 최소...트럼프 2기 미국 수출 1위 올라서나,2025-01-06,https://www.chosun.com/economy/economy_general/2025/01/06/BXDMXSYJWZDNDOGA5VONBDMCWY,1,4,1,"6일 한국무역협회에 따르면, 지난해 대중 수출액은 1330억2600만달러로 전년 대비 6.6% 늘었다.",반면 미국과는 동맹 강화를 바탕으로 교역이 활발해지면서 대미 투자와 수출이 크게 늘었다.,중국이 경기 부진을 겪는 가운데 ‘경제 자립’을 기치로 주요 부품을 자체 조달하면서 한중간 교역이 위축된 탓이다.,대미 수출액은 1277억9100만달러로 1년 전보다 10.45% 늘었다.,TRUE,"현재 문장은 한국의 대중 수출액이 전년 대비 증가한 수치적인 변화를 언급하고 있으며, 이는 국가 간 교역의 변화에 대한 구체적인 통계적 주장을 포함합니다.",high,hcx,HCX-007,isclaim-v1.3-prev2-context,2026-08-05
A0020-C005,A0020,대중-대미 수출 격차 21년 만 최소...트럼프 2기 미국 수출 1위 올라서나,2025-01-06,https://www.chosun.com/economy/economy_general/2025/01/06/BXDMXSYJWZDNDOGA5VONBDMCWY,1,5,1,대미 수출액은 1277억9100만달러로 1년 전보다 10.45% 늘었다.,"6일 한국무역협회에 따르면, 지난해 대중 수출액은 1330억2600만달러로 전년 대비 6.6% 늘었다.",반면 미국과는 동맹 강화를 바탕으로 교역이 활발해지면서 대미 투자와 수출이 크게 늘었다.,이에 따라 대중 수출액이 대미 수출액보다 52억3500만달러 더 많았다.,TRUE,"현재 문장은 대미 수출액이 1년 전에 비해 얼마나 증가했는지를 수치로 명확하게 제시하고 있으며, 이는 국가 간 교역 및 경제 관련 통계로서 KOSIS를 통해 검증 가능한 내용입니다.",high,hcx,HCX-007,isclaim-v1.3-prev2-context,2026-08-05
A0020-C006,A0020,대중-대미 수출 격차 21년 만 최소...트럼프 2기 미국 수출 1위 올라서나,2025-01-06,https://www.chosun.com/economy/economy_general/2025/01/06/BXDMXSYJWZDNDOGA5VONBDMCWY,1,6,1,이에 따라 대중 수출액이 대미 수출액보다 52억3500만달러 더 많았다.,대미 수출액은 1277억9100만달러로 1년 전보다 10.45% 늘었다.,"6일 한국무역협회에 따르면, 지난해 대중 수출액은 1330억2600만달러로 전년 대비 6.6% 늘었다.","지난 2003년 이후 대중 수출이 대미 수출을 뛰어 넘은 상황을 유지하고 있지만, 격차는 2003년(8억9000만달러) 이후 21년 만에 가장 작았다.",TRUE,"현재 문장은 대중 수출액과 대미 수출액을 비교하여 그 차이를 주장하는 내용으로, 이는 국가 간 무역 통계를 다루고 있습니다.",high,hcx,HCX-007,isclaim-v1.3-prev2-context,2026-08-05
A0020-C007,A0020,대중-대미 수출 격차 21년 만 최소...트럼프 2기 미국 수출 1위 올라서나,2025-01-06,https://www.chosun.com/economy/economy_general/2025/01/06/BXDMXSYJWZDNDOGA5VONBDMCWY,1,7,1,"지난 2003년 이후 대중 수출이 대미 수출을 뛰어 넘은 상황을 유지하고 있지만, 격차는 2003년(8억9000만달러) 이후 21년 만에 가장 작았다.",이에 따라 대중 수출액이 대미 수출액보다 52억3500만달러 더 많았다.,대미 수출액은 1277억9100만달러로 1년 전보다 10.45% 늘었다.,7년 전인 2018년까지만 해도 대중 수출액과 대미 수출액 간 격차는 894억500만달러에 달했다.,TRUE,"현재 문장은 대중 수출과 대미 수출 간의 차이를 언급하며, 이 차이가 2003년 이후 가장 작다는 내용을 포함하고 있습니다. 이는 국가 간 무역 통계를 비교하는 내용으로, KOSIS를 통해 대조 및 검증할 수 있는 정보입니다.",high,hcx,HCX-007,isclaim-v1.3-prev2-context,2026-08-05
A0020-C008,A0020,대중-대미 수출 격차 21년 만 최소...트럼프 2기 미국 수출 1위 올라서나,2025-01-06,https://www.chosun.com/economy/economy_general/2025/01/06/BXDMXSYJWZDNDOGA5VONBDMCWY,1,8,1,7년 전인 2018년까지만 해도 대중 수출액과 대미 수출액 간 격차는 894억500만달러에 달했다.,"지난 2003년 이후 대중 수출이 대미 수출을 뛰어 넘은 상황을 유지하고 있지만, 격차는 2003년(8억9000만달러) 이후 21년 만에 가장 작았다.",이에 따라 대중 수출액이 대미 수출액보다 52억3500만달러 더 많았다.,"그러나 이후 대미 수출액이 매년 역대 최대치를 갱신하며, 2022년(1097억6600만달러) 처음으로 1000억달러선을 넘어섰다.",TRUE,"현재 문장은 대중 수출액과 대미 수출액 간의 과거 격차에 대한 구체적인 수치를 제시하며, 이는 국가 간 무역 통계를 나타내므로 KOSIS를 통해 검증 가능하다.",high,hcx,HCX-007,isclaim-v1.3-prev2-context,2026-08-05
A0020-C009,A0020,대중-대미 수출 격차 21년 만 최소...트럼프 2기 미국 수출 1위 올라서나,2025-01-06,https://www.chosun.com/economy/economy_general/2025/01/06/BXDMXSYJWZDNDOGA5VONBDMCWY,1,9,1,"그러나 이후 대미 수출액이 매년 역대 최대치를 갱신하며, 2022년(1097억6600만달러) 처음으로 1000억달러선을 넘어섰다.",7년 전인 2018년까지만 해도 대중 수출액과 대미 수출액 간 격차는 894억500만달러에 달했다.,"지난 2003년 이후 대중 수출이 대미 수출을 뛰어 넘은 상황을 유지하고 있지만, 격차는 2003년(8억9000만달러) 이후 21년 만에 가장 작았다.",특히 지난해 반도체(122.8%)와 자동차(8.2%) 등 주요 품목들의 대미 수출이 활기를 띠면서 중국 뒤를 바짝 따라잡은 것이다.,TRUE,"현재 문장은 대미 수출액이 매년 역대 최대치를 갱신하여 2022년에 처음으로 1000억 달러를 넘어섰다는 내용을 포함하고 있으며, 이는 국가 간의 무역 통계를 나타내므로 KOSIS에서 검증 가능하다.",high,hcx,HCX-007,isclaim-v1.3-prev2-context,2026-08-05
A0020-C010,A0020,대중-대미 수출 격차 21년 만 최소...트럼프 2기 미국 수출 1위 올라서나,2025-01-06,https://www.chosun.com/economy/economy_general/2025/01/06/BXDMXSYJWZDNDOGA5VONBDMCWY,1,10,1,특히 지난해 반도체(122.8%)와 자동차(8.2%) 등 주요 품목들의 대미 수출이 활기를 띠면서 중국 뒤를 바짝 따라잡은 것이다.,"그러나 이후 대미 수출액이 매년 역대 최대치를 갱신하며, 2022년(1097억6600만달러) 처음으로 1000억달러선을 넘어섰다.",7년 전인 2018년까지만 해도 대중 수출액과 대미 수출액 간 격차는 894억500만달러에 달했다.,"대중 수출은 지난 2010년(1168억3800만달러)부터 1000억달러선을 넘어섰고, 2021년에는 1629억1300만달러까지 늘어났지만 이후 감소세가 눈에 띄었다.",TRUE,현재 문장은 반도체와 자동차 등의 주요 품목들이 미국으로 활발하게 수출되면서 중국의 뒤를 바짝 따라잡고 있다는 내용을 포함하고 있습니다.,high,hcx,HCX-007,isclaim-v1.3-prev2-context,2026-08-05
A0020-C011,A0020,대중-대미 수출 격차 21년 만 최소...트럼프 2기 미국 수출 1위 올라서나,2025-01-06,https://www.chosun.com/economy/economy_general/2025/01/06/BXDMXSYJWZDNDOGA5VONBDMCWY,1,11,1,"대중 수출은 지난 2010년(1168억3800만달러)부터 1000억달러선을 넘어섰고, 2021년에는 1629억1300만달러까지 늘어났지만 이후 감소세가 눈에 띄었다.",특히 지난해 반도체(122.8%)와 자동차(8.2%) 등 주요 품목들의 대미 수출이 활기를 띠면서 중국 뒤를 바짝 따라잡은 것이다.,"그러나 이후 대미 수출액이 매년 역대 최대치를 갱신하며, 2022년(1097억6600만달러) 처음으로 1000억달러선을 넘어섰다.","중국이 코로나 엔데믹(풍토병화) 이후 내수 부진의 늪에서 벗어나지 못하고 있는 데다, 완제품 생산에 필요한 중간재를 자체적으로 조달하고 나섰기 때문이다.",TRUE,"현재 문장은 대중 수출액의 변화에 대해 언급하고 있으며, 이는 국가 간 무역 통계를 다루는 내용으로 KOSIS에서 관련 데이터를 찾아볼 수 있을 것으로 판단됩니다.",high,hcx,HCX-007,isclaim-v1.3-prev2-context,2026-08-05
A0020-C016,A0020,대중-대미 수출 격차 21년 만 최소...트럼프 2기 미국 수출 1위 올라서나,2025-01-06,https://www.chosun.com/economy/economy_general/2025/01/06/BXDMXSYJWZDNDOGA5VONBDMCWY,1,16,1,이 경우 한국의 대중국 수출도 크게 위축될 수밖에 없다.,"실제 트럼프 미 대통령 당선인은 중국산 수입품을 대상으로 60% 세율의 관세 푹탄을 안기겠다고 공공연히 밝히고 있어, 미국 중심으로 공급망이 재편될 가능성이 높다.",미국 트럼프 2기 출범에 따라 미·중 갈등이 더욱 극심해질 경우 미국이 수출 대상국 1위 자리에 오를 수 있을 것이란 분석이 나온다.,,TRUE,"현재 문장은 미국의 정책 변화에 따른 한국의 대중국 수출이 위축될 것이라는 예측을 하고 있으며, 이는 국가 간 무역 및 경제 관련 통계로서 KOSIS에서 대조 가능한 내용이다.",high,hcx,HCX-007,isclaim-v1.3-prev2-context,2026-08-05
A0006-C006,A0006,고물가에 설선물 벅차다면…사전예약‧묶음판매 그나마 싸다,2025-01-05,https://www.chosun.com/economy/market_trend/2025/01/05/GAQ4BB4HOJEWNP5GGCUHQTHY7M,1,6,1,지난해 설 대비 10% 늘어난 5만여 세트를 예약판매 물량으로 준비했다.,신세계백화점은 오는 9일까지 21일간 2025년 설 선물세트를 예약 판매하고 있다.,대형마트 3사의 매출은 지난 설과 비슷한 수준이다.,"주요 품목 할인율로는 한우 5~10%, 굴비 20%, 청과 10%, 와인 50%, 건강식품 60% 등이다.",TRUE,"현재 문장은 지난해 설 대비 증가한 예약판매 물량을 언급하며, 이는 KOSIS를 통해 확인 가능한 통계적 변화로 볼 수 있습니다.",high,hcx,HCX-007,isclaim-v1.3-prev2-context,2026-08-05
A0022-C003,A0022,계엄 이후 얼어붙은 내수... 덜 먹고 덜 놀러갔다,2025-01-06,https://www.chosun.com/economy/economy_general/2025/01/06/UNEVPXHOQFFWRGCMGJ72EICGC4,1,3,1,"5일 통계청의 속보성 지표인 ‘나우캐스트’에 따르면, 작년 12월 둘째 주(7~13일) 전국 신용카드 이용 금액은 1년 전보다 3.1% 감소했다.","특히 외식과 숙박, 오락·문화 등 ‘먹고 놀고 즐기는’ 소비가 급감했다.","비상계엄과 탄핵소추, 항공기 참사 등 연이은 대형 사건·사고가 연말·연초 내수 경기 특수(特需)를 집어삼켰다.","직전 주인 11월 30일~12월 6일 카드 이용액은 전년 대비 7.3% 증가했는데, 1주일 만에 마이너스로 돌아선 것이다.",TRUE,"현재 문장은 통계청의 나우캐스트 데이터를 기반으로 작년 12월 둘째 주의 전국 신용카드 이용 금액이 1년 전보다 3.1% 감소했다고 주장하며, 이는 KOSIS에서 확인 가능한 통계 정보이므로 True로 판단된다.",high,hcx,HCX-007,isclaim-v1.3-prev2-context,2026-08-05
A0022-C004,A0022,계엄 이후 얼어붙은 내수... 덜 먹고 덜 놀러갔다,2025-01-06,https://www.chosun.com/economy/economy_general/2025/01/06/UNEVPXHOQFFWRGCMGJ72EICGC4,1,4,1,"직전 주인 11월 30일~12월 6일 카드 이용액은 전년 대비 7.3% 증가했는데, 1주일 만에 마이너스로 돌아선 것이다.","5일 통계청의 속보성 지표인 ‘나우캐스트’에 따르면, 작년 12월 둘째 주(7~13일) 전국 신용카드 이용 금액은 1년 전보다 3.1% 감소했다.","특히 외식과 숙박, 오락·문화 등 ‘먹고 놀고 즐기는’ 소비가 급감했다.","12월 둘째 주는 국회에서 윤석열 대통령에 대한 1차 탄핵안이 정족수 미달로 무산(12월 7일)된 뒤, 2차 탄핵안이 가결(14일)되기 직전까지 기간이다.",TRUE,"현재 문장은 신용카드 이용액의 변화에 대한 구체적인 수치를 포함하며, 이는 국가 경제 활동의 중요한 지표 중 하나로 KOSIS를 통해 검증될 수 있다.",high,hcx,HCX-007,isclaim-v1.3-prev2-context,2026-08-05
A0022-C008,A0022,계엄 이후 얼어붙은 내수... 덜 먹고 덜 놀러갔다,2025-01-06,https://www.chosun.com/economy/economy_general/2025/01/06/UNEVPXHOQFFWRGCMGJ72EICGC4,1,8,1,"부문별로는 오락·스포츠 및 문화(-7.4%), 숙박 서비스(-7.1%), 음식 및 음료서비스(-4.5%)의 소비가 더 큰 폭으로 줄었다.",계엄과 탄핵 추진 등 정국 혼란이 장기 부진에 빠져 있는 내수 경기 회복을 어렵게 할 것이라는 우려가 현실로 나타난 것이다.,"정치권에서 탄핵 찬반 논란이 치열하게 이어지고, 서울 여의도와 광화문에서 대규모 탄핵 찬반 집회가 열리던 때다.",소비가 그만큼 ‘엄숙’해진 것이다.,TRUE,"부문별 소비 감소율 (-7.4%, -7.1%, -4.5%)이 제시되어 있으며, 이는 KOSIS에서 관련 통계를 통해 대조 가능하다.",high,hcx,HCX-007,isclaim-v1.3-prev2-context,2026-08-05
A0022-C010,A0022,계엄 이후 얼어붙은 내수... 덜 먹고 덜 놀러갔다,2025-01-06,https://www.chosun.com/economy/economy_general/2025/01/06/UNEVPXHOQFFWRGCMGJ72EICGC4,1,10,1,연말 소비자심리지수는 코로나 사태 이후 4년 9개월 만에 가장 큰 폭으로 하락했다.,소비가 그만큼 ‘엄숙’해진 것이다.,"부문별로는 오락·스포츠 및 문화(-7.4%), 숙박 서비스(-7.1%), 음식 및 음료서비스(-4.5%)의 소비가 더 큰 폭으로 줄었다.",◇계엄 해제 안된 내수… 덜 먹고 덜 놀러갔다,TRUE,연말 소비자심리지수의 하락 여부는 국가통계포털(KOSIS)에서 관련 통계를 통해 확인할 수 있다.,high,hcx,HCX-007,isclaim-v1.3-prev2-context,2026-08-05
A0022-C020,A0022,계엄 이후 얼어붙은 내수... 덜 먹고 덜 놀러갔다,2025-01-06,https://www.chosun.com/economy/economy_general/2025/01/06/UNEVPXHOQFFWRGCMGJ72EICGC4,1,20,1,"김씨와 최씨처럼 국내 소비자들은 계엄 이후 외식과 숙박, 오락·스포츠 등에서 집중적으로 소비를 줄였다.",◇‘줄일 수 있는 소비’ 확 줄었다,최씨는 “‘계엄 정국’에선 연말 기분도 안 나는 데다 투자에서도 목돈을 잃어 최대한 절약하기로 했다”고 말했다.,"12월 둘째 주(12월 7~13일) 신용카드 총 이용액은 1년 전 대비 3.1% 감소했는데, 오락·스포츠 및 문화(-7.4%), 숙박 서비스(-7.1%), 음식 및 음료서비스(-4.5%) 등 분야에서는 더 줄었다.",TRUE,"국내 소비자들이 계엄 이후 외식, 숙박, 오락 및 스포츠 등의 분야에서 소비를 줄였다는 내용은 국내 경제 활동에 대한 변화를 나타내며, 이는 국가통계포털(KOSIS)에서 관련 통계를 통해 검증할 수 있을 것으로 보인다.",high,hcx,HCX-007,isclaim-v1.3-prev2-context,2026-08-05
A0022-C021,A0022,계엄 이후 얼어붙은 내수... 덜 먹고 덜 놀러갔다,2025-01-06,https://www.chosun.com/economy/economy_general/2025/01/06/UNEVPXHOQFFWRGCMGJ72EICGC4,1,21,1,"12월 둘째 주(12월 7~13일) 신용카드 총 이용액은 1년 전 대비 3.1% 감소했는데, 오락·스포츠 및 문화(-7.4%), 숙박 서비스(-7.1%), 음식 및 음료서비스(-4.5%) 등 분야에서는 더 줄었다.","김씨와 최씨처럼 국내 소비자들은 계엄 이후 외식과 숙박, 오락·스포츠 등에서 집중적으로 소비를 줄였다.",◇‘줄일 수 있는 소비’ 확 줄었다,"영화·연극 표값, 스포츠 경기 입장료, 놀이공원과 레포츠 시설 이용료, 호텔이나 리조트 숙박비, 회사 회식비 또는 가족 외식비 등으로 쓰는 돈이 확 줄었다는 얘기다.",TRUE,"신용카드 총 이용액과 각 분야의 소비 감소율을 제시하며, 이는 국내 소비 패턴 변화에 대한 통계적인 정보를 제공하므로 KOSIS에서 관련 통계를 찾아볼 수 있다.",high,hcx,HCX-007,isclaim-v1.3-prev2-context,2026-08-05
A0022-C022,A0022,계엄 이후 얼어붙은 내수... 덜 먹고 덜 놀러갔다,2025-01-06,https://www.chosun.com/economy/economy_general/2025/01/06/UNEVPXHOQFFWRGCMGJ72EICGC4,1,22,1,"영화·연극 표값, 스포츠 경기 입장료, 놀이공원과 레포츠 시설 이용료, 호텔이나 리조트 숙박비, 회사 회식비 또는 가족 외식비 등으로 쓰는 돈이 확 줄었다는 얘기다.","12월 둘째 주(12월 7~13일) 신용카드 총 이용액은 1년 전 대비 3.1% 감소했는데, 오락·스포츠 및 문화(-7.4%), 숙박 서비스(-7.1%), 음식 및 음료서비스(-4.5%) 등 분야에서는 더 줄었다.","김씨와 최씨처럼 국내 소비자들은 계엄 이후 외식과 숙박, 오락·스포츠 등에서 집중적으로 소비를 줄였다.","반면 같은 기간 의류 및 신발(2.9%), 교육 서비스(5.7%), 식료품 및 음료(2.7%) 부문에서는 1년 전 대비 카드 이용액이 늘었다.",TRUE,"현재 문장은 영화·연극 표값, 스포츠 경기 입장료, 놀이공원과 레포츠 시설 이용료, 호텔이나 리조트 숙박비 등의 비용이 줄어들었다고 언급하며 이는 KOSIS에서 관련 통계를 통해 확인 가능한 내용이다.",high,hcx,HCX-007,isclaim-v1.3-prev2-context,2026-08-05
A0022-C023,A0022,계엄 이후 얼어붙은 내수... 덜 먹고 덜 놀러갔다,2025-01-06,https://www.chosun.com/economy/economy_general/2025/01/06/UNEVPXHOQFFWRGCMGJ72EICGC4,1,23,1,"반면 같은 기간 의류 및 신발(2.9%), 교육 서비스(5.7%), 식료품 및 음료(2.7%) 부문에서는 1년 전 대비 카드 이용액이 늘었다.","영화·연극 표값, 스포츠 경기 입장료, 놀이공원과 레포츠 시설 이용료, 호텔이나 리조트 숙박비, 회사 회식비 또는 가족 외식비 등으로 쓰는 돈이 확 줄었다는 얘기다.","12월 둘째 주(12월 7~13일) 신용카드 총 이용액은 1년 전 대비 3.1% 감소했는데, 오락·스포츠 및 문화(-7.4%), 숙박 서비스(-7.1%), 음식 및 음료서비스(-4.5%) 등 분야에서는 더 줄었다.",이는 경기와 관계 없이 꾸준히 수요가 유지되는 분야다.,TRUE,"현재 문장은 신용카드 총 이용액 중 특정 부문에서의 변화를 언급하며, 이는 KOSIS를 통해 관련 통계를 확인할 수 있는 내용이다.",high,hcx,HCX-007,isclaim-v1.3-prev2-context,2026-08-05
A0022-C027,A0022,계엄 이후 얼어붙은 내수... 덜 먹고 덜 놀러갔다,2025-01-06,https://www.chosun.com/economy/economy_general/2025/01/06/UNEVPXHOQFFWRGCMGJ72EICGC4,1,27,1,"전체 신용카드 이용액은 1년 전 대비 2.8% 늘어났지만, 외식·숙박·오락 소비는 줄어든 것이다.",12월 둘째 주에 이어 12월 셋째 주(14~20일)에도 ‘덜 놀고 덜 즐기는’ 추세는 이어졌다.,통계 당국 관계자는 “소비자들이 계엄 이후 ‘줄일 수 있는 소비’는 최대한 줄인 것으로 보인다”며 “‘외식 소비’가 줄어든 반면 ‘식료품 소비’는 늘어난 것은 그만큼 밖에서 사 먹기보다 식재료를 가지고 집에서 만들어 먹었다는 뜻”이라고 말했다.,"셋째 주 신용카드 소비를 분야별로 보면 숙박 서비스는 1년 전 대비 8.3% 줄었고, 오락·스포츠 및 문화(-5.9%), 음식 및 음료서비스(-0.3%)에서도 감소세가 계속됐다.",TRUE,"현재 문장은 전체 신용카드 이용액의 변화 및 외식, 숙박, 오락 소비의 변화에 대한 구체적인 수치를 포함하고 있으며, 이는 국가 경제 활동과 관련된 통계로서 KOSIS를 통해 검증될 수 있다.",high,hcx,HCX-007,isclaim-v1.3-prev2-context,2026-08-05
A0022-C028,A0022,계엄 이후 얼어붙은 내수... 덜 먹고 덜 놀러갔다,2025-01-06,https://www.chosun.com/economy/economy_general/2025/01/06/UNEVPXHOQFFWRGCMGJ72EICGC4,1,28,1,"셋째 주 신용카드 소비를 분야별로 보면 숙박 서비스는 1년 전 대비 8.3% 줄었고, 오락·스포츠 및 문화(-5.9%), 음식 및 음료서비스(-0.3%)에서도 감소세가 계속됐다.","전체 신용카드 이용액은 1년 전 대비 2.8% 늘어났지만, 외식·숙박·오락 소비는 줄어든 것이다.",12월 둘째 주에 이어 12월 셋째 주(14~20일)에도 ‘덜 놀고 덜 즐기는’ 추세는 이어졌다.,소비 감소는 다른 지표에서도 확인된다.,TRUE,"현재 문장은 신용카드 소비 분야에서 숙박 서비스, 오락·스포츠 및 문화, 음식 및 음료 서비스의 감소세를 언급하며, 이는 KOSIS 국가통계포털에서 관련 통계를 통해 검증할 수 있는 내용이다.",high,hcx,HCX-007,isclaim-v1.3-prev2-context,2026-08-05
A0022-C030,A0022,계엄 이후 얼어붙은 내수... 덜 먹고 덜 놀러갔다,2025-01-06,https://www.chosun.com/economy/economy_general/2025/01/06/UNEVPXHOQFFWRGCMGJ72EICGC4,1,30,1,소비 심리를 나타내는 소비자심리지수(CCSI)는 12월 88.4로 전월보다 12.3포인트 급락했다.,소비 감소는 다른 지표에서도 확인된다.,"셋째 주 신용카드 소비를 분야별로 보면 숙박 서비스는 1년 전 대비 8.3% 줄었고, 오락·스포츠 및 문화(-5.9%), 음식 및 음료서비스(-0.3%)에서도 감소세가 계속됐다.",이는 코로나 사태 때인 2020년 3월(-18.3포인트) 이후 최대 폭 하락이다.,TRUE,소비자심리지수(CCSI)가 12월에 88.4로 전월보다 12.3포인트 하락했다는 내용은 KOSIS 국가통계포털에서 관련 통계를 통해 검증할 수 있는 내용입니다.,high,hcx,HCX-007,isclaim-v1.3-prev2-context,2026-08-05
A0022-C031,A0022,계엄 이후 얼어붙은 내수... 덜 먹고 덜 놀러갔다,2025-01-06,https://www.chosun.com/economy/economy_general/2025/01/06/UNEVPXHOQFFWRGCMGJ72EICGC4,1,31,1,이는 코로나 사태 때인 2020년 3월(-18.3포인트) 이후 최대 폭 하락이다.,소비 심리를 나타내는 소비자심리지수(CCSI)는 12월 88.4로 전월보다 12.3포인트 급락했다.,소비 감소는 다른 지표에서도 확인된다.,"◇자영업자 고통은 가중 소비자들이 지갑을 동여매자, 안 그래도 역대급 내수 부진에 시달리고 있던 자영업자들의 고통은 더 커지고 있다.",TRUE,"소비자심리지수(CCSI)의 변동폭이 언급되어 있으며, 이는 KOSIS를 통해 대조 가능한 국내 집계 통계에 해당합니다.",high,hcx,HCX-007,isclaim-v1.3-prev2-context,2026-08-05
A0022-C036,A0022,계엄 이후 얼어붙은 내수... 덜 먹고 덜 놀러갔다,2025-01-06,https://www.chosun.com/economy/economy_general/2025/01/06/UNEVPXHOQFFWRGCMGJ72EICGC4,1,36,1,최근 우리 경제의 내수 지표는 ‘부진 일변도’ 분위기다.,"이 가게 사장은 “안 그래도 최근 몇 개월간 손님이 줄어 힘들었는데, 결정타를 맞은 느낌”이라고 했다.",특히 계엄 사태 후 첫 주말이었던 지난달 7일 저녁 예약은 90% 줄었다.,"대표적인 내수경기 지표인 소매판매액지수는 2024년 3분기 100.6으로 1년 전보다 1.9% 감소했는데, 2022년 2분기(-0.2%) 이래 10개 분기 연속으로 감소세가 이어지는 중이다.",TRUE,현재 문장은 '내수 지표가 부진하다'라는 경제적 상황을 언급하며 이는 국가 경제 관련 통계로서 KOSIS에서 확인 가능한 내용이다.,high,hcx,HCX-007,isclaim-v1.3-prev2-context,2026-08-05
A0022-C037,A0022,계엄 이후 얼어붙은 내수... 덜 먹고 덜 놀러갔다,2025-01-06,https://www.chosun.com/economy/economy_general/2025/01/06/UNEVPXHOQFFWRGCMGJ72EICGC4,1,37,1,"대표적인 내수경기 지표인 소매판매액지수는 2024년 3분기 100.6으로 1년 전보다 1.9% 감소했는데, 2022년 2분기(-0.2%) 이래 10개 분기 연속으로 감소세가 이어지는 중이다.",최근 우리 경제의 내수 지표는 ‘부진 일변도’ 분위기다.,"이 가게 사장은 “안 그래도 최근 몇 개월간 손님이 줄어 힘들었는데, 결정타를 맞은 느낌”이라고 했다.",1995년 관련 통계 작성 이래 최장 기록이다.,TRUE,"현재 문장은 소매판매액지수라는 구체적인 내수경기 지표가 언급되며, 그 지표가 1년 전에 비해 1.9% 감소했고, 이러한 감소세가 지속되고 있다는 내용을 포함합니다.",high,hcx,HCX-007,isclaim-v1.3-prev2-context,2026-08-05
A0023-C001,A0023,환율 방어 쓰였지만...지난달 외환보유액 2억 달러↑,2025-01-06,https://www.chosun.com/economy/economy_general/2025/01/06/YNGVH2UQHNG7HBDXBGVNC3SXYU,1,1,1,"작년 12월 환율 방어를 위해 외환보유액이 쓰였지만, 전체 외환보유액은 전달에 비해 오히려 늘어난 것으로 나타났다.",,,다만 연말 기준으로는 2019년 말 이후 5년 만에 최소 수준이다.,TRUE,"문장에서 '작년 12월 환율 방어를 위해 외환보유액이 쓰였지만, 전체 외환보유액은 전달에 비해 오히려 늘어난 것으로 나타났다.'라는 내용은 외환보유액의 변화에 대한 구체적인 정보를 제공하고 있으며, 이는 국가 경제 관련 통계로서 KOSIS에서 확인 가능한 정보입니다.",high,hcx,HCX-007,isclaim-v1.3-prev2-context,2026-08-05
A0023-C002,A0023,환율 방어 쓰였지만...지난달 외환보유액 2억 달러↑,2025-01-06,https://www.chosun.com/economy/economy_general/2025/01/06/YNGVH2UQHNG7HBDXBGVNC3SXYU,1,2,1,다만 연말 기준으로는 2019년 말 이후 5년 만에 최소 수준이다.,"작년 12월 환율 방어를 위해 외환보유액이 쓰였지만, 전체 외환보유액은 전달에 비해 오히려 늘어난 것으로 나타났다.",,한국은행이 6일 발표한 외환보유액 통계에 따르면 작년 12월말 기준 우리나라 외환보유액은 4156억달러(약 711조7632억원)으로 집계 됐다.,TRUE,연말 기준 외환보유액의 규모가 2019년 말 이후 5년 만에 최소 수준이라는 것은 국가 경제 관련 통계로서 KOSIS를 통해 검증 가능하다.,high,hcx,HCX-007,isclaim-v1.3-prev2-context,2026-08-05
A0023-C003,A0023,환율 방어 쓰였지만...지난달 외환보유액 2억 달러↑,2025-01-06,https://www.chosun.com/economy/economy_general/2025/01/06/YNGVH2UQHNG7HBDXBGVNC3SXYU,1,3,1,한국은행이 6일 발표한 외환보유액 통계에 따르면 작년 12월말 기준 우리나라 외환보유액은 4156억달러(약 711조7632억원)으로 집계 됐다.,다만 연말 기준으로는 2019년 말 이후 5년 만에 최소 수준이다.,"작년 12월 환율 방어를 위해 외환보유액이 쓰였지만, 전체 외환보유액은 전달에 비해 오히려 늘어난 것으로 나타났다.",11월말(4153억달9000만달러)보다 2억1000만달러 늘어난 것이다.,TRUE,"현재 문장은 한국의 외환보유액이라는 구체적인 수치 정보를 포함하고 있으며, 이는 국가 경제 관련 통계로서 KOSIS에서 확인 가능한 정보입니다.",high,hcx,HCX-007,isclaim-v1.3-prev2-context,2026-08-05
A0023-C004,A0023,환율 방어 쓰였지만...지난달 외환보유액 2억 달러↑,2025-01-06,https://www.chosun.com/economy/economy_general/2025/01/06/YNGVH2UQHNG7HBDXBGVNC3SXYU,1,4,1,11월말(4153억달9000만달러)보다 2억1000만달러 늘어난 것이다.,한국은행이 6일 발표한 외환보유액 통계에 따르면 작년 12월말 기준 우리나라 외환보유액은 4156억달러(약 711조7632억원)으로 집계 됐다.,다만 연말 기준으로는 2019년 말 이후 5년 만에 최소 수준이다.,앞서 전달 달러화 대비 원화 환율이 1460원대를 넘나들면서 당국이 환율 방어에 나서자 일각에서는 외환보유액이 크게 줄어들 수 있다는 위기론이 제기됐다.,TRUE,"현재 문장은 외환보유액이 11월 말에 비해 12월 말에 얼마나 증가했는지를 나타내는 구체적인 수치 변화를 포함하고 있으며, 이는 국가 경제 관련 통계로서 KOSIS를 통해 검증 가능하다.",high,hcx,HCX-007,isclaim-v1.3-prev2-context,2026-08-05
A0023-C007,A0023,환율 방어 쓰였지만...지난달 외환보유액 2억 달러↑,2025-01-06,https://www.chosun.com/economy/economy_general/2025/01/06/YNGVH2UQHNG7HBDXBGVNC3SXYU,1,7,1,한은 관계자는 “그럼에도 분기말 효과로 금융기관의 외화 예수금이 늘고 외환보유액 운용 수익도 더해지면서 전 달에 비해 외환보유액이 늘었다”고 설명했다.,"여기에 달러화 강세로, 달러로 환산한 다른 외화자산인 유로·엔 등의 금액이 줄면서 외환보유액이 줄어드는 요인으로 작용했다.",앞서 전달 달러화 대비 원화 환율이 1460원대를 넘나들면서 당국이 환율 방어에 나서자 일각에서는 외환보유액이 크게 줄어들 수 있다는 위기론이 제기됐다.,지난 달 외환보유액이 늘어나는 데는 금융기관의 외화예수금 영향이 컸다.,TRUE,분기말 효과로 인해 금융기관의 외화 예수금이 증가하고 외환보유액 운용 수익이 더해져 외환보유액이 증가했다는 내용은 국내 경제 및 통화 관련 통계로서 KOSIS를 통해 검증 가능하다.,high,hcx,HCX-007,isclaim-v1.3-prev2-context,2026-08-05
A0023-C008,A0023,환율 방어 쓰였지만...지난달 외환보유액 2억 달러↑,2025-01-06,https://www.chosun.com/economy/economy_general/2025/01/06/YNGVH2UQHNG7HBDXBGVNC3SXYU,1,8,1,지난 달 외환보유액이 늘어나는 데는 금융기관의 외화예수금 영향이 컸다.,한은 관계자는 “그럼에도 분기말 효과로 금융기관의 외화 예수금이 늘고 외환보유액 운용 수익도 더해지면서 전 달에 비해 외환보유액이 늘었다”고 설명했다.,"여기에 달러화 강세로, 달러로 환산한 다른 외화자산인 유로·엔 등의 금액이 줄면서 외환보유액이 줄어드는 요인으로 작용했다.",은행 등 금융기관들은 한은에 외화 예금을 예치할 수 있다.,TRUE,현재 문장은 지난달 외환보유액의 변화에 대해 언급하며 그 원인으로 금융기관의 외화예수금을 지적합니다. 이는 국내 경제 관련 통계 정보로서 KOSIS를 통해 검증 가능합니다.,high,hcx,HCX-007,isclaim-v1.3-prev2-context,2026-08-05
A0023-C011,A0023,환율 방어 쓰였지만...지난달 외환보유액 2억 달러↑,2025-01-06,https://www.chosun.com/economy/economy_general/2025/01/06/YNGVH2UQHNG7HBDXBGVNC3SXYU,1,11,1,매 분기말 국제결제은행(BIS) 기준 위험자산 대비 자기자본비율을 고려해 은행 등이 보유 달러를 한은 계좌에 넣기 때문에 분기말마다 금융기관의 외화 예수금이 늘어나는 경향이 있다.,이는 안전자산으로 분류되기 때문에 금융기관 입장에서는 위험자산 비중을 줄이는 데 도움이 된다.,은행 등 금융기관들은 한은에 외화 예금을 예치할 수 있다.,"또, 한은 외자운용원이 외환보유액 운용을 통해 얻은 이익도 외환보유액이 늘어나는 데 영향을 줬다.",TRUE,"현재 문장은 매 분기말 BIS 기준 위험자산 대비 자기자본비율에 따라 은행 등의 외화 예수금이 늘어난다는 내용을 포함하며, 이는 금융기관의 행동 패턴 및 그에 따른 결과를 설명하므로 KOSIS 통계 자료와의 비교 가능성이 존재합니다.",high,hcx,HCX-007,isclaim-v1.3-prev2-context,2026-08-05
A0023-C013,A0023,환율 방어 쓰였지만...지난달 외환보유액 2억 달러↑,2025-01-06,https://www.chosun.com/economy/economy_general/2025/01/06/YNGVH2UQHNG7HBDXBGVNC3SXYU,1,13,1,"다만, 연말 외환보유액은 2019년 4088억2000만달러 이후 5년만에 최저다.","또, 한은 외자운용원이 외환보유액 운용을 통해 얻은 이익도 외환보유액이 늘어나는 데 영향을 줬다.",매 분기말 국제결제은행(BIS) 기준 위험자산 대비 자기자본비율을 고려해 은행 등이 보유 달러를 한은 계좌에 넣기 때문에 분기말마다 금융기관의 외화 예수금이 늘어나는 경향이 있다.,연말 외환보유액은 2021년 4631억2000만달러 이후 3년 연속 줄고 있다.,TRUE,"연말 외환보유액이 2019년 이후 5년 만에 최저라는 내용은 국가 경제 관련 통계 정보로서, KOSIS에서 해당 통계를 확인하여 검증할 수 있습니다.",high,hcx,HCX-007,isclaim-v1.3-prev2-context,2026-08-05
A0023-C014,A0023,환율 방어 쓰였지만...지난달 외환보유액 2억 달러↑,2025-01-06,https://www.chosun.com/economy/economy_general/2025/01/06/YNGVH2UQHNG7HBDXBGVNC3SXYU,1,14,1,연말 외환보유액은 2021년 4631억2000만달러 이후 3년 연속 줄고 있다.,"다만, 연말 외환보유액은 2019년 4088억2000만달러 이후 5년만에 최저다.","또, 한은 외자운용원이 외환보유액 운용을 통해 얻은 이익도 외환보유액이 늘어나는 데 영향을 줬다.",한은의 외환보유액 규모는 11월말 기준(4154억달러)로 세계 9위 수준이다.,TRUE,"연말 외환보유액의 변화에 대한 수치적인 정보를 제공하고 있으며, 이는 국가 경제 관련 통계로서 KOSIS에서 확인 가능한 내용입니다.",high,hcx,HCX-007,isclaim-v1.3-prev2-context,2026-08-05
A0025-C003,A0025,"그룹총수들 1년새 주식재산 6.6兆 감소… 이재용 3조, 김범수 2.2조↓",2025-01-06,https://www.chosun.com/economy/industry-company/2025/01/06/5M7OQPWRUZEMJMDSCU53JKZEJE,1,3,1,"조사 대상 총수의 올해 초 주식평가액은 58조1584억원(지난 2일 종가 기준)으로, 작년 초의 64조7728억원 대비 1년 새 6조6144억원 줄었다.",기업분석전문 한국CXO연구소는 공정거래위원회 지정 88개 대기업집단 중 2025년 초 기준 주식평가액 1000억원 이상의 그룹 총수를 대상으로 조사한 결과 이같이 나타났다고 6일 밝혔다.,지난해 주가 하락으로 주요 그룹 총수 10명 중 6명꼴로 주식 자산 가치가 감소했다는 조사 결과가 나왔다.,감소율은 10.2%다.,TRUE,"주식평가액이 작년 초 대비 얼마나 줄었는지 구체적인 금액 변화를 제시하며, 이는 KOSIS를 통해 대조 가능한 국내 집계 통계 정보로 볼 수 있다.",high,hcx,HCX-007,isclaim-v1.3-prev2-context,2026-08-05
A0025-C004,A0025,"그룹총수들 1년새 주식재산 6.6兆 감소… 이재용 3조, 김범수 2.2조↓",2025-01-06,https://www.chosun.com/economy/industry-company/2025/01/06/5M7OQPWRUZEMJMDSCU53JKZEJE,1,4,1,감소율은 10.2%다.,"조사 대상 총수의 올해 초 주식평가액은 58조1584억원(지난 2일 종가 기준)으로, 작년 초의 64조7728억원 대비 1년 새 6조6144억원 줄었다.",기업분석전문 한국CXO연구소는 공정거래위원회 지정 88개 대기업집단 중 2025년 초 기준 주식평가액 1000억원 이상의 그룹 총수를 대상으로 조사한 결과 이같이 나타났다고 6일 밝혔다.,"조사 대상 44명 중 28명(63.6%)은 주식 가치가 하락했고, 16명(36.4%)은 상승했다.",TRUE,"주식평가액의 감소율을 언급하며, 이는 KOSIS에서 관련 통계를 통해 검증할 수 있는 내용이다.",high,hcx,HCX-007,isclaim-v1.3-prev2-context,2026-08-05
A0025-C005,A0025,"그룹총수들 1년새 주식재산 6.6兆 감소… 이재용 3조, 김범수 2.2조↓",2025-01-06,https://www.chosun.com/economy/industry-company/2025/01/06/5M7OQPWRUZEMJMDSCU53JKZEJE,1,5,1,"조사 대상 44명 중 28명(63.6%)은 주식 가치가 하락했고, 16명(36.4%)은 상승했다.",감소율은 10.2%다.,"조사 대상 총수의 올해 초 주식평가액은 58조1584억원(지난 2일 종가 기준)으로, 작년 초의 64조7728억원 대비 1년 새 6조6144억원 줄었다.",최근 1년 새 주식재산 감소율이 가장 큰 총수는 이동채 에코프로 창업자 겸 상임고문이었다.,TRUE,"현재 문장은 조사 대상 44명 중 몇 명이 주식 가치의 상승 및 하락했는지를 비율로 나타내고 있으며, 이는 집단 내 변화를 나타내는 통계적인 정보이므로 KOSIS를 통해 검증 가능하다.",high,hcx,HCX-007,isclaim-v1.3-prev2-context,2026-08-05
A0025-C007,A0025,"그룹총수들 1년새 주식재산 6.6兆 감소… 이재용 3조, 김범수 2.2조↓",2025-01-06,https://www.chosun.com/economy/industry-company/2025/01/06/5M7OQPWRUZEMJMDSCU53JKZEJE,1,7,1,주식 가치가 작년 초 3조1995억원에서 올초 1조3841억원으로 56.7% 감소했다.,최근 1년 새 주식재산 감소율이 가장 큰 총수는 이동채 에코프로 창업자 겸 상임고문이었다.,"조사 대상 44명 중 28명(63.6%)은 주식 가치가 하락했고, 16명(36.4%)은 상승했다.","이용한 원익 회장(2390억원1297억원, 45.7%↓), 김범수 카카오 창업자(6조1186억원3조9527억원, 35.4%↓), 김홍국 하림 회장(1938억원1323억원, 31.7%↓)도 주식 재산이 30% 이상 줄었다.",TRUE,"주식 가치의 변화가 수치로 명시되어 있으며, 이는 국가 경제나 산업 동향과 관련된 정보로서 KOSIS에서 관련 통계를 찾아볼 수 있을 것으로 판단됩니다.",high,hcx,HCX-007,isclaim-v1.3-prev2-context,2026-08-05
A0025-C011,A0025,"그룹총수들 1년새 주식재산 6.6兆 감소… 이재용 3조, 김범수 2.2조↓",2025-01-06,https://www.chosun.com/economy/industry-company/2025/01/06/5M7OQPWRUZEMJMDSCU53JKZEJE,1,11,1,㈜두산의 주가 상승에 힘입어 평가액이 작년 초 1212억원에서 올해 초 3456억원으로 185.1% 증가했다.,반면 주식평가액 증가율 1위는 박정원 두산 회장이었다.,금액 기준으로는 주식 재산 1위인 이재용 삼성전자 회장의 평가액이 14조8673억원에서 11조9099억원으로 2조9574억원 줄어 감소 폭이 가장 컸다.,경영권 분쟁을 겪고있는 영풍 장형진 고문의 주식평가액은 고려아연의 주가 상승 영향으로 작년 초 3843억원에서 올해 초 7023억원으로 82.8% 뛰었다.,TRUE,"㈜두산의 주가 상승에 따른 평가액 증가율을 언급하며, 이는 KOSIS에서 관련 통계를 통해 대조할 수 있는 내용이기 때문에 True로 판단합니다.",high,hcx,HCX-007,isclaim-v1.3-prev2-context,2026-08-05
A0025-C012,A0025,"그룹총수들 1년새 주식재산 6.6兆 감소… 이재용 3조, 김범수 2.2조↓",2025-01-06,https://www.chosun.com/economy/industry-company/2025/01/06/5M7OQPWRUZEMJMDSCU53JKZEJE,1,12,1,경영권 분쟁을 겪고있는 영풍 장형진 고문의 주식평가액은 고려아연의 주가 상승 영향으로 작년 초 3843억원에서 올해 초 7023억원으로 82.8% 뛰었다.,㈜두산의 주가 상승에 힘입어 평가액이 작년 초 1212억원에서 올해 초 3456억원으로 185.1% 증가했다.,반면 주식평가액 증가율 1위는 박정원 두산 회장이었다.,"오일선 한국CXO연구소장은 “44개 그룹 총수가 보유한 주식 종목은 140개 정도인데, 이 중 70% 정도가 최근 1년 새 주식 가치가 하락하면서 총수의 주식재산도 전반적으로 감소세를 피하지 못했다”고 했다.",TRUE,"현재 문장은 특정 기업의 주식평가액 증가율을 언급하며, 이는 KOSIS에서 해당 기업의 주가와 관련된 통계를 통해 검증할 수 있는 내용이기 때문에 True로 판단합니다.",high,hcx,HCX-007,isclaim-v1.3-prev2-context,2026-08-05
A0025-C013,A0025,"그룹총수들 1년새 주식재산 6.6兆 감소… 이재용 3조, 김범수 2.2조↓",2025-01-06,https://www.chosun.com/economy/industry-company/2025/01/06/5M7OQPWRUZEMJMDSCU53JKZEJE,1,13,1,"오일선 한국CXO연구소장은 “44개 그룹 총수가 보유한 주식 종목은 140개 정도인데, 이 중 70% 정도가 최근 1년 새 주식 가치가 하락하면서 총수의 주식재산도 전반적으로 감소세를 피하지 못했다”고 했다.",경영권 분쟁을 겪고있는 영풍 장형진 고문의 주식평가액은 고려아연의 주가 상승 영향으로 작년 초 3843억원에서 올해 초 7023억원으로 82.8% 뛰었다.,㈜두산의 주가 상승에 힘입어 평가액이 작년 초 1212억원에서 올해 초 3456억원으로 185.1% 증가했다.,,TRUE,"문장에서 '총수의 주식재산이 전반적으로 감소세를 피하지 못했다'는 내용은 국내 경제 및 기업의 주식 가치 변화에 대한 통계적인 주장을 포함하고 있으며, 이는 KOSIS를 통해 관련 통계를 대조하여 검증할 수 있을 것으로 보인다.",high,hcx,HCX-007,isclaim-v1.3-prev2-context,2026-08-05
A0026-C002,A0026,"반도체 수출, 中·홍콩 비율 9%p 이상 줄어",2025-01-06,https://www.chosun.com/economy/industry-company/2025/01/06/BMVO4ZZBRRFZ7NTLK4INPJWIF4,1,2,1,"최근 중국(홍콩 포함) 비율이 크게 줄고 미국과 대만, 베트남 수출 비율은 확대되고 있다.",우리나라 수출의 20%가량을 맡고 있는 핵심 품목인 반도체의 ‘수출 지형도’가 눈에 띄게 변한 것으로 나타났다.,,"미·중 갈등과 세계 IT 제조 기업의 탈(脫)중국 흐름, 미국의 인공지능(AI)용 반도체 수요 증가 등이 영향을 줬다.",TRUE,"현재 문장은 반도체 수출의 국가별 비율 변화에 대한 내용을 담고 있으며, 이는 국내 집계 통계로서 KOSIS를 통해 대조 및 검증 가능하다.",high,hcx,HCX-007,isclaim-v1.3-prev2-context,2026-08-05
A0026-C004,A0026,"반도체 수출, 中·홍콩 비율 9%p 이상 줄어",2025-01-06,https://www.chosun.com/economy/industry-company/2025/01/06/BMVO4ZZBRRFZ7NTLK4INPJWIF4,1,4,1,미국의 대중 수출 규제가 갈수록 심해지는 상황에서 중국이 반도체 자립에 나서고 있는 만큼 앞으로는 우리의 중국 수출 비율이 더 줄어들 것이라는 전망이 나온다.,"미·중 갈등과 세계 IT 제조 기업의 탈(脫)중국 흐름, 미국의 인공지능(AI)용 반도체 수요 증가 등이 영향을 줬다.","최근 중국(홍콩 포함) 비율이 크게 줄고 미국과 대만, 베트남 수출 비율은 확대되고 있다.","5일 산업통상자원부와 한국무역협회에 따르면 작년 1~11월 반도체 수출(1274억달러) 가운데 중국 비율은 33.3%, 홍콩 비율은 18.4%로 나타났다.",TRUE,현재 문장은 중국의 반도체 자립 노력과 미국 수출 규제 강화로 인해 한국의 중국 수출 비율이 줄어들 것이라는 예측을 하고 있습니다.,mid,hcx,HCX-007,isclaim-v1.3-prev2-context,2026-08-05
A0026-C005,A0026,"반도체 수출, 中·홍콩 비율 9%p 이상 줄어",2025-01-06,https://www.chosun.com/economy/industry-company/2025/01/06/BMVO4ZZBRRFZ7NTLK4INPJWIF4,1,5,1,"5일 산업통상자원부와 한국무역협회에 따르면 작년 1~11월 반도체 수출(1274억달러) 가운데 중국 비율은 33.3%, 홍콩 비율은 18.4%로 나타났다.",미국의 대중 수출 규제가 갈수록 심해지는 상황에서 중국이 반도체 자립에 나서고 있는 만큼 앞으로는 우리의 중국 수출 비율이 더 줄어들 것이라는 전망이 나온다.,"미·중 갈등과 세계 IT 제조 기업의 탈(脫)중국 흐름, 미국의 인공지능(AI)용 반도체 수요 증가 등이 영향을 줬다.","둘을 합해 51.7%로, 지난 2020년(61.1%)과 비교하면 4년 만에 9%포인트 이상 줄었다.",TRUE,"현재 문장은 한국의 반도체 수출 중 중국과 홍콩의 비율을 구체적인 수치로 제시하며, 이는 국가 통계의 일부로서 KOSIS를 통해 검증 가능하다.",high,hcx,HCX-007,isclaim-v1.3-prev2-context,2026-08-05
A0026-C006,A0026,"반도체 수출, 中·홍콩 비율 9%p 이상 줄어",2025-01-06,https://www.chosun.com/economy/industry-company/2025/01/06/BMVO4ZZBRRFZ7NTLK4INPJWIF4,1,6,1,"둘을 합해 51.7%로, 지난 2020년(61.1%)과 비교하면 4년 만에 9%포인트 이상 줄었다.","5일 산업통상자원부와 한국무역협회에 따르면 작년 1~11월 반도체 수출(1274억달러) 가운데 중국 비율은 33.3%, 홍콩 비율은 18.4%로 나타났다.",미국의 대중 수출 규제가 갈수록 심해지는 상황에서 중국이 반도체 자립에 나서고 있는 만큼 앞으로는 우리의 중국 수출 비율이 더 줄어들 것이라는 전망이 나온다.,업계에서는 홍콩으로 수출하는 반도체의 80~90%가 중국으로 들어가는 것으로 본다.,TRUE,"현재 문장은 한국의 반도체 수출 중 중국과 홍콩 비율을 언급하며, 이 비율이 2020년에 비해 줄었다고 주장합니다. 이는 KOSIS를 통해 확인 가능한 국내 집계 통계 정보입니다.",high,hcx,HCX-007,isclaim-v1.3-prev2-context,2026-08-05
A0026-C008,A0026,"반도체 수출, 中·홍콩 비율 9%p 이상 줄어",2025-01-06,https://www.chosun.com/economy/industry-company/2025/01/06/BMVO4ZZBRRFZ7NTLK4INPJWIF4,1,8,1,반면 미국과 미국의 ‘반도체 동맹’인 대만을 합한 수출 비율은 같은 기간 13.9%에서 21.7%로 8%포인트가량 올랐다.,업계에서는 홍콩으로 수출하는 반도체의 80~90%가 중국으로 들어가는 것으로 본다.,"둘을 합해 51.7%로, 지난 2020년(61.1%)과 비교하면 4년 만에 9%포인트 이상 줄었다.","미국 수출 비율(7.2%)은 큰 변화가 없었지만, 대만 수출 비율은 2020년 6.4%에서 지난해 14.5%로 급상승했다.",TRUE,"현재 문장은 반도체 수출 비율이 미국 및 대만과의 관계에서 증가한 것을 언급하며, 이는 국가 간 통계의 변화를 나타내므로 KOSIS를 통해 검증 가능하다.",high,hcx,HCX-007,isclaim-v1.3-prev2-context,2026-08-05
A0026-C009,A0026,"반도체 수출, 中·홍콩 비율 9%p 이상 줄어",2025-01-06,https://www.chosun.com/economy/industry-company/2025/01/06/BMVO4ZZBRRFZ7NTLK4INPJWIF4,1,9,1,"미국 수출 비율(7.2%)은 큰 변화가 없었지만, 대만 수출 비율은 2020년 6.4%에서 지난해 14.5%로 급상승했다.",반면 미국과 미국의 ‘반도체 동맹’인 대만을 합한 수출 비율은 같은 기간 13.9%에서 21.7%로 8%포인트가량 올랐다.,업계에서는 홍콩으로 수출하는 반도체의 80~90%가 중국으로 들어가는 것으로 본다.,SK하이닉스가 미국 엔비디아에 공급하는 HBM(고대역폭 메모리) 물량이 중간 제조 기지인 대만 수출로 잡힌 영향이 크다.,TRUE,"현재 문장은 반도체 수출 비율이 시간에 따라 변했다는 구체적인 통계를 포함하고 있으며, 이는 국가 간 비교 가능한 통계 자료로서 KOSIS를 통해 검증될 수 있다.",high,hcx,HCX-007,isclaim-v1.3-prev2-context,2026-08-05
A0026-C012,A0026,"반도체 수출, 中·홍콩 비율 9%p 이상 줄어",2025-01-06,https://www.chosun.com/economy/industry-company/2025/01/06/BMVO4ZZBRRFZ7NTLK4INPJWIF4,1,12,1,삼성전자 공장 이전 등의 영향으로 베트남 수출 비율도 2020년 11.6%에서 작년 12.9%로 증가했다.,대만 TSMC는 한국 HBM을 그래픽처리장치(GPU)와 함께 패키징해 엔비디아의 AI 가속기 제품을 제작한다.,SK하이닉스가 미국 엔비디아에 공급하는 HBM(고대역폭 메모리) 물량이 중간 제조 기지인 대만 수출로 잡힌 영향이 크다.,"지난 2019년 삼성전자는 한때 스마트폰 물량의 17%가량을 담당하던 중국 후이저우 공장을 폐쇄하고, 대신 베트남 생산 거점을 확대했다.",TRUE,베트남 수출 비율이 2020년 11.6%에서 작년 12.9%로 증가했다는 내용은 국가 간 교역 및 경제 관련 통계로서 KOSIS를 통해 검증 가능하다.,high,hcx,HCX-007,isclaim-v1.3-prev2-context,2026-08-05
A0026-C013,A0026,"반도체 수출, 中·홍콩 비율 9%p 이상 줄어",2025-01-06,https://www.chosun.com/economy/industry-company/2025/01/06/BMVO4ZZBRRFZ7NTLK4INPJWIF4,1,13,1,"지난 2019년 삼성전자는 한때 스마트폰 물량의 17%가량을 담당하던 중국 후이저우 공장을 폐쇄하고, 대신 베트남 생산 거점을 확대했다.",삼성전자 공장 이전 등의 영향으로 베트남 수출 비율도 2020년 11.6%에서 작년 12.9%로 증가했다.,대만 TSMC는 한국 HBM을 그래픽처리장치(GPU)와 함께 패키징해 엔비디아의 AI 가속기 제품을 제작한다.,전문가들은 미국의 중국 규제가 첨단 반도체에서 레거시(범용) 반도체로 확산하면서 한국의 대중국 반도체 수출 물량이 앞으로 더 낮아질 것으로 예상한다.,TRUE,"삼성전자의 중국 후이저우 공장 폐쇄 및 베트남 생산 거점 확대에 대한 내용은 국내 기업의 생산 변화에 관한 정보로서, 해당 변화가 국가 경제나 산업 구조에 미치는 영향을 분석하기 위해 KOSIS 통계 자료와 비교할 수 있다.",high,hcx,HCX-007,isclaim-v1.3-prev2-context,2026-08-05
A0026-C014,A0026,"반도체 수출, 中·홍콩 비율 9%p 이상 줄어",2025-01-06,https://www.chosun.com/economy/industry-company/2025/01/06/BMVO4ZZBRRFZ7NTLK4INPJWIF4,1,14,1,전문가들은 미국의 중국 규제가 첨단 반도체에서 레거시(범용) 반도체로 확산하면서 한국의 대중국 반도체 수출 물량이 앞으로 더 낮아질 것으로 예상한다.,"지난 2019년 삼성전자는 한때 스마트폰 물량의 17%가량을 담당하던 중국 후이저우 공장을 폐쇄하고, 대신 베트남 생산 거점을 확대했다.",삼성전자 공장 이전 등의 영향으로 베트남 수출 비율도 2020년 11.6%에서 작년 12.9%로 증가했다.,장상식 한국무역협회 국제무역통상연구원장은 “중국이 반도체 자립에 나서고 있는 데다가 세계 IT 기업이 동남아와 인도로 생산 기지를 옮기고 있어 앞으로 중국 비율은 더 낮아질 것으로 본다”고 말했다.,TRUE,"현재 문장은 전문가들이 한국의 대중국 반도체 수출 물량이 앞으로 더 낮아질 것이라고 예상한다는 내용으로, 이는 통계적인 변화를 예측하는 주장입니다.",high,hcx,HCX-007,isclaim-v1.3-prev2-context,2026-08-05
A0026-C015,A0026,"반도체 수출, 中·홍콩 비율 9%p 이상 줄어",2025-01-06,https://www.chosun.com/economy/industry-company/2025/01/06/BMVO4ZZBRRFZ7NTLK4INPJWIF4,1,15,1,장상식 한국무역협회 국제무역통상연구원장은 “중국이 반도체 자립에 나서고 있는 데다가 세계 IT 기업이 동남아와 인도로 생산 기지를 옮기고 있어 앞으로 중국 비율은 더 낮아질 것으로 본다”고 말했다.,전문가들은 미국의 중국 규제가 첨단 반도체에서 레거시(범용) 반도체로 확산하면서 한국의 대중국 반도체 수출 물량이 앞으로 더 낮아질 것으로 예상한다.,"지난 2019년 삼성전자는 한때 스마트폰 물량의 17%가량을 담당하던 중국 후이저우 공장을 폐쇄하고, 대신 베트남 생산 거점을 확대했다.",,TRUE,현재 문장은 중국의 반도체 자립 및 글로벌 IT 기업의 생산기지 이동으로 인해 한국의 대중국 반도체 수출 비율이 낮아질 것이라는 예측을 하고 있다.,high,hcx,HCX-007,isclaim-v1.3-prev2-context,2026-08-05
A0027-C002,A0027,전기차 ‘캐즘 쇼크’… 배터리 기업 10곳 영업익 반토막,2025-01-06,https://www.chosun.com/economy/industry-company/2025/01/06/BO3WGUVLFVHH3BXGQ3BHBBNZWU,1,2,1,"국내 1위 배터리 제조사인 LG에너지솔루션의 2024년 영업이익은 약 6984억원으로 전년(2조1632억원)의 3분의 1 수준으로 급감, 삼성SDI도 약 7692억원으로 전년(1조6334억원)의 절반 수준에 그칠 전망이다.",국내 배터리 업계 대표 기업의 2024년 영업이익 실적은 모두 ‘비상’이다.,,SK온이 포함된 SK이노베이션도 2136억원으로 전년(1조9039억원) 대비 9분의 1 수준으로 줄었다.,TRUE,"문장에서 LG에너지솔루션과 삼성SDI의 2024년 영업이익이 각각 전년 대비 얼마나 감소했는지를 구체적으로 언급하고 있으며, 이는 KOSIS를 통해 확인 가능한 국내 기업의 실적 관련 정보이므로 True로 판단된다.",high,hcx,HCX-007,isclaim-v1.3-prev2-context,2026-08-05
A0027-C003,A0027,전기차 ‘캐즘 쇼크’… 배터리 기업 10곳 영업익 반토막,2025-01-06,https://www.chosun.com/economy/industry-company/2025/01/06/BO3WGUVLFVHH3BXGQ3BHBBNZWU,1,3,1,SK온이 포함된 SK이노베이션도 2136억원으로 전년(1조9039억원) 대비 9분의 1 수준으로 줄었다.,"국내 1위 배터리 제조사인 LG에너지솔루션의 2024년 영업이익은 약 6984억원으로 전년(2조1632억원)의 3분의 1 수준으로 급감, 삼성SDI도 약 7692억원으로 전년(1조6334억원)의 절반 수준에 그칠 전망이다.",국내 배터리 업계 대표 기업의 2024년 영업이익 실적은 모두 ‘비상’이다.,실제 경영 실적은 장부 숫자 이상으로 나쁘다.,TRUE,"SK이노베이션의 2024년 영업이익이 전년 대비 크게 감소했다는 내용을 포함하며, 이는 국내 집계 통계로서 KOSIS를 통해 대조 및 검증 가능하다.",high,hcx,HCX-007,isclaim-v1.3-prev2-context,2026-08-05
A0027-C006,A0027,전기차 ‘캐즘 쇼크’… 배터리 기업 10곳 영업익 반토막,2025-01-06,https://www.chosun.com/economy/industry-company/2025/01/06/BO3WGUVLFVHH3BXGQ3BHBBNZWU,1,6,1,한때 코스닥 시가총액 1위를 기록하며 승승장구했던 배터리 소재 기업 에코프로비엠은 2023년 2952억원 흑자에서 작년엔 약 400억원 적자가 예상된다.,미국 정부가 미국 현지에서 생산을 하는 대가로 주는 IRA(인플레이션 감축법) 보조금을 제외하면 사실상 ‘적자’로 추정된다.,실제 경영 실적은 장부 숫자 이상으로 나쁘다.,반도체 불황에도 한국 산업을 이끌었던 전기차·배터리 산업 생태계가 급격히 무너지고 있다.,TRUE,"현재 문장은 에코프로비엠의 재무 실적 변화에 대한 구체적인 수치 정보를 포함하고 있으며, 이는 기업의 매출 및 이익 변동으로서 국가 경제나 산업 동향 분석에 활용될 수 있는 정보이므로 KOSIS를 통해 관련 통계를 대조하여 검증할 수 있다.",high,hcx,HCX-007,isclaim-v1.3-prev2-context,2026-08-05
A0027-C008,A0027,전기차 ‘캐즘 쇼크’… 배터리 기업 10곳 영업익 반토막,2025-01-06,https://www.chosun.com/economy/industry-company/2025/01/06/BO3WGUVLFVHH3BXGQ3BHBBNZWU,1,8,1,"주요 10대 기업의 영업이익은 전년 대비 반 토막났고, 보조금 효과를 제외하면 10개 기업 중 약 7개 기업이 적자 위기에 놓였다.",반도체 불황에도 한국 산업을 이끌었던 전기차·배터리 산업 생태계가 급격히 무너지고 있다.,한때 코스닥 시가총액 1위를 기록하며 승승장구했던 배터리 소재 기업 에코프로비엠은 2023년 2952억원 흑자에서 작년엔 약 400억원 적자가 예상된다.,‘전기차 캐즘(일시적 수요 정체) 쇼크’가 본격화한 것이다.,TRUE,"주요 10대 기업의 영업이익 변화에 대한 언급은 국내 경제 및 산업의 변화를 나타내는 중요한 지표로서, 이를 통해 KOSIS 등에서 관련 통계를 대조하여 검증할 수 있을 것으로 보인다.",high,hcx,HCX-007,isclaim-v1.3-prev2-context,2026-08-05
A0027-C013,A0027,전기차 ‘캐즘 쇼크’… 배터리 기업 10곳 영업익 반토막,2025-01-06,https://www.chosun.com/economy/industry-company/2025/01/06/BO3WGUVLFVHH3BXGQ3BHBBNZWU,1,13,1,"◇불황 터널 끝 안 보이는 배터리 업계 5일 금융정보업체 에프앤가이드에 따르면, 국내 배터리 업계 주요 10개 기업의 2024년 연간 영업이익 합계는 약 4조9860억원으로 전망된다.","글로벌 시장에서도 주요 자동차 기업들이 전기차 분야 투자를 연기하거나 대폭 축소했고, 유럽 최대 배터리 기업인 노스볼트가 파산하는 등 배터리 산업 전반에서 고강도 구조조정이 이어지고 있다.",중국의 공습으로 음극재 공장 가동률이 크게 낮아진 포스코퓨처엠 역시 음극재사업 부문에서 적자를 내는 상황이다.,전년(2023년) 약 11조9465억원 대비 절반 미만이다.,TRUE,"국내 배터리 업계 주요 10개 기업의 2024년 연간 영업이익 합계가 약 4조9860억원이라는 구체적인 수치 정보를 제공하고 있으며, 이는 국내 경제 및 산업의 중요한 지표로서 KOSIS를 통해 대조 가능한 정보이다.",high,hcx,HCX-007,isclaim-v1.3-prev2-context,2026-08-05
A0027-C014,A0027,전기차 ‘캐즘 쇼크’… 배터리 기업 10곳 영업익 반토막,2025-01-06,https://www.chosun.com/economy/industry-company/2025/01/06/BO3WGUVLFVHH3BXGQ3BHBBNZWU,1,14,1,전년(2023년) 약 11조9465억원 대비 절반 미만이다.,"◇불황 터널 끝 안 보이는 배터리 업계 5일 금융정보업체 에프앤가이드에 따르면, 국내 배터리 업계 주요 10개 기업의 2024년 연간 영업이익 합계는 약 4조9860억원으로 전망된다.","글로벌 시장에서도 주요 자동차 기업들이 전기차 분야 투자를 연기하거나 대폭 축소했고, 유럽 최대 배터리 기업인 노스볼트가 파산하는 등 배터리 산업 전반에서 고강도 구조조정이 이어지고 있다.","LG엔솔, 삼성SDI, SK이노베이션(자회사 SK온 포함) 등 배터리 3사, LG화학, 포스코홀딩스, 포스코퓨처엠, 에코프로비엠, 엘앤에프, SKIET, 더블유씨피 등 배터리 소재 기업 7사 대부분 실적이 크게 나빠질 것으로 전망된다.",TRUE,"현재 문장은 국내 배터리 업계의 2024년 연간 영업이익이 전년 대비 절반 미만이라는 구체적인 수치 비교를 포함하고 있으며, 이는 국가통계포털(KOSIS)에서 관련 통계를 통해 검증할 수 있는 내용입니다.",high,hcx,HCX-007,isclaim-v1.3-prev2-context,2026-08-05
A0027-C017,A0027,전기차 ‘캐즘 쇼크’… 배터리 기업 10곳 영업익 반토막,2025-01-06,https://www.chosun.com/economy/industry-company/2025/01/06/BO3WGUVLFVHH3BXGQ3BHBBNZWU,1,17,1,배터리 소재 대표 기업인 에코프로비엠은 2023년 2952억원 흑자에서 작년 약 397억원 적자를 낸 것으로 전망된다.,"조(兆) 단위 영업이익을 내던 배터리 3사는 영업이익이 수천억 원대로 급감했고, 미국의 IRA(인플레이션 감축법) 보조금을 제외하면 사실상 영업적자가 유력하다.","LG엔솔, 삼성SDI, SK이노베이션(자회사 SK온 포함) 등 배터리 3사, LG화학, 포스코홀딩스, 포스코퓨처엠, 에코프로비엠, 엘앤에프, SKIET, 더블유씨피 등 배터리 소재 기업 7사 대부분 실적이 크게 나빠질 것으로 전망된다.",유럽 노스볼트와 대규모 계약을 체결했지만 노스볼트 파산으로 수주가 급감한 엘앤에프도 적자가 2배 수준으로 늘 전망이다.,TRUE,"배터리 소재 대표 기업인 에코프로비엠의 실적 변화에 대한 구체적인 수치와 비교를 제시하고 있으며, 이는 KOSIS 등의 국가 통계를 통해 검증될 수 있는 내용이다.",high,hcx,HCX-007,isclaim-v1.3-prev2-context,2026-08-05
A0027-C019,A0027,전기차 ‘캐즘 쇼크’… 배터리 기업 10곳 영업익 반토막,2025-01-06,https://www.chosun.com/economy/industry-company/2025/01/06/BO3WGUVLFVHH3BXGQ3BHBBNZWU,1,19,1,◇전기차 내수 2년 연속 감소 국내 전기차 생태계를 떠받쳤던 전기차 내수가 빠르게 감소하는 것도 악재다.,유럽 노스볼트와 대규모 계약을 체결했지만 노스볼트 파산으로 수주가 급감한 엘앤에프도 적자가 2배 수준으로 늘 전망이다.,배터리 소재 대표 기업인 에코프로비엠은 2023년 2952억원 흑자에서 작년 약 397억원 적자를 낸 것으로 전망된다.,"지난해 완성차 5사(현대차, 기아, GM한국사업장, KG모빌리티, 르노코리아)가 국내 시장에서 판매한 전기차는 9만1385대로 2023년(11만5900대)보다 21.2% 줄었다.",TRUE,전기차 내수의 변화에 대한 언급이므로 이는 국내 집계 통계로서 KOSIS에서 관련 데이터를 찾아 대조할 수 있다.,high,hcx,HCX-007,isclaim-v1.3-prev2-context,2026-08-05
A0027-C020,A0027,전기차 ‘캐즘 쇼크’… 배터리 기업 10곳 영업익 반토막,2025-01-06,https://www.chosun.com/economy/industry-company/2025/01/06/BO3WGUVLFVHH3BXGQ3BHBBNZWU,1,20,1,"지난해 완성차 5사(현대차, 기아, GM한국사업장, KG모빌리티, 르노코리아)가 국내 시장에서 판매한 전기차는 9만1385대로 2023년(11만5900대)보다 21.2% 줄었다.",◇전기차 내수 2년 연속 감소 국내 전기차 생태계를 떠받쳤던 전기차 내수가 빠르게 감소하는 것도 악재다.,유럽 노스볼트와 대규모 계약을 체결했지만 노스볼트 파산으로 수주가 급감한 엘앤에프도 적자가 2배 수준으로 늘 전망이다.,"국내 완성차 업체들의 전기차 판매는 2020년 3만1356대에서 2022년 12만3676대로 2년 만에 3배 가까이 급증했지만, 2023년 소폭 감소한 데 이어 지난해엔 연 10만대 선이 무너졌다.",TRUE,현재 문장은 지난해 완성차 5사가 국내에서 판매한 전기차의 수가 전년도 대비 얼마나 감소했는지를 구체적인 수치와 함께 제시하고 있습니다.,high,hcx,HCX-007,isclaim-v1.3-prev2-context,2026-08-05
A0027-C021,A0027,전기차 ‘캐즘 쇼크’… 배터리 기업 10곳 영업익 반토막,2025-01-06,https://www.chosun.com/economy/industry-company/2025/01/06/BO3WGUVLFVHH3BXGQ3BHBBNZWU,1,21,1,"국내 완성차 업체들의 전기차 판매는 2020년 3만1356대에서 2022년 12만3676대로 2년 만에 3배 가까이 급증했지만, 2023년 소폭 감소한 데 이어 지난해엔 연 10만대 선이 무너졌다.","지난해 완성차 5사(현대차, 기아, GM한국사업장, KG모빌리티, 르노코리아)가 국내 시장에서 판매한 전기차는 9만1385대로 2023년(11만5900대)보다 21.2% 줄었다.",◇전기차 내수 2년 연속 감소 국내 전기차 생태계를 떠받쳤던 전기차 내수가 빠르게 감소하는 것도 악재다.,오는 20일 출범하는 트럼프 2기가 관세 인상 등을 내세워 전기차를 비롯한 자동차의 현지 생산을 압박하는 상황에서 내수 감소는 배터리 등 전기차 생태계에 치명적이라는 지적이 나온다.,TRUE,"국내 완성차 업체들의 전기차 판매 추이에 대한 구체적인 수치 변화가 언급되어 있으며, 이는 국가통계포털(KOSIS)에서 관련 통계를 통해 검증할 수 있는 내용이다.",high,hcx,HCX-007,isclaim-v1.3-prev2-context,2026-08-05
A0027-C027,A0027,전기차 ‘캐즘 쇼크’… 배터리 기업 10곳 영업익 반토막,2025-01-06,https://www.chosun.com/economy/industry-company/2025/01/06/BO3WGUVLFVHH3BXGQ3BHBBNZWU,1,27,1,그러나 올해 ‘캐즘’과 ‘중국 저가 공세’ 이중 악재에 시달리며 배터리 시장 점유율이 20%대 미만으로 떨어지는 등 생존 전략을 고심해야 하는 위기에 놓였다.,"미국, 유럽은 완성차 기업에선 앞섰지만 배터리 기술력이 없어 한국, 일본 기업에 의존하고 있다.","◇中 맞설 유일한 생태계, 생존 전략 고심 SK온, 대규모 구조조정… LG엔솔, 비상 경영 선언 한국 전기차·배터리 생태계는 글로벌 시장에서 중국을 견제할 수 있는 사실상 유일한 생태계로 꼽힌다.",국내 배터리 기업들은 캐즘 이후를 대비하며 강도 높은 자구책을 실시하고 있다.,TRUE,"현재 문장에서 '배터리 시장 점유율이 20%대 미만'이라는 구체적인 수치와 관련된 주장을 하고 있으며, 이는 국가통계포털(KOSIS)에서 관련 통계를 통해 검증할 수 있을 것으로 보인다.",high,hcx,HCX-007,isclaim-v1.3-prev2-context,2026-08-05
A0027-C031,A0027,전기차 ‘캐즘 쇼크’… 배터리 기업 10곳 영업익 반토막,2025-01-06,https://www.chosun.com/economy/industry-company/2025/01/06/BO3WGUVLFVHH3BXGQ3BHBBNZWU,1,31,1,지난 10년 가운데 올해 처음으로 매출 역성장이 예상됐기 때문이다.,LG엔솔도 지난 연말 비상경영을 선언했다.,"출범 이후 적자가 이어졌던 SK온은 작년 7월 가장 먼저 비상경영을 선포했고, 2달 뒤인 9월 말에는 희망퇴직과 무급휴가 신청을 받으며 대규모 구조조정에 들어갔다.","에코프로비엠, 엘앤에프, 포스코퓨처엠 등 소재 분야 대표 기업도 빠르게 투자를 축소하고 공급망 재편에 나서는 등 생존 전략을 고심하고 있다.",TRUE,"현재 문장은 '매출 역성장'이라는 경제적 지표를 언급하며, 이는 기업의 성과 및 경제 활동과 관련된 중요한 정보로서 국가 통계 포털(KOSIS)에서 관련 통계를 찾아볼 수 있을 것으로 판단됩니다.",high,hcx,HCX-007,isclaim-v1.3-prev2-context,2026-08-05
A0031-C004,A0031,"테슬라 Y, 벤츠·BMW 제쳐… 2년 연속 최고 인기 수입차",2025-01-07,https://www.chosun.com/economy/auto/2025/01/07/LZQVWHYSWNHDFOXAWZNALC57BY,1,4,1,한국수입자동차협회(KAIDA)는 6일 “지난해 테슬라 모델 Y가 연간 1만8717대가 팔리며 수입 승용차 가운데 최고 인기 모델에 올랐다”고 밝혔다.,2010년대 중반 폴크스바겐 티구안이 반짝했던 때를 제외하면 BMW 520과 벤츠 E클래스 대표 모델이 양분해왔던 수입 베스트셀링카 자리를 모델 Y가 굳혀가는 것이다.,"2023년 벤츠 E250, BMW 520을 누른 데 이어 2년 연속 1위다.","모델 Y는 2023년 하반기부터 중국산을 국내에 들여오며, 가격을 기존 미국산보다 수백만원 이상 할인했다.",TRUE,현재 문장은 지난해 테슬라 모델 Y 판매량이 1만8717대로 수입 승용차 중 최고 인기 모델이라는 구체적인 통계를 제시하고 있다.,high,hcx,HCX-007,isclaim-v1.3-prev2-context,2026-08-05
A0031-C007,A0031,"테슬라 Y, 벤츠·BMW 제쳐… 2년 연속 최고 인기 수입차",2025-01-07,https://www.chosun.com/economy/auto/2025/01/07/LZQVWHYSWNHDFOXAWZNALC57BY,1,7,1,전체 수입차 판매는 2023년(27만1034대)보다 2.9% 감소한 26만3288대에 그쳤다.,"BMW 520과 벤츠 E200은 2, 3위, 벤츠 E300 4MATIC, 테슬라 모델 3는 4, 5위를 나타냈다.","모델 Y는 2023년 하반기부터 중국산을 국내에 들여오며, 가격을 기존 미국산보다 수백만원 이상 할인했다.","브랜드별로는 BMW(7만3754대)와 벤츠(6만6400대)가 전년과 같은 1, 2위를 유지했고, 테슬라가 2023년(1만 6461대)의 두 배에 가까운 2만9750대를 판매하며 3위에 올랐다.",TRUE,"현재 문장은 2023년 대비 2024년의 전체 수입차 판매량이 감소했다는 구체적인 통계를 제시하며, 이는 국가통계포털(KOSIS)에서 확인 가능한 국내 집계 통계 정보이기 때문에 True로 판단됩니다.",high,hcx,HCX-007,isclaim-v1.3-prev2-context,2026-08-05
A0031-C008,A0031,"테슬라 Y, 벤츠·BMW 제쳐… 2년 연속 최고 인기 수입차",2025-01-07,https://www.chosun.com/economy/auto/2025/01/07/LZQVWHYSWNHDFOXAWZNALC57BY,1,8,1,"브랜드별로는 BMW(7만3754대)와 벤츠(6만6400대)가 전년과 같은 1, 2위를 유지했고, 테슬라가 2023년(1만 6461대)의 두 배에 가까운 2만9750대를 판매하며 3위에 올랐다.",전체 수입차 판매는 2023년(27만1034대)보다 2.9% 감소한 26만3288대에 그쳤다.,"BMW 520과 벤츠 E200은 2, 3위, 벤츠 E300 4MATIC, 테슬라 모델 3는 4, 5위를 나타냈다.",,TRUE,"현재 문장은 브랜드별 수입차 판매량에 대한 구체적인 수치 정보를 포함하고 있으며, 이는 국가통계포털(KOSIS)에서 관련 통계를 통해 검증할 수 있는 내용이다.",high,hcx,HCX-007,isclaim-v1.3-prev2-context,2026-08-05
A0032-C010,A0032,현대차 ‘고졸 킹산직’ 1100명 채용,2025-01-07,https://www.chosun.com/economy/auto/2025/01/07/SLMMHC5I7JF5LGSUIKKJXGUJCI,1,10,1,2023년 상반기와 지난해 상·하반기 공채에선 각각 400명씩을 채용했다.,현대차는 2013년 4월 이후 기술직 채용을 중단했다가 2022년 임협에서 노사가 신규 채용을 합의하고 2023년부터 채용을 진행하고 있다.,"자동차 생산 부문 합격자는 6월과 7월 두 차례로 나눠 현대차 울산·아산·전주 공장 생산 현장에 배치되며, R&D 기술인력 및 유틸리티 관리 부문 합격자는 6월 중 현대차그룹 남양연구소에서 근무를 시작하게 된다.",지난해 말에는 드라마 ‘미스터 션샤인’에 나온 배우 이정현씨가 현대차그룹 계열사인 기아의 엔지니어(생산직) 채용에 지원했다,TRUE,"현재 문장은 현대차의 연간 채용 인원에 대한 구체적인 수치를 포함하고 있으며, 이는 고용 관련 통계로서 KOSIS에서 확인 가능한 정보일 가능성이 높습니다.",high,hcx,HCX-007,isclaim-v1.3-prev2-context,2026-08-05
A0033-C008,A0033,BYD “모든 멕시코 주민의 첫 전기차” 내세우자… 멕시코 “전기차 독자 생산할 것”,2025-01-07,https://www.chosun.com/economy/auto/2025/01/07/TY2H22LT25BJRA73UP7YYS7WEU,1,8,1,"멕시코 통계청 등에 따르면, 지난 2023년 한 해 멕시코 자동차 시장 내 중국 자동차 브랜드의 점유율은 19.5%에 달했다.",중국 전기차 브랜드들도 멕시코 시장 진입을 강화하고 있다.,"앞서 트럼프 당선인은 작년 7월 멕시코에 대규모 관세를 부과하겠다고 밝혔고, 머스크는 멕시코 몬테레이 인근에 대규모 전기차 공장을 짓겠다던 계획을 철회했다.",지난해부터 비야디(BYD)는 멕시코시티에서 35만8800페소(약 2800만원)부터 출발하는 소형 전기차 판매에 나서며 “비야디가 모든 멕시코 주민의 첫 전기차”라는 슬로건을 내세우기도 했다.,TRUE,"현재 문장은 멕시코 자동차 시장에서 중국 자동차 브랜드의 점유율에 대한 구체적인 통계를 제시하고 있으며, 이는 국가 간 비교 가능한 통계 정보로서 KOSIS를 통해 검증될 수 있는 내용이다.",high,hcx,HCX-007,isclaim-v1.3-prev2-context,2026-08-05
A0034-C001,A0034,"보조금 폐지한 독일, 전기차 판매 급감...유럽 최대 전기차 시장도 영국에 넘겨줘",2025-01-07,https://www.chosun.com/economy/auto/2025/01/07/Y62DLGXPGZCNNK2IBLFZNNKMKY,1,1,1,유럽 최대 자동차 시장 독일에서 지난해 전기차 판매량이 급감했다.,,,유럽 내 전기차 시장 1위 자리도 영국에 내줬다.,TRUE,전기차 판매량의 변화를 언급하며 이는 국가 단위의 집계 통계로서 KOSIS에서 대조할 가능성이 있다.,high,hcx,HCX-007,isclaim-v1.3-prev2-context,2026-08-05
A0034-C002,A0034,"보조금 폐지한 독일, 전기차 판매 급감...유럽 최대 전기차 시장도 영국에 넘겨줘",2025-01-07,https://www.chosun.com/economy/auto/2025/01/07/Y62DLGXPGZCNNK2IBLFZNNKMKY,1,2,1,유럽 내 전기차 시장 1위 자리도 영국에 내줬다.,유럽 최대 자동차 시장 독일에서 지난해 전기차 판매량이 급감했다.,,6일(현지 시각) 독일 연방도로교통청(KBA)에 따르면 지난해 신규 등록 전기차는 38만609대로 2023년 52만4219대에서 27.4％ 감소했다.,TRUE,유럽 내 전기차 시장에서 독일이 영국에게 1위 자리를 내줬다는 것은 국가 간 비교를 통해 시장의 변화를 나타내는 정보이므로 KOSIS에서 관련 통계를 찾아볼 수 있다.,high,hcx,HCX-007,isclaim-v1.3-prev2-context,2026-08-05
A0034-C005,A0034,"보조금 폐지한 독일, 전기차 판매 급감...유럽 최대 전기차 시장도 영국에 넘겨줘",2025-01-07,https://www.chosun.com/economy/auto/2025/01/07/Y62DLGXPGZCNNK2IBLFZNNKMKY,1,5,1,"다만 하이브리드차는 12.7％, 휘발유차가 9％ 늘었다.",전기차 판매가 급감하면서 전체 신규 등록 차량은 같은 기간 284만4609대에서 281만7331대로 1.0％ 감소했다.,6일(현지 시각) 독일 연방도로교통청(KBA)에 따르면 지난해 신규 등록 전기차는 38만609대로 2023년 52만4219대에서 27.4％ 감소했다.,신규 등록 차량 가운데 휘발유차는 35.2％로 가장 많았고 전기차 점유율은 13.5％에 그쳤다.,TRUE,"하이브리드차와 휘발유차의 신규 등록 증가율을 언급하며, 이는 국내 자동차 등록 통계를 통해 검증 가능하다.",high,hcx,HCX-007,isclaim-v1.3-prev2-context,2026-08-05
A0034-C006,A0034,"보조금 폐지한 독일, 전기차 판매 급감...유럽 최대 전기차 시장도 영국에 넘겨줘",2025-01-07,https://www.chosun.com/economy/auto/2025/01/07/Y62DLGXPGZCNNK2IBLFZNNKMKY,1,6,1,신규 등록 차량 가운데 휘발유차는 35.2％로 가장 많았고 전기차 점유율은 13.5％에 그쳤다.,"다만 하이브리드차는 12.7％, 휘발유차가 9％ 늘었다.",전기차 판매가 급감하면서 전체 신규 등록 차량은 같은 기간 284만4609대에서 281만7331대로 1.0％ 감소했다.,독일 전기차 시장은 글로벌 수요 둔화에 더해 2023년 말 긴축재정에 들어간 연방정부가 전기차 보조금을 폐지하면서 쪼그라들기 시작했다.,TRUE,"신규 등록 차량 중 휘발유차의 비중과 전기차의 비중을 제시하며, 이는 국가통계포털(KOSIS)에서 관련 통계를 통해 검증할 수 있는 내용이다.",high,hcx,HCX-007,isclaim-v1.3-prev2-context,2026-08-05
A0034-C008,A0034,"보조금 폐지한 독일, 전기차 판매 급감...유럽 최대 전기차 시장도 영국에 넘겨줘",2025-01-07,https://www.chosun.com/economy/auto/2025/01/07/Y62DLGXPGZCNNK2IBLFZNNKMKY,1,8,1,휘발유차가 늘면서 신규 차량의 평균 탄소배출량도 ㎞당 114.9ｇ에서 119.8ｇ으로 증가한 것으로 집계됐다.,독일 전기차 시장은 글로벌 수요 둔화에 더해 2023년 말 긴축재정에 들어간 연방정부가 전기차 보조금을 폐지하면서 쪼그라들기 시작했다.,신규 등록 차량 가운데 휘발유차는 35.2％로 가장 많았고 전기차 점유율은 13.5％에 그쳤다.,"신규 등록 차량을 브랜드별로 보면 포르셰가 9.9％, 폴크스바겐이 3.4％ 늘었으나 BMW(-0.1％), 메르세데스-벤츠(-7.0％), 아우디(-18.1％) 등 다른 독일 업체는 일제히 마이너스 성장했다.",TRUE,"현재 문장은 신규 차량의 평균 탄소 배출량이 증가했다는 구체적인 수치 정보를 포함하고 있으며, 이는 국가 통계 자료로서 KOSIS를 통해 검증될 수 있는 내용입니다.",high,hcx,HCX-007,isclaim-v1.3-prev2-context,2026-08-05
A0034-C009,A0034,"보조금 폐지한 독일, 전기차 판매 급감...유럽 최대 전기차 시장도 영국에 넘겨줘",2025-01-07,https://www.chosun.com/economy/auto/2025/01/07/Y62DLGXPGZCNNK2IBLFZNNKMKY,1,9,1,"신규 등록 차량을 브랜드별로 보면 포르셰가 9.9％, 폴크스바겐이 3.4％ 늘었으나 BMW(-0.1％), 메르세데스-벤츠(-7.0％), 아우디(-18.1％) 등 다른 독일 업체는 일제히 마이너스 성장했다.",휘발유차가 늘면서 신규 차량의 평균 탄소배출량도 ㎞당 114.9ｇ에서 119.8ｇ으로 증가한 것으로 집계됐다.,독일 전기차 시장은 글로벌 수요 둔화에 더해 2023년 말 긴축재정에 들어간 연방정부가 전기차 보조금을 폐지하면서 쪼그라들기 시작했다.,"전기차 브랜드 테슬라(-41％)와 비야디(-30.2％), 폴스타(-49.4％)도 판매량이 큰 폭으로 감소했으며, 현대차와 기아는 1년 사이 각각 9.4％, 8.0％ 줄었다.",TRUE,"현재 문장은 신규 등록 차량의 브랜드별 변화를 수치로 제시하며, 이는 국내 집계 통계로서 KOSIS를 통해 대조 및 검증 가능하다.",high,hcx,HCX-007,isclaim-v1.3-prev2-context,2026-08-05
A0034-C010,A0034,"보조금 폐지한 독일, 전기차 판매 급감...유럽 최대 전기차 시장도 영국에 넘겨줘",2025-01-07,https://www.chosun.com/economy/auto/2025/01/07/Y62DLGXPGZCNNK2IBLFZNNKMKY,1,10,1,"전기차 브랜드 테슬라(-41％)와 비야디(-30.2％), 폴스타(-49.4％)도 판매량이 큰 폭으로 감소했으며, 현대차와 기아는 1년 사이 각각 9.4％, 8.0％ 줄었다.","신규 등록 차량을 브랜드별로 보면 포르셰가 9.9％, 폴크스바겐이 3.4％ 늘었으나 BMW(-0.1％), 메르세데스-벤츠(-7.0％), 아우디(-18.1％) 등 다른 독일 업체는 일제히 마이너스 성장했다.",휘발유차가 늘면서 신규 차량의 평균 탄소배출량도 ㎞당 114.9ｇ에서 119.8ｇ으로 증가한 것으로 집계됐다.,"한편, 독일이 2023년을 정점으로 전기차 판매가 쪼그라든 가운데 영국은 전년 대비 21% 급증한 38만1970대가 판매되며 유럽 내 최대 전기차 시장에 올랐다.",TRUE,"전기차 브랜드들의 판매량 변화에 대한 구체적인 비율이 제시되어 있으며, 이는 KOSIS 등의 국가 통계 자료로 확인 가능한 정보일 가능성이 높습니다.",high,hcx,HCX-007,isclaim-v1.3-prev2-context,2026-08-05
A0034-C011,A0034,"보조금 폐지한 독일, 전기차 판매 급감...유럽 최대 전기차 시장도 영국에 넘겨줘",2025-01-07,https://www.chosun.com/economy/auto/2025/01/07/Y62DLGXPGZCNNK2IBLFZNNKMKY,1,11,1,"한편, 독일이 2023년을 정점으로 전기차 판매가 쪼그라든 가운데 영국은 전년 대비 21% 급증한 38만1970대가 판매되며 유럽 내 최대 전기차 시장에 올랐다.","전기차 브랜드 테슬라(-41％)와 비야디(-30.2％), 폴스타(-49.4％)도 판매량이 큰 폭으로 감소했으며, 현대차와 기아는 1년 사이 각각 9.4％, 8.0％ 줄었다.","신규 등록 차량을 브랜드별로 보면 포르셰가 9.9％, 폴크스바겐이 3.4％ 늘었으나 BMW(-0.1％), 메르세데스-벤츠(-7.0％), 아우디(-18.1％) 등 다른 독일 업체는 일제히 마이너스 성장했다.",,TRUE,"전기차 판매량 변화에 대한 구체적인 수치가 포함되어 있으며, 이는 국가 단위의 통계로서 KOSIS를 통해 검증할 수 있는 내용이다.",high,hcx,HCX-007,isclaim-v1.3-prev2-context,2026-08-05
A0035-C022,A0035,“트럼프發 인플레 피할 수 없어… 美 금리 상승할 것”,2025-01-07,https://www.chosun.com/economy/economy_general/2025/01/07/CKJOVMVRZZC6VFP7K7JSIGFYBI,1,22,1,성장률이 1%대로 떨어질 수 있다는 전망도 나온다.,#NAME?,"“미국은 인공지능(AI)이나 다른 첨단 기술 분야에서 우위를 보이고 있다. 또 바이든 행정부가 많은 수요를 일으켜 경제를 뜨겁게 달궜다. 그에 반해 중국이나 독일, 프랑스 등은 부동산 거품이 심해지고, 생산성이 떨어지고, 공공 부채가 늘어나는 등의 문제를 안고 있다. (미국 외 다른 국가들은) 정신 차려고, 대책을 내놔야 한다.”","“한국은 출산율이 낮고, 고령화가 심해지는 등 인구 구조가 좋지 않다. 다른 선진국에 비해 국가 부채는 낮지만, 인구 고령화에 따른 의료·연금 지출 증가로 재정이 악화할 우려가 있다. 다만 최근 정치적 불확실성은 충분히 극복할 것으로 본다.”",TRUE,"성장률이 1%대로 떨어진다는 것은 국내 경제 상황에 대한 예측으로, 이는 KOSIS에서 제공하는 경제 지표 및 성장률 관련 통계를 통해 검증할 수 있는 내용입니다.",high,hcx,HCX-007,isclaim-v1.3-prev2-context,2026-08-05
A0035-C023,A0035,“트럼프發 인플레 피할 수 없어… 美 금리 상승할 것”,2025-01-07,https://www.chosun.com/economy/economy_general/2025/01/07/CKJOVMVRZZC6VFP7K7JSIGFYBI,1,23,1,"“한국은 출산율이 낮고, 고령화가 심해지는 등 인구 구조가 좋지 않다. 다른 선진국에 비해 국가 부채는 낮지만, 인구 고령화에 따른 의료·연금 지출 증가로 재정이 악화할 우려가 있다. 다만 최근 정치적 불확실성은 충분히 극복할 것으로 본다.”",성장률이 1%대로 떨어질 수 있다는 전망도 나온다.,#NAME?,#NAME?,TRUE,"현재 문장에서 한국의 출산율 저하 및 고령화 문제, 그리고 이에 따른 재정 악화의 우려 등은 모두 인구 및 사회 경제적 지표로서 KOSIS에서 관련 통계를 통해 검증할 수 있는 내용들이다.",high,hcx,HCX-007,isclaim-v1.3-prev2-context,2026-08-05
A0036-C001,A0036,글로벌 IB들 한국 올해 성장률 전망 1.7%로 하락,2025-01-07,https://www.chosun.com/economy/economy_general/2025/01/07/GSOS3IQE2FEEPDT6JHTTOOJBHA,1,1,1,지난달 글로벌 투자은행(IB)들이 제시한 올해 우리나라 경제 성장률 전망치 평균이 1.7%로 집계됐다.,,,석 달 만에 0.4%포인트 내려갔다.,TRUE,"현재 문장은 '올해 우리나라 경제 성장률 전망치 평균이 1.7%'라는 구체적인 수치를 제시하며, 이는 국가 경제 관련 통계로서 KOSIS에서 대조할 가능성이 높습니다.",high,hcx,HCX-007,isclaim-v1.3-prev2-context,2026-08-05
A0036-C002,A0036,글로벌 IB들 한국 올해 성장률 전망 1.7%로 하락,2025-01-07,https://www.chosun.com/economy/economy_general/2025/01/07/GSOS3IQE2FEEPDT6JHTTOOJBHA,1,2,1,석 달 만에 0.4%포인트 내려갔다.,지난달 글로벌 투자은행(IB)들이 제시한 올해 우리나라 경제 성장률 전망치 평균이 1.7%로 집계됐다.,,"7일 국제금융센터에 따르면, 작년 12월 말 기준 바클레이스·뱅크오브아메리카메릴린치·시티·골드만삭스·JP모건·HSBC·노무라·UBS 등 글로벌 IB 8곳이 전망한 올해 우리나라 성장률 평균치는 1.7%로 집계 됐다.",TRUE,"현재 문장은 우리나라의 경제 성장률 전망치가 석 달 만에 0.4%포인트 내려갔다는 내용을 포함하며, 이는 KOSIS를 통해 검증 가능한 국내 경제 관련 통계 정보이기 때문에 해당된다.",high,hcx,HCX-007,isclaim-v1.3-prev2-context,2026-08-05
A0036-C004,A0036,글로벌 IB들 한국 올해 성장률 전망 1.7%로 하락,2025-01-07,https://www.chosun.com/economy/economy_general/2025/01/07/GSOS3IQE2FEEPDT6JHTTOOJBHA,1,4,1,전달(1.8%)보다 0.1%포인트 내려갔다.,"7일 국제금융센터에 따르면, 작년 12월 말 기준 바클레이스·뱅크오브아메리카메릴린치·시티·골드만삭스·JP모건·HSBC·노무라·UBS 등 글로벌 IB 8곳이 전망한 올해 우리나라 성장률 평균치는 1.7%로 집계 됐다.",석 달 만에 0.4%포인트 내려갔다.,이는 한국은행(1.9%)이나 정부(1.8%) 전망치보다도 낮다.,TRUE,"현재 문장은 전달 대비 경제 성장률이 0.1%포인트 내려갔다는 내용을 포함하며, 이는 KOSIS를 통해 검증 가능한 국내 경제 관련 통계 정보입니다.",high,hcx,HCX-007,isclaim-v1.3-prev2-context,2026-08-05
A0036-C006,A0036,글로벌 IB들 한국 올해 성장률 전망 1.7%로 하락,2025-01-07,https://www.chosun.com/economy/economy_general/2025/01/07/GSOS3IQE2FEEPDT6JHTTOOJBHA,1,6,1,"IB들은 9월 2.1%에 이어, 10월 2.0% 등으로 올해 성장률 전망을 계속 내려 잡고 있다.",이는 한국은행(1.9%)이나 정부(1.8%) 전망치보다도 낮다.,전달(1.8%)보다 0.1%포인트 내려갔다.,특히 JP모건은 올해 성장률을 1.3%로 전망하며 가장 비관적으로 봤다.,TRUE,"현재 문장은 한국의 경제 성장률 전망치가 지속적으로 하향 조정되고 있다는 내용을 담고 있으며, 이는 KOSIS를 통해 확인 가능한 국가 경제 관련 통계 정보이므로 True로 판단됩니다.",high,hcx,HCX-007,isclaim-v1.3-prev2-context,2026-08-05
A0036-C008,A0036,글로벌 IB들 한국 올해 성장률 전망 1.7%로 하락,2025-01-07,https://www.chosun.com/economy/economy_general/2025/01/07/GSOS3IQE2FEEPDT6JHTTOOJBHA,1,8,1,"작년 9월 전망치였던 2.3%에서 1%포인트 내려간 것으로, 전달(1.7%)에 비해서도 크게 내렸다.",특히 JP모건은 올해 성장률을 1.3%로 전망하며 가장 비관적으로 봤다.,"IB들은 9월 2.1%에 이어, 10월 2.0% 등으로 올해 성장률 전망을 계속 내려 잡고 있다.","박석길 JP모건 본부장은 “11월까지 확인된 데이터들을 봤을 때 설비투자, 건설투자 등이 크게 하락했다”며 “또 작년 12월 경제심리지수가 소비·기업 심리 등에서 전반적으로 큰 폭으로 하락했고, 올해 1월 의미 있게 상향 반전할 것으로 보기 어렵다”고 설명했다.",TRUE,"현재 문장은 한국의 경제 성장률 예측치가 하향 조정되었다는 내용을 담고 있으며, 이는 국가 경제 관련 통계로서 KOSIS를 통해 검증할 수 있는 내용입니다.",high,hcx,HCX-007,isclaim-v1.3-prev2-context,2026-08-05
A0036-C009,A0036,글로벌 IB들 한국 올해 성장률 전망 1.7%로 하락,2025-01-07,https://www.chosun.com/economy/economy_general/2025/01/07/GSOS3IQE2FEEPDT6JHTTOOJBHA,1,9,1,"박석길 JP모건 본부장은 “11월까지 확인된 데이터들을 봤을 때 설비투자, 건설투자 등이 크게 하락했다”며 “또 작년 12월 경제심리지수가 소비·기업 심리 등에서 전반적으로 큰 폭으로 하락했고, 올해 1월 의미 있게 상향 반전할 것으로 보기 어렵다”고 설명했다.","작년 9월 전망치였던 2.3%에서 1%포인트 내려간 것으로, 전달(1.7%)에 비해서도 크게 내렸다.",특히 JP모건은 올해 성장률을 1.3%로 전망하며 가장 비관적으로 봤다.,실제 한은에 따르면 지난달 소비심리지수는 88.4로 11월(100.7)보다 12.3포인트나 떨어지며 코로나 팬데믹 기간이었던 2020년 3월 이후 최대 낙폭을 기록했다.,TRUE,"현재 문장은 설비투자와 건설투자의 하락 및 경제심리지수의 하락과 관련된 내용을 포함하고 있으며, 이는 국가 경제 지표로서 KOSIS에서 관련 통계를 통해 검증할 수 있다.",high,hcx,HCX-007,isclaim-v1.3-prev2-context,2026-08-05
A0036-C010,A0036,글로벌 IB들 한국 올해 성장률 전망 1.7%로 하락,2025-01-07,https://www.chosun.com/economy/economy_general/2025/01/07/GSOS3IQE2FEEPDT6JHTTOOJBHA,1,10,1,실제 한은에 따르면 지난달 소비심리지수는 88.4로 11월(100.7)보다 12.3포인트나 떨어지며 코로나 팬데믹 기간이었던 2020년 3월 이후 최대 낙폭을 기록했다.,"박석길 JP모건 본부장은 “11월까지 확인된 데이터들을 봤을 때 설비투자, 건설투자 등이 크게 하락했다”며 “또 작년 12월 경제심리지수가 소비·기업 심리 등에서 전반적으로 큰 폭으로 하락했고, 올해 1월 의미 있게 상향 반전할 것으로 보기 어렵다”고 설명했다.","작년 9월 전망치였던 2.3%에서 1%포인트 내려간 것으로, 전달(1.7%)에 비해서도 크게 내렸다.","BNP파리바는 최근 보고서에서 “정치 불안, 항공기 추락 사고 등이 소비 심리를 추가로 악화시킬 가능성이 있다”고 분석했다.",TRUE,"현재 문장은 한국은행의 소비심리지수가 11월에 비해 얼마나 떨어졌는지를 구체적인 수치와 함께 언급하고 있으며, 이는 국가통계포털(KOSIS)에서 관련 통계를 통해 검증할 수 있는 내용이다.",high,hcx,HCX-007,isclaim-v1.3-prev2-context,2026-08-05
A0036-C013,A0036,글로벌 IB들 한국 올해 성장률 전망 1.7%로 하락,2025-01-07,https://www.chosun.com/economy/economy_general/2025/01/07/GSOS3IQE2FEEPDT6JHTTOOJBHA,1,13,1,한은은 올해 수출 증가율을 1.5%로 내다보고 있다.,수출 등 대외 경제 여건도 녹록하지 않다.,"BNP파리바는 최근 보고서에서 “정치 불안, 항공기 추락 사고 등이 소비 심리를 추가로 악화시킬 가능성이 있다”고 분석했다.",뱅크오브아메리카는 최근 보고서에서 “올해 첨단 반도체를 중심으로 한 미국의 대중(對中) 무역 장벽 강화 여파로 한국의 대중 수출도 타격을 받는 등 역풍이 예상돼 수출이 경제 성장을 주도하기는 어려울 전망”이라고 했다.,TRUE,"현재 문장은 한국은행이 올해 수출 증가율을 1.5%로 예상한다는 내용으로, 이는 수치적인 예측이므로 KOSIS를 통해 검증 가능한 수치 주장에 해당합니다.",high,hcx,HCX-007,isclaim-v1.3-prev2-context,2026-08-05
A0041-C001,A0041,4000억달러대 지켰지만… 외환 보유액 5년 만에 최소,2025-01-07,https://www.chosun.com/economy/economy_general/2025/01/07/ZDP26OMBDVBUHJ5QBB45OF4RTI,1,1,1,지난달 외환 보유액이 연말 기준으로 5년 만에 최저치를 기록했다.,,,다만 환율 방어로 전달보다 외환 보유액이 줄었을 것이라는 우려와 달리 전달 대비로는 소폭 늘었다.,TRUE,외환 보유액의 변화에 대한 언급이므로 국가 경제 관련 통계로서 KOSIS에서 검증 가능하다.,high,hcx,HCX-007,isclaim-v1.3-prev2-context,2026-08-05
A0041-C002,A0041,4000억달러대 지켰지만… 외환 보유액 5년 만에 최소,2025-01-07,https://www.chosun.com/economy/economy_general/2025/01/07/ZDP26OMBDVBUHJ5QBB45OF4RTI,1,2,1,다만 환율 방어로 전달보다 외환 보유액이 줄었을 것이라는 우려와 달리 전달 대비로는 소폭 늘었다.,지난달 외환 보유액이 연말 기준으로 5년 만에 최저치를 기록했다.,,"한국은행이 6일 발표한 외환 보유액 통계에 따르면, 작년 12월 말 우리나라 외환 보유액은 4156억달러로 집계됐다.",TRUE,"현재 문장은 전달 대비 외환 보유액의 변화에 대한 정보를 제공하며, 이는 국가 경제 관련 통계로서 KOSIS에서 확인 가능한 내용이다.",high,hcx,HCX-007,isclaim-v1.3-prev2-context,2026-08-05
A0041-C003,A0041,4000억달러대 지켰지만… 외환 보유액 5년 만에 최소,2025-01-07,https://www.chosun.com/economy/economy_general/2025/01/07/ZDP26OMBDVBUHJ5QBB45OF4RTI,1,3,1,"한국은행이 6일 발표한 외환 보유액 통계에 따르면, 작년 12월 말 우리나라 외환 보유액은 4156억달러로 집계됐다.",다만 환율 방어로 전달보다 외환 보유액이 줄었을 것이라는 우려와 달리 전달 대비로는 소폭 늘었다.,지난달 외환 보유액이 연말 기준으로 5년 만에 최저치를 기록했다.,연말 기준으로 2019년(4088억2000만달러) 이후 5년 만에 최저치다.,TRUE,"작년 12월 말 우리나라의 외환 보유액이 4156억 달러라는 구체적인 수치가 포함되어 있으며, 이는 국가 경제 관련 통계로서 KOSIS에서 확인 가능한 정보입니다.",high,hcx,HCX-007,isclaim-v1.3-prev2-context,2026-08-05
A0041-C004,A0041,4000억달러대 지켰지만… 외환 보유액 5년 만에 최소,2025-01-07,https://www.chosun.com/economy/economy_general/2025/01/07/ZDP26OMBDVBUHJ5QBB45OF4RTI,1,4,1,연말 기준으로 2019년(4088억2000만달러) 이후 5년 만에 최저치다.,"한국은행이 6일 발표한 외환 보유액 통계에 따르면, 작년 12월 말 우리나라 외환 보유액은 4156억달러로 집계됐다.",다만 환율 방어로 전달보다 외환 보유액이 줄었을 것이라는 우려와 달리 전달 대비로는 소폭 늘었다.,또 2022년 이후 3년 연속 감소세다.,TRUE,연말 기준으로 2019년 이후 5년 만에 외환 보유액이 최저치를 기록했다는 내용은 국가 경제 관련 통계 정보로서 KOSIS를 통해 검증 가능하다.,high,hcx,HCX-007,isclaim-v1.3-prev2-context,2026-08-05
A0041-C005,A0041,4000억달러대 지켰지만… 외환 보유액 5년 만에 최소,2025-01-07,https://www.chosun.com/economy/economy_general/2025/01/07/ZDP26OMBDVBUHJ5QBB45OF4RTI,1,5,1,또 2022년 이후 3년 연속 감소세다.,연말 기준으로 2019년(4088억2000만달러) 이후 5년 만에 최저치다.,"한국은행이 6일 발표한 외환 보유액 통계에 따르면, 작년 12월 말 우리나라 외환 보유액은 4156억달러로 집계됐다.","다만, 12월 말 외환 보유액은 전달보다는 2억1000만달러가량 늘어난 것이다.",TRUE,"현재 문장은 외환 보유액이 2022년 이후 3년 연속 감소하고 있다는 내용을 담고 있으며, 이는 KOSIS를 통해 검증 가능한 국내 경제 관련 통계 정보입니다.",high,hcx,HCX-007,isclaim-v1.3-prev2-context,2026-08-05
A0041-C006,A0041,4000억달러대 지켰지만… 외환 보유액 5년 만에 최소,2025-01-07,https://www.chosun.com/economy/economy_general/2025/01/07/ZDP26OMBDVBUHJ5QBB45OF4RTI,1,6,1,"다만, 12월 말 외환 보유액은 전달보다는 2억1000만달러가량 늘어난 것이다.",또 2022년 이후 3년 연속 감소세다.,연말 기준으로 2019년(4088억2000만달러) 이후 5년 만에 최저치다.,지난달 초 달러당 1400원 수준이던 원화 환율은 달러 강세와 국내 정치 불안으로 1470원대까지 뛰었다.,TRUE,외환 보유액의 변화에 대한 언급이므로 국가 경제 관련 통계로서 KOSIS에서 검증 가능하다.,high,hcx,HCX-007,isclaim-v1.3-prev2-context,2026-08-05
A0041-C007,A0041,4000억달러대 지켰지만… 외환 보유액 5년 만에 최소,2025-01-07,https://www.chosun.com/economy/economy_general/2025/01/07/ZDP26OMBDVBUHJ5QBB45OF4RTI,1,7,1,지난달 초 달러당 1400원 수준이던 원화 환율은 달러 강세와 국내 정치 불안으로 1470원대까지 뛰었다.,"다만, 12월 말 외환 보유액은 전달보다는 2억1000만달러가량 늘어난 것이다.",또 2022년 이후 3년 연속 감소세다.,이 때문에 당국이 환율 방어에 나서면서 외환 보유액이 크게 줄어들 수 있다는 우려가 일각에서 나왔다.,TRUE,"현재 문장은 달러당 원화 환율의 변화에 대한 내용을 포함하며, 이는 국가 경제 및 금융 관련 통계로서 KOSIS에서 확인 가능한 정보일 가능성이 높습니다.",high,hcx,HCX-007,isclaim-v1.3-prev2-context,2026-08-05
A0041-C009,A0041,4000억달러대 지켰지만… 외환 보유액 5년 만에 최소,2025-01-07,https://www.chosun.com/economy/economy_general/2025/01/07/ZDP26OMBDVBUHJ5QBB45OF4RTI,1,9,1,하지만 우려와 달리 외환 보유액은 오히려 늘었다.,이 때문에 당국이 환율 방어에 나서면서 외환 보유액이 크게 줄어들 수 있다는 우려가 일각에서 나왔다.,지난달 초 달러당 1400원 수준이던 원화 환율은 달러 강세와 국내 정치 불안으로 1470원대까지 뛰었다.,이에 적극적으로 개입해 환율 수준을 낮추는 대신 변동성을 줄이는 목적의 미세 조정(스무딩 오퍼레이션)으로 대응했다는 분석이 나온다.,TRUE,현재 문장은 외환 보유액의 변화에 대한 정보를 제공하며 이는 국가 경제 관련 통계로서 KOSIS에서 확인 가능한 내용이다.,high,hcx,HCX-007,isclaim-v1.3-prev2-context,2026-08-05
A0041-C015,A0041,4000억달러대 지켰지만… 외환 보유액 5년 만에 최소,2025-01-07,https://www.chosun.com/economy/economy_general/2025/01/07/ZDP26OMBDVBUHJ5QBB45OF4RTI,1,15,1,주요 6국 통화 대비 달러 가치를 나타내는 달러 인덱스는 지난주 109대보다는 소폭 내린 108 후반대에서 움직였다.,"장 초반 엔화, 위안화 약세 흐름에 동조하면서 달러 대비 원화 환율은 1474원대까지 올랐으나 외국인이 유가증권시장에서 3700억원 가까이 순매수를 하는 등의 영향으로 약세 폭이 축소됐다.",이날 달러 대비 원화 환율은 주간 거래에서 오후 3시 30분 기준 전 거래일보다 1.3원 오른 1469.7원에 마감했다.,,TRUE,"달러 인덱스가 지난주 109대에서 이번 주 108 후반대로 변동했다는 내용은 주요 6국 통화 대비 달러 가치의 변화를 나타내며, 이는 KOSIS에서 관련 통계를 통해 검증할 수 있는 내용이다.",high,hcx,HCX-007,isclaim-v1.3-prev2-context,2026-08-05
A0046-C001,A0046,"작년 3분기 가계 여유자금, 전분기 대비 3.5조원 줄어",2025-01-08,https://www.chosun.com/economy/economy_general/2025/01/08/7BSTYTMU2FBLNCLOUTBUKTCYQY,1,1,1,작년 3분기(7~9월)에 빚을 내서 집을 사는 행렬에 가계 여유 자금도 3조5000억원쯤 줄어든 것으로 나타났다.,,,"7일 한국은행이 발표한 자금 순환 통계에 따르면, 작년 3분기 가계 및 비영리단체의 순자금 운용 규모는 37조7000억원으로 집계됐다.",TRUE,작년 3분기에 가계 여유 자금이 3조5000억원 줄어들었다는 내용은 KOSIS에서 관련 통계를 통해 검증할 수 있는 국내 경제 지표에 해당합니다.,high,hcx,HCX-007,isclaim-v1.3-prev2-context,2026-08-05
A0046-C002,A0046,"작년 3분기 가계 여유자금, 전분기 대비 3.5조원 줄어",2025-01-08,https://www.chosun.com/economy/economy_general/2025/01/08/7BSTYTMU2FBLNCLOUTBUKTCYQY,1,2,1,"7일 한국은행이 발표한 자금 순환 통계에 따르면, 작년 3분기 가계 및 비영리단체의 순자금 운용 규모는 37조7000억원으로 집계됐다.",작년 3분기(7~9월)에 빚을 내서 집을 사는 행렬에 가계 여유 자금도 3조5000억원쯤 줄어든 것으로 나타났다.,,이는 직전 분기의 41조2000억원보다 3조5000억원가량 줄어든 것이다.,TRUE,"작년 3분기 가계 및 비영리단체의 순자금 운용 규모가 37조7000억원으로 집계되었다는 내용은 한국의 경제 상황에 대한 구체적인 수치 정보를 제공하며, 이는 국가통계포털(KOSIS)에서 관련 통계를 통해 검증할 수 있는 내용입니다.",high,hcx,HCX-007,isclaim-v1.3-prev2-context,2026-08-05
A0046-C003,A0046,"작년 3분기 가계 여유자금, 전분기 대비 3.5조원 줄어",2025-01-08,https://www.chosun.com/economy/economy_general/2025/01/08/7BSTYTMU2FBLNCLOUTBUKTCYQY,1,3,1,이는 직전 분기의 41조2000억원보다 3조5000억원가량 줄어든 것이다.,"7일 한국은행이 발표한 자금 순환 통계에 따르면, 작년 3분기 가계 및 비영리단체의 순자금 운용 규모는 37조7000억원으로 집계됐다.",작년 3분기(7~9월)에 빚을 내서 집을 사는 행렬에 가계 여유 자금도 3조5000억원쯤 줄어든 것으로 나타났다.,"순자금 운용액은 여윳돈을 뜻하는 것으로 예금, 보험, 연금, 펀드, 주식 등으로 굴린 돈을 나타내는 자금 운용액에서 빌린 돈인 자금 조달액을 뺀 값이다.",TRUE,"현재 문장은 작년 3분기 가계 및 비영리단체의 순자금 운용 규모가 직전 분기 대비 얼마나 줄어들었는지 수치적으로 언급하고 있으며, 이는 국가통계포털(KOSIS)에서 관련 통계를 통해 검증할 수 있는 내용이다.",high,hcx,HCX-007,isclaim-v1.3-prev2-context,2026-08-05
A0046-C005,A0046,"작년 3분기 가계 여유자금, 전분기 대비 3.5조원 줄어",2025-01-08,https://www.chosun.com/economy/economy_general/2025/01/08/7BSTYTMU2FBLNCLOUTBUKTCYQY,1,5,1,가계 및 비영리단체의 순자금 운용액은 작년 1분기 77조6000억원에서 두 분기 연속 줄었다.,"순자금 운용액은 여윳돈을 뜻하는 것으로 예금, 보험, 연금, 펀드, 주식 등으로 굴린 돈을 나타내는 자금 운용액에서 빌린 돈인 자금 조달액을 뺀 값이다.",이는 직전 분기의 41조2000억원보다 3조5000억원가량 줄어든 것이다.,직전 최저치는 2023년 4분기의 29조8000억원이다.,TRUE,"현재 문장은 가계 및 비영리단체의 순자금 운용액이 작년 1분기 대비 두 분기 연속 줄었다는 내용을 포함하며, 이는 KOSIS 국가통계포털에서 관련 통계를 통해 검증할 수 있는 내용이다.",high,hcx,HCX-007,isclaim-v1.3-prev2-context,2026-08-05
A0046-C006,A0046,"작년 3분기 가계 여유자금, 전분기 대비 3.5조원 줄어",2025-01-08,https://www.chosun.com/economy/economy_general/2025/01/08/7BSTYTMU2FBLNCLOUTBUKTCYQY,1,6,1,직전 최저치는 2023년 4분기의 29조8000억원이다.,가계 및 비영리단체의 순자금 운용액은 작년 1분기 77조6000억원에서 두 분기 연속 줄었다.,"순자금 운용액은 여윳돈을 뜻하는 것으로 예금, 보험, 연금, 펀드, 주식 등으로 굴린 돈을 나타내는 자금 운용액에서 빌린 돈인 자금 조달액을 뺀 값이다.","김성준 한은 자금순환팀장은 “가계소득이 늘었지만, 주택 취득도 늘어난 영향”이라고 했다.",TRUE,"현재 문장은 가계 및 비영리단체의 순자금 운용액이 2023년 4분기에 29조8000억원으로 역대 최저치였다는 사실을 주장하며, 이는 KOSIS를 통해 검증 가능한 국내 집계 통계 정보이기 때문에 True로 판단된다.",high,hcx,HCX-007,isclaim-v1.3-prev2-context,2026-08-05
A0046-C008,A0046,"작년 3분기 가계 여유자금, 전분기 대비 3.5조원 줄어",2025-01-08,https://www.chosun.com/economy/economy_general/2025/01/08/7BSTYTMU2FBLNCLOUTBUKTCYQY,1,8,1,통계청에 따르면 작년 3분기 가계소득은 전 분기보다 5.9% 늘었다.,"김성준 한은 자금순환팀장은 “가계소득이 늘었지만, 주택 취득도 늘어난 영향”이라고 했다.",직전 최저치는 2023년 4분기의 29조8000억원이다.,"그러나 작년 3분기 개인 아파트 순취득은 7만2000호로, 작년 1분기(5만6000호), 작년 2분기(5만3000호)보다 크게 늘었다.",TRUE,작년 3분기 가계소득이 전 분기보다 5.9% 늘었다는 것은 KOSIS 국가통계포털에서 확인 가능한 정보이므로 True로 판단합니다.,high,hcx,HCX-007,isclaim-v1.3-prev2-context,2026-08-05
A0046-C009,A0046,"작년 3분기 가계 여유자금, 전분기 대비 3.5조원 줄어",2025-01-08,https://www.chosun.com/economy/economy_general/2025/01/08/7BSTYTMU2FBLNCLOUTBUKTCYQY,1,9,1,"그러나 작년 3분기 개인 아파트 순취득은 7만2000호로, 작년 1분기(5만6000호), 작년 2분기(5만3000호)보다 크게 늘었다.",통계청에 따르면 작년 3분기 가계소득은 전 분기보다 5.9% 늘었다.,"김성준 한은 자금순환팀장은 “가계소득이 늘었지만, 주택 취득도 늘어난 영향”이라고 했다.","가계 및 비영리단체의 자금 조달액 중 주택 담보대출금도 작년 3분기에 전 분기보다 19조4000억원가량 늘며, 작년 1분기(12조4000억원), 2분기(16조원) 규모를 뛰어넘었다.",TRUE,"작년 3분기 개인 아파트 순취득이 이전 분기들에 비해 크게 증가했다는 구체적인 수치 정보를 제공하고 있으며, 이는 국가통계포털(KOSIS)에서 관련 통계를 통해 검증할 수 있는 내용이다.",high,hcx,HCX-007,isclaim-v1.3-prev2-context,2026-08-05
A0046-C010,A0046,"작년 3분기 가계 여유자금, 전분기 대비 3.5조원 줄어",2025-01-08,https://www.chosun.com/economy/economy_general/2025/01/08/7BSTYTMU2FBLNCLOUTBUKTCYQY,1,10,1,"가계 및 비영리단체의 자금 조달액 중 주택 담보대출금도 작년 3분기에 전 분기보다 19조4000억원가량 늘며, 작년 1분기(12조4000억원), 2분기(16조원) 규모를 뛰어넘었다.","그러나 작년 3분기 개인 아파트 순취득은 7만2000호로, 작년 1분기(5만6000호), 작년 2분기(5만3000호)보다 크게 늘었다.",통계청에 따르면 작년 3분기 가계소득은 전 분기보다 5.9% 늘었다.,,TRUE,"현재 문장은 가계 및 비영리단체의 자금 조달액 중 주택 담보대출금이 작년 3분기에 전 분기보다 증가한 것을 언급하며, 이는 KOSIS에서 관련 통계를 통해 검증할 수 있는 내용이다.",high,hcx,HCX-007,isclaim-v1.3-prev2-context,2026-08-05
A0047-C010,A0047,"종신보험의 사망보험금, 살아있을 때 연금처럼 받을 수 있다",2025-01-08,https://www.chosun.com/economy/economy_general/2025/01/08/7NABNLMIERFLLITMX4DDZG37WQ,1,10,1,"종신보험은 보험료 납입 기간이 20~30년인데, 현재 보험료 납입이 끝난 계약은 약 362만건으로 추정된다.",금융위 관계자는 “시가 9억원 이하 주택을 담보로 맡기고 매달 노후 생활 자금을 받는 ‘주택연금’과 유사한 일종의 ‘보험연금’으로 보면 된다”며 “법 개정 없이 보험사들이 자체 규정을 바꿔서 기존 보험계약에 반영하면 된다”고 말했다.,"정부는 수령 가능한 금액과 수령 방식 등 구체적 방안을 국내 20여 생명보험사와 협의를 거쳐 다음 달 발표하고, 이르면 올해 하반기부터 시행할 예정이다.","◇대학·지자체도 코인 투자 가능… 실손보험 90세까지 가입 정부는 고령화에 맞춰 현재 70~75세로 제한된 노후·유병력자의 실손보험 가입 연령을 90세로 올리고, 보장 연령도 100세에서 110세로 올려 의료비 부담을 덜어주기로 했다.",TRUE,"현재 문장은 보험료 납입이 끝난 종신보험 계약 건수에 대한 구체적인 수치를 포함하고 있으며, 이는 국내 집계 통계로서 KOSIS를 통해 대조 및 검증될 가능성이 있다.",high,hcx,HCX-007,isclaim-v1.3-prev2-context,2026-08-05
A0047-C013,A0047,"종신보험의 사망보험금, 살아있을 때 연금처럼 받을 수 있다",2025-01-08,https://www.chosun.com/economy/economy_general/2025/01/08/7NABNLMIERFLLITMX4DDZG37WQ,1,13,1,"이에 따라 주택담보대출 중도상환수수료율은 현재 약 1.2∼1.4%에서 0.6∼0.7%로, 신용대출은 현재 0.6∼0.8%에서 0.4% 수준으로 내려간다.",또 1월부터 은행들이 부과하는 중도상환수수료율은 실제 발생한 비용만 반영할 수 있도록 의무화된다.,"◇대학·지자체도 코인 투자 가능… 실손보험 90세까지 가입 정부는 고령화에 맞춰 현재 70~75세로 제한된 노후·유병력자의 실손보험 가입 연령을 90세로 올리고, 보장 연령도 100세에서 110세로 올려 의료비 부담을 덜어주기로 했다.",금융소비자보호법에 따르면 소비자가 대출한 시점으로부터 3년 이내에 대출금을 갚는 경우 은행이 중도상환수수료를 부과할 수 있다.,TRUE,"현재 문장은 대출 상품의 수수료율 변화에 대한 구체적인 수치를 포함하고 있으며, 이는 금융 관련 통계로서 KOSIS를 통해 대조 및 검증될 수 있다.",high,hcx,HCX-007,isclaim-v1.3-prev2-context,2026-08-05
A0047-C022,A0047,"종신보험의 사망보험금, 살아있을 때 연금처럼 받을 수 있다",2025-01-08,https://www.chosun.com/economy/economy_general/2025/01/08/7NABNLMIERFLLITMX4DDZG37WQ,1,22,1,현재 국내 OTT사들은 서로 다른 환불 규정을 두고 있어 소비자들의 불만이 적지 않다.,공정거래위원회는 이날 업무보고에서 온라인 동영상 서비스(OTT)를 중도 해지할 경우 받게 되는 환불 규정 가이드라인을 마련하겠다고 밝혔다.,"법인의 계좌 발급이 가능해지면, 서울대 등 코인을 기부받은 대학들이 코인을 현금화할 수 있게 된다.",공정위는 가이드라인에 이용 일수에 따라 이용료를 차감하고 나머지 금액을 환불해주는 ‘일할(日割) 계산’ 방식을 포함시킬 계획이다.,TRUE,국내 OTT사들의 환불 규정에 대한 비교나 변화에 대해 언급하며 이는 국내 집계 통계로서 KOSIS 등에서 관련 정보를 찾아볼 수 있을 것이다.,high,hcx,HCX-007,isclaim-v1.3-prev2-context,2026-08-05
A0048-C002,A0048,‘트럼프發 널뛰기’ 시작됐다… 6일밤 출렁댄 강달러,2025-01-08,https://www.chosun.com/economy/economy_general/2025/01/08/CE4Q7O7NMBGEZMFOWSBJAD7SV4,1,2,1,같은 시간 달러 대비 엔화 환율도 157.9엔에서 156.2엔까지 1%가량 곤두박질쳤다.,0 6일 저녁 8시쯤 달러당 1465원을 기록하던 미 달러 대비 원화 환율은 1시간여 만에 1454원까지 떨어졌다.(달러 가치 하락),,유로화 등 주요 6개 통화에 대한 달러 가치를 표시하는 달러 인덱스도 0.7% 이상 떨어졌다.,TRUE,"현재 문장은 달러 대비 엔화 환율의 변화를 언급하며, 이는 국제 금융 시장의 변동성을 나타내는 정보로서 국가 통계 포털(KOSIS)에서 관련 통계를 찾아볼 수 있다.",high,hcx,HCX-007,isclaim-v1.3-prev2-context,2026-08-05
A0048-C003,A0048,‘트럼프發 널뛰기’ 시작됐다… 6일밤 출렁댄 강달러,2025-01-08,https://www.chosun.com/economy/economy_general/2025/01/08/CE4Q7O7NMBGEZMFOWSBJAD7SV4,1,3,1,유로화 등 주요 6개 통화에 대한 달러 가치를 표시하는 달러 인덱스도 0.7% 이상 떨어졌다.,같은 시간 달러 대비 엔화 환율도 157.9엔에서 156.2엔까지 1%가량 곤두박질쳤다.,0 6일 저녁 8시쯤 달러당 1465원을 기록하던 미 달러 대비 원화 환율은 1시간여 만에 1454원까지 떨어졌다.(달러 가치 하락),트럼프가 ‘보편 관세’ 공약을 축소한 ‘선별 관세’를 부과할 것이란 보도 때문이었다.,TRUE,"현재 문장은 달러 인덱스가 0.7% 이상 떨어졌다는 내용을 포함하며, 이는 통화 가치의 변화에 대한 구체적인 수치 정보를 제공합니다.",high,hcx,HCX-007,isclaim-v1.3-prev2-context,2026-08-05
A0048-C017,A0048,‘트럼프發 널뛰기’ 시작됐다… 6일밤 출렁댄 강달러,2025-01-08,https://www.chosun.com/economy/economy_general/2025/01/08/CE4Q7O7NMBGEZMFOWSBJAD7SV4,1,17,1,"게다가 중국만 보복 관세를 물리면 미국의 국내총생산(GDP)이 0.8%, 모든 나라가 보복 관세를 물리면 1.3% 줄어드는 것으로 추정될 정도로 미국도 유탄을 맞을 수밖에 없다고 블룸버그는 분석하고 있다.","트럼프의 조언자들조차 ‘보편 관세’ 계획이 각국의 보복을 부를 수 있다고 보고 있으며, 트럼프 2기 행정부가 관세 인상으로 인한 인플레이션 가능성을 신경 쓸 수밖에 없다는 것도 관세 정책 축소의 한 요인으로 지목됐다.","철강·알루미늄·구리 등의 관세를 올려 방위 산업 공급 산업을 미국으로 끌어들이고, 주사기·제약 재료 등 주요 의료용품과 배터리·희토류·태양광패널 등 에너지 생산 부문에 집중적으로 관세를 매겨, 해당 산업군의 미국 회귀를 이루어 내겠다는 것이다.","하지만 WP 보도 직후 트럼프는 자신의 소셜미디어 트루스소셜에서 “워싱턴포스트는 존재하지도 않는, 소위 익명의 출처를 인용해 나의 관세 정책이 축소할 것이라고 잘못 언급했다. 가짜 뉴스의 또 다른 예”라고 부인했다.",TRUE,"현재 문장은 관세 인상으로 인해 미국의 GDP가 감소할 것이라는 예측을 포함하고 있어, 이는 경제 및 무역에 관련된 통계적 변화를 주장하는 내용이다.",high,hcx,HCX-007,isclaim-v1.3-prev2-context,2026-08-05
A0048-C020,A0048,‘트럼프發 널뛰기’ 시작됐다… 6일밤 출렁댄 강달러,2025-01-08,https://www.chosun.com/economy/economy_general/2025/01/08/CE4Q7O7NMBGEZMFOWSBJAD7SV4,1,20,1,원화 환율도 1460원 선으로 다시 올라갔다.,"트럼프의 이 발언이 나오자 달러인덱스는 단숨에 108.5까지 반등했고, 엔 달러 환율도 157엔을 회복했다.","하지만 WP 보도 직후 트럼프는 자신의 소셜미디어 트루스소셜에서 “워싱턴포스트는 존재하지도 않는, 소위 익명의 출처를 인용해 나의 관세 정책이 축소할 것이라고 잘못 언급했다. 가짜 뉴스의 또 다른 예”라고 부인했다.",트럼프의 부인에도 보편 관세 계획 축소 전망은 여전하다.,TRUE,"현재 문장은 원화 환율이 1460원 선으로 다시 올라갔다는 구체적인 수치 정보를 포함하고 있으며, 이는 KOSIS를 통해 확인 가능한 경제 지표 중 하나이므로 True로 판단된다.",high,hcx,HCX-007,isclaim-v1.3-prev2-context,2026-08-05
A0048-C024,A0048,‘트럼프發 널뛰기’ 시작됐다… 6일밤 출렁댄 강달러,2025-01-08,https://www.chosun.com/economy/economy_general/2025/01/08/CE4Q7O7NMBGEZMFOWSBJAD7SV4,1,24,1,전날보다 16.2원 내렸다.,◇원화 환율 1440원대 7일 서울 외환시장에서 달러 대비 원화 환율은 1453.5원에 마감(오후 3시 30분 기준)했다.,ANZ 아시아 리서치 대표인 쿤 고는 로이터에 “트럼프가 부인했지만 워싱턴포스트의 보도가 사실일 가능성은 여전하다”며 “트럼프는 첫 번째 임기 때처럼 거래를 하려는 모습을 보일 것이며 관세 정책 역시 거래의 대상이 될 것”이라고 했다.,정규장 마감 후엔 1440원대에서 거래가 이뤄졌다.,TRUE,"현재 문장은 원화의 환율이 전날보다 하락했다는 내용을 포함하며, 이는 KOSIS 국가통계포털에서 확인 가능한 경제 지표 중 하나인 환율 변동에 대한 정보이므로 검증 가능하다.",high,hcx,HCX-007,isclaim-v1.3-prev2-context,2026-08-05
A0048-C026,A0048,‘트럼프發 널뛰기’ 시작됐다… 6일밤 출렁댄 강달러,2025-01-08,https://www.chosun.com/economy/economy_general/2025/01/08/CE4Q7O7NMBGEZMFOWSBJAD7SV4,1,26,1,환율이 1450원선 아래로 내려간 것은 작년 12월 23일 이후 2주일 여만이다.,정규장 마감 후엔 1440원대에서 거래가 이뤄졌다.,전날보다 16.2원 내렸다.,"‘트럼프 관세 정책 후퇴’ 여파에, 이날 환 헤지 목적으로 국민연금에서 달러 매도세가 나왔고 3거래일 연속 외국인의 코스피 매수세가 이어져 환율을 끌어내렸다.",TRUE,"환율 변동은 국가 경제와 관련된 중요한 지표로서, KOSIS를 통해 해당 시점에서의 환율 데이터를 확인할 수 있습니다.",high,hcx,HCX-007,isclaim-v1.3-prev2-context,2026-08-05
A0050-C007,A0050,"“한국, 저성장 해결하기 위해 ‘無자녀세’ 도입 검토해야”",2025-01-08,https://www.chosun.com/economy/economy_general/2025/01/08/KKZ7ZPJITFF3REAOSU2JRXUWCA,1,7,1,고령화로 인해 의료비나 사회복지 서비스 비용 등이 오르다 보니 전 세계가 인플레이션을 겪을 것이라는 게 그의 주장이다.,2021년 ‘인구대역전’이라는 저서를 통해 앞으로 변할 인구 구조에 따라 인플레이션의 시대가 올 것이라고 예측했다.,그는 인구경제학의 전문가이기도 하다.,"한국을 여러 차례 방문했던 그는 이번 인터뷰에서 한국 경제의 저성장에 대해 “0.7명에 불과한 낮은 출산율이 원인”이라고 진단하며, 그 해법으로 아이를 낳지 않는 사람들에게 높은 세금을 물리는 이른바 ‘무자녀세(無子女稅)’ 도입 등이 필요하다고 제언했다.",TRUE,"문장에서 고령화로 인한 의료비와 사회복지 서비스 비용 상승이 전 세계적인 인플레이션을 초래할 것이라는 주장을 하고 있으며, 이는 인구 구조 변화에 따른 경제적 영향을 설명하는 내용으로 국가 통계 포털(KOSIS)에서 관련 통계를 통해 검증할 수 있을 것으로 보인다.",high,hcx,HCX-007,isclaim-v1.3-prev2-context,2026-08-05
A0050-C008,A0050,"“한국, 저성장 해결하기 위해 ‘無자녀세’ 도입 검토해야”",2025-01-08,https://www.chosun.com/economy/economy_general/2025/01/08/KKZ7ZPJITFF3REAOSU2JRXUWCA,1,8,1,"한국을 여러 차례 방문했던 그는 이번 인터뷰에서 한국 경제의 저성장에 대해 “0.7명에 불과한 낮은 출산율이 원인”이라고 진단하며, 그 해법으로 아이를 낳지 않는 사람들에게 높은 세금을 물리는 이른바 ‘무자녀세(無子女稅)’ 도입 등이 필요하다고 제언했다.",고령화로 인해 의료비나 사회복지 서비스 비용 등이 오르다 보니 전 세계가 인플레이션을 겪을 것이라는 게 그의 주장이다.,2021년 ‘인구대역전’이라는 저서를 통해 앞으로 변할 인구 구조에 따라 인플레이션의 시대가 올 것이라고 예측했다.,–올해 미국 경제는 어떻게 될까.,TRUE,"현재 문장은 한국의 낮은 출산율(0.7명)이 한국 경제의 저성장의 원인이라고 주장하고 있으며, 이는 KOSIS 등의 국가통계포털에서 확인 가능한 인구 관련 통계 자료로 검증 가능하다.",high,hcx,HCX-007,isclaim-v1.3-prev2-context,2026-08-05
A0050-C012,A0050,"“한국, 저성장 해결하기 위해 ‘無자녀세’ 도입 검토해야”",2025-01-08,https://www.chosun.com/economy/economy_general/2025/01/08/KKZ7ZPJITFF3REAOSU2JRXUWCA,1,12,1,“강달러는 2년 동안 이어질 것이다. 그러다 2026년쯤 되면 트럼프는 (경제 활성화를 위해) 연방준비제도에 금리 인상을 억제하라고 압력을 가할 가능성이 크다. 금리 인상이 억제되면 달러 가치는 급격히 떨어질 가능성이 크다.”,–전 세계가 미국 달러 강세 때문에 어려움을 겪고 있다.,"“앞으로 세계 경제에는 각종 정치 상황이 매우 중요한 영향을 끼칠 것이다. 특히 트럼프 당선인이 우크라이나 전쟁을 종식시키고, 중동 긴장도 누그러지면 세계 에너지 가격이 크게 떨어질 수 있다. 이 경우 미국 경제는 향후 2년 동안 저물가에 고성장이라는 최고의 상황을 맞게 된다. 트럼프는 금리를 낮춰 자신이 원하는 재정 정책을 펼 수 있게 된다. 트럼프 초기 2년 동안 미국 경제는 매우 성공적인 것처럼 보일 것이다.”",–트럼프 2기 내내 호황일까.,TRUE,현재 문장은 '금리 인상 억제로 인해 달러 가치가 급격히 떨어질 가능성'을 언급하며 이는 통화 정책 및 환율 변화에 대한 예측이므로 KOSIS 통계로 검증 가능하다.,high,hcx,HCX-007,isclaim-v1.3-prev2-context,2026-08-05
A0050-C014,A0050,"“한국, 저성장 해결하기 위해 ‘無자녀세’ 도입 검토해야”",2025-01-08,https://www.chosun.com/economy/economy_general/2025/01/08/KKZ7ZPJITFF3REAOSU2JRXUWCA,1,14,1,“2026년 말부터 물가가 폭등하면서 미국 경제가 매우 어려움에 빠질 가능성이 크다. 트럼프가 내세운 세금 감면이나 관세 부과 등으로 인해 2026년 하반기부터 미국 채권 금리는 큰 폭으로 오를 것이다. 이로 인해 큰 어려움에 빠질 가능성이 크다.”,–트럼프 2기 내내 호황일까.,“강달러는 2년 동안 이어질 것이다. 그러다 2026년쯤 되면 트럼프는 (경제 활성화를 위해) 연방준비제도에 금리 인상을 억제하라고 압력을 가할 가능성이 크다. 금리 인상이 억제되면 달러 가치는 급격히 떨어질 가능성이 크다.”,–세계 경제에서 미국만 독주하는데.,TRUE,"현재 문장은 미국의 경제 상황에 대한 예측 및 변화를 언급하며, 특히 채권 금리의 상승과 그로 인한 경제적 어려움을 주장합니다.",mid,hcx,HCX-007,isclaim-v1.3-prev2-context,2026-08-05
A0050-C018,A0050,"“한국, 저성장 해결하기 위해 ‘無자녀세’ 도입 검토해야”",2025-01-08,https://www.chosun.com/economy/economy_general/2025/01/08/KKZ7ZPJITFF3REAOSU2JRXUWCA,1,18,1,"“한국이 겪는 어려움에는 0.7명이라는 낮은 출산율이 영향을 끼쳤다. 누구나 나이가 들면 능력이 떨어지고, 몸이 아프다. 그러면 병원에 가서 치료해야 하는데, 이는 경제활동을 하는 젊은 사람들이 내는 세금이 있어야 가능하다. 어떤 이유에서든 자녀가 없는 사람들은 늙었을 때 다른 사람의 자녀가 내는 세금으로 살아야 한다. 이 상황이 공평하지 않다는 것을 인식해야 한다. 이를 해결하기 위해서는 자녀가 있는 사람들의 세금은 낮추고, 없는 사람의 세금을 높이는 식으로 세금 체계를 바꿀 필요가 있다.”",–한국도 성장률이 1%대로 떨어질 것이라는 우울한 전망이다.,"“각국 경제는 점점 서비스 지향적으로 바뀌고 있다. 이런 상황에서 중동이나 아프리카 국가 일부를 제외하면 노동 인구는 감소하고 있다. 성장이 둔화할 수밖에 없는 상황이다. 저금리 시대가 끝나가는 점도 악재다. 과거 세계는 아시아, 특히 값싼 노동력이 많은 중국으로 생산지를 옮겨 금리를 낮게 유지할 수 있었다. 이를 통해 걱정 없이 재정 정책을 펼 수 있었고, 경제 성장률이 금리보다 높았다. 이제는 반대 현상이 나타나고 있다. 특히 유럽은 정치·경제 어려움 때문에 미국보다 훨씬 더 빠르게 성장세가 둔화하면서 금리와 성장률이 역전됐다. 유럽의 저성장 문제는 이어질 것으로 본다.”",–한국은 미국과 중국 사이 어떤 전략을 세워야 하나.,TRUE,"현재 문장은 한국의 낮은 출산율(0.7명)이 경제적 어려움에 영향을 미친다는 내용을 포함하며, 이는 인구 및 고용 관련 통계로서 KOSIS에서 검증 가능한 내용이다.",high,hcx,HCX-007,isclaim-v1.3-prev2-context,2026-08-05
A0034-C003,A0034,"보조금 폐지한 독일, 전기차 판매 급감...유럽 최대 전기차 시장도 영국에 넘겨줘",2025-01-07,https://www.chosun.com/economy/auto/2025/01/07/Y62DLGXPGZCNNK2IBLFZNNKMKY,1,3,1,6일(현지 시각) 독일 연방도로교통청(KBA)에 따르면 지난해 신규 등록 전기차는 38만609대로 2023년 52만4219대에서 27.4％ 감소했다.,유럽 내 전기차 시장 1위 자리도 영국에 내줬다.,유럽 최대 자동차 시장 독일에서 지난해 전기차 판매량이 급감했다.,전기차 판매가 급감하면서 전체 신규 등록 차량은 같은 기간 284만4609대에서 281만7331대로 1.0％ 감소했다.,TRUE,"현재 문장은 독일의 전기차 신규 등록 수가 전년에 비해 얼마나 감소했는지를 구체적인 수치와 함께 제시하고 있으며, 이는 국가 단위의 통계 정보로서 KOSIS를 통해 검증 가능하다.",high,hcx,HCX-007,isclaim-v1.3-prev2-context,2026-08-05
A0034-C004,A0034,"보조금 폐지한 독일, 전기차 판매 급감...유럽 최대 전기차 시장도 영국에 넘겨줘",2025-01-07,https://www.chosun.com/economy/auto/2025/01/07/Y62DLGXPGZCNNK2IBLFZNNKMKY,1,4,1,전기차 판매가 급감하면서 전체 신규 등록 차량은 같은 기간 284만4609대에서 281만7331대로 1.0％ 감소했다.,6일(현지 시각) 독일 연방도로교통청(KBA)에 따르면 지난해 신규 등록 전기차는 38만609대로 2023년 52만4219대에서 27.4％ 감소했다.,유럽 내 전기차 시장 1위 자리도 영국에 내줬다.,"다만 하이브리드차는 12.7％, 휘발유차가 9％ 늘었다.",TRUE,"전기차 판매 감소 및 전체 신규 등록 차량의 변화에 대한 통계적 주장을 하고 있으며, 이는 국가통계포털(KOSIS)에서 검증 가능한 내용임.",high,hcx,HCX-007,isclaim-v1.3-prev2-context,2026-08-05
A0050-C017,A0050,"“한국, 저성장 해결하기 위해 ‘無자녀세’ 도입 검토해야”",2025-01-08,https://www.chosun.com/economy/economy_general/2025/01/08/KKZ7ZPJITFF3REAOSU2JRXUWCA,1,17,1,–한국도 성장률이 1%대로 떨어질 것이라는 우울한 전망이다.,"“각국 경제는 점점 서비스 지향적으로 바뀌고 있다. 이런 상황에서 중동이나 아프리카 국가 일부를 제외하면 노동 인구는 감소하고 있다. 성장이 둔화할 수밖에 없는 상황이다. 저금리 시대가 끝나가는 점도 악재다. 과거 세계는 아시아, 특히 값싼 노동력이 많은 중국으로 생산지를 옮겨 금리를 낮게 유지할 수 있었다. 이를 통해 걱정 없이 재정 정책을 펼 수 있었고, 경제 성장률이 금리보다 높았다. 이제는 반대 현상이 나타나고 있다. 특히 유럽은 정치·경제 어려움 때문에 미국보다 훨씬 더 빠르게 성장세가 둔화하면서 금리와 성장률이 역전됐다. 유럽의 저성장 문제는 이어질 것으로 본다.”",–세계 경제에서 미국만 독주하는데.,"“한국이 겪는 어려움에는 0.7명이라는 낮은 출산율이 영향을 끼쳤다. 누구나 나이가 들면 능력이 떨어지고, 몸이 아프다. 그러면 병원에 가서 치료해야 하는데, 이는 경제활동을 하는 젊은 사람들이 내는 세금이 있어야 가능하다. 어떤 이유에서든 자녀가 없는 사람들은 늙었을 때 다른 사람의 자녀가 내는 세금으로 살아야 한다. 이 상황이 공평하지 않다는 것을 인식해야 한다. 이를 해결하기 위해서는 자녀가 있는 사람들의 세금은 낮추고, 없는 사람의 세금을 높이는 식으로 세금 체계를 바꿀 필요가 있다.”",TRUE,"현재 문장은 한국의 성장률이 1%대로 떨어질 것이라는 예측을 하고 있으며, 이는 KOSIS를 통해 확인 가능한 경제 성장률 관련 정보이므로 True로 판단된다.",high,hcx,HCX-007,isclaim-v1.3-prev2-context,2026-08-05
