claim_id,claim_measurement_id,article_id,title,date,url,claim_text,prev_sentence,next_sentence,claim_domain_scope,is_recurring_series,metric_domain,indicator,keywords,region,age_group,gender,industry_or_item,population_etc,origin_country,destination_country,period,period_end,prd_se,time_resolution_status,measurement_text,measurement_usage,measurement_source,measurement_indicator,measurement_item,measurement_period,measurement_prd_se,measurement_binding_source,measurement_role,value,value_min,value_max,value_approximate,unit,value_type,direction,change_base,evidence_text,extraction_confidence,needs_review,review_reason,measurement_repaired,measurement_fallback_count,measurement_binding_fallback_count,extraction_model,prompt_version,extracted_at,claim_indicator,claim_industry_or_item,claim_period,claim_prd_se,raw_unit,canonical_unit,unit_dimension,semantic_type,entity_type,comparison_period,mapping_eligible,mapping_exclusion_code,mapping_exclusion_reason
A0321-C002,A0321-C002-m2,A0321,“예적금 금리 또 떨어졌어?”… 남아 있는 ‘3% 예금·5% 적금’ 상품은,2025-01-25,https://www.chosun.com/economy/money/2025/01/25/7CFNMGHHWTXJHHOKXZSTNPMWQA,남아 있는 '3% 예금·5% 적금' 상품은 시중·지방·인터넷은행 수신 금리 낮춰 19개 은행 예금 중 금리 3% 초과 5개뿐 5% 넘는 1년 만기 적금도 5개…자격 조건 제한 김보연 기자(조선비즈) 입력 2025.01.25.,"2026년 4월 21일(화) 신문구독 | English | 日本語 | 中文 0 조선경제 오피니언 정치 사회 국제 건강 스포츠 문화·연예 콘텐츠판 땅집고 BEMIL 군사세계 헬스조선 IT조선 조선에듀 어린이조선일보 산&트래블 이코노미조선 신문은 선생님 THE BOUTIQUE 행복플러스 주간조선 여성조선 월간조선 민학수 올댓골프 Topclass Life&Learning English 日本語 中文 검색 2026년 4월 21일(화) 신문구독 | English | 日本語 | 中文 0 신문구독 | English | 日本語 | 中文 조선경제 오피니언 정치 사회 국제 건강 스포츠 문화·연예 콘텐츠판 땅집고 BEMIL 군사세계 헬스조선 IT조선 조선에듀 어린이조선일보 산&트래블 이코노미조선 신문은 선생님 THE BOUTIQUE 행복플러스 주간조선 여성조선 월간조선 민학수 올댓골프 Topclass Life&Learning 콘텐츠판 땅집고 BEMIL 군사세계 헬스조선 IT조선 조선에듀 어린이조선일보 산&트래블 이코노미조선 신문은 선생님 THE BOUTIQUE 행복플러스 주간조선 여성조선 월간조선 민학수 올댓골프 Topclass Life&Learning 땅집고 BEMIL 군사세계 헬스조선 IT조선 조선에듀 어린이조선일보 산&트래블 이코노미조선 신문은 선생님 THE BOUTIQUE 행복플러스 주간조선 여성조선 월간조선 민학수 올댓골프 Topclass Life&Learning 조선경제 머니 ""예적금 금리 또 떨어졌어?""…",06:00 업데이트 2025.01.25.,국내공식통계,N,금융·금리,적금 금리,"예금, 적금, 금리, 은행, 수신",-,-,-,,-,-,-,202501,-,M,확정,5%,KOSIS_VALUE,hcx,적금 금리,-,202501,M,hcx,현재값,5,-,-,N,%,수준값,-,전년동기,남아 있는 '3% 예금·5% 적금' 상품은 시중·지방·인터넷은행 수신 금리 낮춰 19개 은행 예금 중 금리 3% 초과 5개뿐 5% 넘는 1년 만기 적금도 5개…자격 조건 제한,high,N,-,Y,0,0,HCX-007,v1.5-measurement-binding,2026-07-27,예금·적금 금리,,202501,M,%,%,rate,level,unspecified,,Y,,
A0321-C002,A0321-C002-m3,A0321,“예적금 금리 또 떨어졌어?”… 남아 있는 ‘3% 예금·5% 적금’ 상품은,2025-01-25,https://www.chosun.com/economy/money/2025/01/25/7CFNMGHHWTXJHHOKXZSTNPMWQA,남아 있는 '3% 예금·5% 적금' 상품은 시중·지방·인터넷은행 수신 금리 낮춰 19개 은행 예금 중 금리 3% 초과 5개뿐 5% 넘는 1년 만기 적금도 5개…자격 조건 제한 김보연 기자(조선비즈) 입력 2025.01.25.,"2026년 4월 21일(화) 신문구독 | English | 日本語 | 中文 0 조선경제 오피니언 정치 사회 국제 건강 스포츠 문화·연예 콘텐츠판 땅집고 BEMIL 군사세계 헬스조선 IT조선 조선에듀 어린이조선일보 산&트래블 이코노미조선 신문은 선생님 THE BOUTIQUE 행복플러스 주간조선 여성조선 월간조선 민학수 올댓골프 Topclass Life&Learning English 日本語 中文 검색 2026년 4월 21일(화) 신문구독 | English | 日本語 | 中文 0 신문구독 | English | 日本語 | 中文 조선경제 오피니언 정치 사회 국제 건강 스포츠 문화·연예 콘텐츠판 땅집고 BEMIL 군사세계 헬스조선 IT조선 조선에듀 어린이조선일보 산&트래블 이코노미조선 신문은 선생님 THE BOUTIQUE 행복플러스 주간조선 여성조선 월간조선 민학수 올댓골프 Topclass Life&Learning 콘텐츠판 땅집고 BEMIL 군사세계 헬스조선 IT조선 조선에듀 어린이조선일보 산&트래블 이코노미조선 신문은 선생님 THE BOUTIQUE 행복플러스 주간조선 여성조선 월간조선 민학수 올댓골프 Topclass Life&Learning 땅집고 BEMIL 군사세계 헬스조선 IT조선 조선에듀 어린이조선일보 산&트래블 이코노미조선 신문은 선생님 THE BOUTIQUE 행복플러스 주간조선 여성조선 월간조선 민학수 올댓골프 Topclass Life&Learning 조선경제 머니 ""예적금 금리 또 떨어졌어?""…",06:00 업데이트 2025.01.25.,국내공식통계,N,금융·금리,은행 수,"예금, 적금, 금리, 은행, 수신",-,-,-,,-,-,-,202501,-,M,확정,19개,KOSIS_VALUE,hcx,은행 수,-,202501,M,hcx,현재값,19,-,-,N,개,수준값,-,전년동기,남아 있는 '3% 예금·5% 적금' 상품은 시중·지방·인터넷은행 수신 금리 낮춰 19개 은행 예금 중 금리 3% 초과 5개뿐 5% 넘는 1년 만기 적금도 5개…자격 조건 제한,high,N,-,Y,0,0,HCX-007,v1.5-measurement-binding,2026-07-27,예금·적금 금리,,202501,M,개,개,count,count,unspecified,,Y,,
A0321-C002,A0321-C002-m4,A0321,“예적금 금리 또 떨어졌어?”… 남아 있는 ‘3% 예금·5% 적금’ 상품은,2025-01-25,https://www.chosun.com/economy/money/2025/01/25/7CFNMGHHWTXJHHOKXZSTNPMWQA,남아 있는 '3% 예금·5% 적금' 상품은 시중·지방·인터넷은행 수신 금리 낮춰 19개 은행 예금 중 금리 3% 초과 5개뿐 5% 넘는 1년 만기 적금도 5개…자격 조건 제한 김보연 기자(조선비즈) 입력 2025.01.25.,"2026년 4월 21일(화) 신문구독 | English | 日本語 | 中文 0 조선경제 오피니언 정치 사회 국제 건강 스포츠 문화·연예 콘텐츠판 땅집고 BEMIL 군사세계 헬스조선 IT조선 조선에듀 어린이조선일보 산&트래블 이코노미조선 신문은 선생님 THE BOUTIQUE 행복플러스 주간조선 여성조선 월간조선 민학수 올댓골프 Topclass Life&Learning English 日本語 中文 검색 2026년 4월 21일(화) 신문구독 | English | 日本語 | 中文 0 신문구독 | English | 日本語 | 中文 조선경제 오피니언 정치 사회 국제 건강 스포츠 문화·연예 콘텐츠판 땅집고 BEMIL 군사세계 헬스조선 IT조선 조선에듀 어린이조선일보 산&트래블 이코노미조선 신문은 선생님 THE BOUTIQUE 행복플러스 주간조선 여성조선 월간조선 민학수 올댓골프 Topclass Life&Learning 콘텐츠판 땅집고 BEMIL 군사세계 헬스조선 IT조선 조선에듀 어린이조선일보 산&트래블 이코노미조선 신문은 선생님 THE BOUTIQUE 행복플러스 주간조선 여성조선 월간조선 민학수 올댓골프 Topclass Life&Learning 땅집고 BEMIL 군사세계 헬스조선 IT조선 조선에듀 어린이조선일보 산&트래블 이코노미조선 신문은 선생님 THE BOUTIQUE 행복플러스 주간조선 여성조선 월간조선 민학수 올댓골프 Topclass Life&Learning 조선경제 머니 ""예적금 금리 또 떨어졌어?""…",06:00 업데이트 2025.01.25.,국내공식통계,N,금융·금리,금리 3% 초과 은행 수,"예금, 적금, 금리, 은행, 수신",-,-,-,,-,-,-,202501,-,M,확정,5개,KOSIS_VALUE,hcx,금리 3% 초과 은행 수,-,202501,M,hcx,현재값,5,-,-,N,개,수준값,-,전년동기,남아 있는 '3% 예금·5% 적금' 상품은 시중·지방·인터넷은행 수신 금리 낮춰 19개 은행 예금 중 금리 3% 초과 5개뿐 5% 넘는 1년 만기 적금도 5개…자격 조건 제한,high,N,-,Y,0,0,HCX-007,v1.5-measurement-binding,2026-07-27,예금·적금 금리,,202501,M,개,개,count,count,unspecified,,Y,,
A1436-C005,A1436-C005-m1,A1436,사상 첫 ‘4분기 연속 0.1% 이하 성장’ 쇼크 오나,2025-04-21,https://www.chosun.com/economy/economy_general/2025/04/21/IJL2AD4SB5ETLABUQTFBKVHC7I,"◇‘4개 분기 연속 제로 성장’ 쇼크 한국은행은 지난 17일 ‘올해 1분기(1~3월) 및 향후 성장 흐름 평가’ 보고서에서 “1분기 우리나라 성장률이 지난 2월에 내놓은 전망치인 0.2%보다 더 낮으며, 마이너스(-) 성장 가능성도 배제할 수 없는 상황”이라고 했다.","전문가들은 “내수가 살아나지 않는 데다가 잠재성장률도 낮다 보니 회복력마저 떨어진 결과”라며 “우선 내수를 살리기 위해 추가경정예산(추경), 금리 인하 등 적극적 대책이 필요하다”고 하고 있다.",아무리 선방해도 0.1%보다 높은 성장을 기대하기 어렵다는 얘기다.,국내공식통계,Y,생산·산업,분기 연속 성장,"한국은행, 경제성장률, 분기, 성장률 전망치",-,-,-,,-,-,-,2025Q1,-,Q,확정,4개,KOSIS_VALUE,hcx,분기 연속 성장,-,2025Q1,Q,hcx,현재값,4,-,-,N,개,수준값,유지,전분기,"한국은행은 지난 17일 ‘올해 1분기(1~3월) 및 향후 성장 흐름 평가’ 보고서에서 ""1분기 우리나라 성장률이 지난 2월에 내놓은 전망치인 0.2%보다 더 낮으며, 마이너스(-) 성장 가능성도 배제할 수 없는 상황""이라고 했다.",high,N,-,Y,0,0,HCX-007,v1.5-measurement-binding,2026-07-27,경제성장률,,2025Q1,Q,개,개,count,count,unspecified,,Y,,
A1436-C005,A1436-C005-m2,A1436,사상 첫 ‘4분기 연속 0.1% 이하 성장’ 쇼크 오나,2025-04-21,https://www.chosun.com/economy/economy_general/2025/04/21/IJL2AD4SB5ETLABUQTFBKVHC7I,"◇‘4개 분기 연속 제로 성장’ 쇼크 한국은행은 지난 17일 ‘올해 1분기(1~3월) 및 향후 성장 흐름 평가’ 보고서에서 “1분기 우리나라 성장률이 지난 2월에 내놓은 전망치인 0.2%보다 더 낮으며, 마이너스(-) 성장 가능성도 배제할 수 없는 상황”이라고 했다.","전문가들은 “내수가 살아나지 않는 데다가 잠재성장률도 낮다 보니 회복력마저 떨어진 결과”라며 “우선 내수를 살리기 위해 추가경정예산(추경), 금리 인하 등 적극적 대책이 필요하다”고 하고 있다.",아무리 선방해도 0.1%보다 높은 성장을 기대하기 어렵다는 얘기다.,국내공식통계,Y,생산·산업,경제성장률,"한국은행, 경제성장률, 분기, 성장률 전망치",-,-,-,,-,-,-,2025Q1,-,Q,확정,0.2%,KOSIS_VALUE,hcx,경제성장률,-,2025Q1,Q,hcx,현재값,0.2,-,-,N,%,수준값,유지,전분기,"한국은행은 지난 17일 ‘올해 1분기(1~3월) 및 향후 성장 흐름 평가’ 보고서에서 ""1분기 우리나라 성장률이 지난 2월에 내놓은 전망치인 0.2%보다 더 낮으며, 마이너스(-) 성장 가능성도 배제할 수 없는 상황""이라고 했다.",high,N,-,Y,0,0,HCX-007,v1.5-measurement-binding,2026-07-27,경제성장률,,2025Q1,Q,%,%,rate,level,unspecified,,Y,,
A0333-C003,A0333-C003-m1,A0333,“하루도 안 빼고 1조6000억원 순매수” 연기금 연초 코스피 상승 주도,2025-01-26,https://www.chosun.com/economy/money/2025/01/26/3T4L54DT3BXJZWJIQZTNOI736M,16:03 0 연기금이 올 1월 유가증권시장에서 1조6000억원어치를 순매수하며 코스피지수 상승을 이끈 것으로 나타났다.,13:55 업데이트 2025.01.26.,26일 한국거래소에 따르면 국민연금 등 연기금은 연초 이후 지난 24일까지 유가증권시장(코스피)에서 1조6132억원을 순매수했다.,국내공식통계,N,금융·금리,순매수액,"연기금, 코스피, 순매수",-,-,-,,-,-,-,202501,-,M,확정,1조6000억원,KOSIS_VALUE,hcx,순매수액,-,202501,M,hcx,현재값,1600000000000,-,-,N,원,수준값,증가,전년동기,"""16:03 0 연기금이 올 1월 유가증권시장에서 1조6000억원어치를 순매수하며 코스피지수 상승을 이끈 것으로 나타났다.""",high,N,-,N,0,0,HCX-007,v1.5-measurement-binding,2026-07-27,순매수액,,202501,M,원,원,currency,amount,unspecified,,Y,,
A1218-C001,A1218-C001-m1,A1218,트럼프 관세 여파로 외국인 직접투자액 1분기 9.2% 줄어,2025-04-04,https://www.chosun.com/economy/industry-company/2025/04/04/HWJVCRJQ5FDRPI7DW3X5AERARI,올해 1분기(1~3월) 우리나라로 들어온 외국인 직접투자(FDI)가 작년 같은 기간 대비 9.2% 줄었다.,-,"지난 1월 도널드 트럼프 미 대통령이 취임 후 ‘관세 폭탄’으로 인한 불확실성 때문에 중국발 투자가 급감하고, 다른 글로벌 기업들도 투자 관망세가 짙어진 영향이라는 분석이다.",국내공식통계,Y,무역,외국인직접투자액,"외국인직접투자, FDI, 관세폭탄, 트럼프",-,-,-,,-,-,-,2025Q1,-,Q,확정,9.2%,KOSIS_VALUE,hcx,외국인직접투자액,-,2025Q1,Q,hcx,증감률,9.2,-,-,N,%,증감률,감소,전년동기,올해 1분기(1~3월) 우리나라로 들어온 외국인 직접투자(FDI)가 작년 같은 기간 대비 9.2% 줄었다.,high,N,-,N,0,0,HCX-007,v1.5-measurement-binding,2026-07-27,외국인직접투자액,,2025Q1,Q,%,%,rate,rate_change,unspecified,2024,Y,,
A0748-C007,A0748-C007-m1,A0748,출산율 9년 만에 반등… “앞으로 7년이 골든타임”,2025-02-27,https://www.chosun.com/economy/economy_general/2025/02/27/JSTSHA6HNJHELOV3RULNHTIZBI,합계 출산율이 1.24명이었던 2015년 이후 처음으로 출산율이 올랐다.,여성 1명이 낳을 것으로 예상되는 아이 수를 뜻하는 합계 출산율은 작년 0.75명으로 역대 최저였던 2023년(0.72명)보다 0.03명 늘었다.,작년 혼인 건수도 22만2422건에 달해 전년 대비 14.9% 늘었다.,국내공식통계,N,인구,합계 출산율,"출산율, 인구, 합계 출산율",-,-,-,,-,-,-,2015,-,Y,확정,1.24명,KOSIS_VALUE,hcx,합계 출산율,-,2015,Y,hcx,현재값,1.24,-,-,N,명,수준값,증가,전년동기,합계 출산율이 1.24명이었던 2015년 이후 처음으로 출산율이 올랐다.,high,N,-,N,0,0,HCX-007,v1.5-measurement-binding,2026-07-27,합계 출산율,,2025,Y,명,명,person_count,count,unspecified,,Y,,
A0290-C015,A0290-C015-m1,A0290,"“한국, 20년간 10대 수출품목 그대로… 끓는 냄비 속 개구리”",2025-01-23,https://www.chosun.com/economy/economy_general/2025/01/23/53AOV7MK3BAPZG4STEVXENK644,"지난 2005년과 작년, 한국의 10대 수출 품목을 비교하면 컴퓨터가 제외되고, 가전제품이 새로 진입한 것 외에는 아무 변화가 없었다.","◇신기술도 변화도 없는 한국, “뜨거운 물 끼얹어야” 맥킨지는 지난 20년간 변화가 없는 한국의 수출 구조도 한국 경제의 어려움을 가속하는 주요 원인으로 꼽았다.","지난해 1위였던 반도체는, 2005년에도 1위였고, 2005년 2위였던 자동차는 지난해에도 2위로 순위 변화가 없었다.",국내공식통계,N,무역,수출 품목 수,"수출품목, 10대, 컴퓨터, 가전제품, 반도체, 자동차",-,-,-,,-,-,-,2005,-,Y,확정,10대,KOSIS_VALUE,hcx,수출 품목 수,-,2005,Y,hcx,현재값,10,-,-,N,대,수준값,-,전년,"지난 2005년과 작년, 한국의 10대 수출 품목을 비교하면 컴퓨터가 제외되고, 가전제품이 새로 진입한 것 외에는 아무 변화가 없었다.",high,N,-,N,0,0,HCX-007,v1.5-measurement-binding,2026-07-27,10대 수출 품목,,2024,Y,대,대,count,count,unspecified,,Y,,
A1798-C006,A1798-C006-m1,A1798,[모닝] 브라질에서 터진 조류인플루엔자… 순살 치킨 값 오르나,2025-05-19,https://www.chosun.com/economy/economy_general/2025/05/19/SDVLEHC5O5HQRDA64LNPPHDWVM,"한국농수산식품유통공사(aT) 농식품수출정보에 따르면, 지난해 한국은 전체 닭고기 수입량 24만9751t 중 71.6%가량인 17만8956t을 브라질에서 들여왔다.",이번 조치로 브라질산 닭고기를 주로 쓰는 순살 치킨 값이 타격을 받을 것이란 전망이 나온다.,"국내 치킨 업체들은 뼈가 있는 치킨의 경우 주로 국내산을 쓰지만, 순살 치킨이나 닭강정류는 브라질산 닭고기를 사용하는 경우가 대부분이다.",국내공식통계,N,무역,닭고기 수입량 비중,"한국, 브라질, 닭고기, 수입량, aT, 농식품수출정보",-,-,-,닭고기,-,브라질,한국,2024,-,Y,확정,71.6%가량,KOSIS_VALUE,hcx,닭고기 수입량 비중,닭고기,2024,Y,hcx,현재값,71.6,-,-,Y,%,비중,-,전년,"한국농수산식품유통공사(aT) 농식품수출정보에 따르면, 지난해 한국은 전체 닭고기 수입량 24만9751t 중 71.6%가량인 17만8956t을 브라질에서 들여왔다.",high,N,-,N,0,0,HCX-007,v1.5-measurement-binding,2026-07-27,닭고기 수입량 비중,닭고기,2024,Y,%,%,rate,level,item,,Y,,
A0096-C003,A0096-C003-m2,A0096,"작년 3분기 가계 여유자금, 전분기 대비 3.5조원 줄어",2025-01-08,https://www.chosun.com/economy/economy_general/2025/01/08/7BSTYTMU2FBLNCLOUTBUKTCYQY,이는 직전 분기의 41조2000억원보다 3조5000억원가량 줄어든 것이다.,"7일 한국은행이 발표한 자금 순환 통계에 따르면, 작년 3분기 가계 및 비영리단체의 순자금 운용 규모는 37조7000억원으로 집계됐다.","순자금 운용액은 여윳돈을 뜻하는 것으로 예금, 보험, 연금, 펀드, 주식 등으로 굴린 돈을 나타내는 자금 운용액에서 빌린 돈인 자금 조달액을 뺀 값이다.",국내공식통계,Y,재정·조세,순자금 운용액 감소폭,"가계 여유자금, 전분기 대비, 3.5조원",-,-,-,,-,-,-,2024Q3,-,Q,확정,3조5000억원가량,KOSIS_VALUE,hcx,순자금 운용액 감소폭,-,2024Q3,Q,hcx,증감값,3500000000000,-,-,Y,원,증감량,감소,전분기,이는 직전 분기의 41조2000억원보다 3조5000억원가량 줄어든 것이다.,high,N,-,Y,0,0,HCX-007,v1.5-measurement-binding,2026-07-27,순자금 운용액,,2024Q3,Q,원,원,currency,absolute_change,unspecified,,Y,,
A1123-C005,A1123-C005-m1,A1123,"女 대졸 이상 비율, 80년대생부터 男 앞서",2025-03-28,https://www.chosun.com/economy/economy_general/2025/03/28/FV56ZTW6QJB45D7N322ZPHFHYU,1975~1976년생도 남성의 고학력 비율(62.9%)이 여성(60.2%)보다 높다.,"보고서에 따르면, 1970~1974년생 남성의 고학력자 비율은 53.5%로 여성(45.8%)보다 7.7%포인트 높았다.",반면 1980~1984년생부터는 여성의 고학력자 비율이 72.1%로 남성(69.4%)을 2.7%포인트 앞섰다.,국내공식통계,N,인구,남성 고학력자 비율,"여성, 남성, 대졸 이상, 비율, 1975~1976년생, 1980~1984년생",-,1975~1976년생; 1980~1984년생,전체,1975~1976년생,-,-,-,1976,-,Y,확정,62.9%,KOSIS_VALUE,hcx,남성 고학력자 비율,1975~1976년생,1976,Y,hcx,현재값,62.9,-,-,N,%,비중,유지,전년,1975~1976년생도 남성의 고학력 비율(62.9%)이 여성(60.2%)보다 높다.,high,Y,measurement_period_ungrounded:1,N,0,0,HCX-007,v1.5-measurement-binding,2026-07-27,고학력자 비율,,2025,Y,%,%,rate,rate_level,item,,Y,,
A2696-C058,A2696-C058-m1,A2696,5년마다 돌아오는 인구조사... 호구조사 같지만 정책에 쓰인다,2025-11-08,https://www.chosun.com/national/weekend/2025/11/08/ZXTXYIJJFJFLTIJZMLEW4IDNN4/,2005년 조사에서 15세 이상 기혼 여성 중 93%가 ‘추가 자녀 계획이 없다’고 답했다.,약 40년 만에 국가 인구 정책 방향이 정반대로 바뀐 것이다.,1975년 4.2%였던 1인 가구 비율은 2020년 세 집 중 한 집꼴(31.7%)로 크게 늘었다.,국내공식통계,Y,인구,추가 자녀 계획 없음 비율,"인구조사, 추가 자녀 계획",-,15세 이상,여,,-,-,-,2005,-,Y,확정,93%,KOSIS_VALUE,hcx,추가 자녀 계획 없음 비율,-,2005,Y,hcx,현재값,93,-,-,N,%,비중,-,특정시점,[검증 대상 문장],high,N,-,N,0,0,HCX-007,v1.5-measurement-binding,2026-07-27,추가 자녀 계획 여부,,2005,Y,%,%,rate,rate_level,unspecified,,Y,,
A1730-C009,A1730-C009-m1,A1730,주담대 연체율도 두 달 연속 최고치,2025-05-14,https://www.chosun.com/economy/economy_general/2025/05/14/7NSJI2LCGFEVLORPOGD5NAGVJU,"이자 비용이 전년 대비 1.2% 늘어난 10만8000원으로 4개 분기 만에 증가해 10만원을 넘겼고, 부동산 구입에 따른 취득·등록세가 늘면서 비경상조세(5만5000원)가 5배 가까이 증가한 점도 원인이 됐다.",실제 통계청에 따르면 중산층으로 분류되는 소득 상위 40~60% 가구의 여윳돈은 작년 4분기(10~12월)에 65만8000원으로 3개 분기 연속 줄며 2019년 4분기(65만3000원) 이후 최저치를 기록했다.,국제금융협회(IIF)의 세계 부채 보고서에 따르면 작년 말 기준 한국의 GDP 대비 가계 부채 비율은 91.7%로 38국 중 캐나다(100.6%)에 이어 2위를 기록했다.,국내공식통계,N,소득·임금,이자 비용 증감률,"중산층, 소득 상위 40~60%, 여윳돈, 이자 비용, 비경상조세",-,-,-,,중산층으로 분류되는 소득 상위 40~60%,-,-,2024Q4,-,Q,확정,1.2%,KOSIS_VALUE,hcx,이자 비용 증감률,-,2024Q4,Q,hcx,증감률,1.2,-,-,N,%,증감률,증가,전분기,"이자 비용이 전년 대비 1.2% 늘어난 10만8000원으로 4개 분기 만에 증가해 10만원을 넘겼고, 부동산 구입에 따른 취득·등록세가 늘면서 비경상조세(5만5000원)가 5배 가까이 증가한 점도 원인이 됐다.",high,N,-,Y,0,0,HCX-007,v1.5-measurement-binding,2026-07-27,이자 비용,,2024Q4,Q,%,%,rate,rate_change,unspecified,,Y,,
A1730-C009,A1730-C009-m2,A1730,주담대 연체율도 두 달 연속 최고치,2025-05-14,https://www.chosun.com/economy/economy_general/2025/05/14/7NSJI2LCGFEVLORPOGD5NAGVJU,"이자 비용이 전년 대비 1.2% 늘어난 10만8000원으로 4개 분기 만에 증가해 10만원을 넘겼고, 부동산 구입에 따른 취득·등록세가 늘면서 비경상조세(5만5000원)가 5배 가까이 증가한 점도 원인이 됐다.",실제 통계청에 따르면 중산층으로 분류되는 소득 상위 40~60% 가구의 여윳돈은 작년 4분기(10~12월)에 65만8000원으로 3개 분기 연속 줄며 2019년 4분기(65만3000원) 이후 최저치를 기록했다.,국제금융협회(IIF)의 세계 부채 보고서에 따르면 작년 말 기준 한국의 GDP 대비 가계 부채 비율은 91.7%로 38국 중 캐나다(100.6%)에 이어 2위를 기록했다.,국내공식통계,N,소득·임금,이자 비용,"중산층, 소득 상위 40~60%, 여윳돈, 이자 비용, 비경상조세",-,-,-,,중산층으로 분류되는 소득 상위 40~60%,-,-,2024Q4,-,Q,확정,10만8000원,KOSIS_VALUE,hcx,이자 비용,-,2024Q4,Q,hcx,현재값,108000,-,-,N,원,수준값,증가,전분기,"이자 비용이 전년 대비 1.2% 늘어난 10만8000원으로 4개 분기 만에 증가해 10만원을 넘겼고, 부동산 구입에 따른 취득·등록세가 늘면서 비경상조세(5만5000원)가 5배 가까이 증가한 점도 원인이 됐다.",high,N,-,Y,0,0,HCX-007,v1.5-measurement-binding,2026-07-27,이자 비용,,2024Q4,Q,원,원,currency,amount,unspecified,,Y,,
A1730-C009,A1730-C009-m3,A1730,주담대 연체율도 두 달 연속 최고치,2025-05-14,https://www.chosun.com/economy/economy_general/2025/05/14/7NSJI2LCGFEVLORPOGD5NAGVJU,"이자 비용이 전년 대비 1.2% 늘어난 10만8000원으로 4개 분기 만에 증가해 10만원을 넘겼고, 부동산 구입에 따른 취득·등록세가 늘면서 비경상조세(5만5000원)가 5배 가까이 증가한 점도 원인이 됐다.",실제 통계청에 따르면 중산층으로 분류되는 소득 상위 40~60% 가구의 여윳돈은 작년 4분기(10~12월)에 65만8000원으로 3개 분기 연속 줄며 2019년 4분기(65만3000원) 이후 최저치를 기록했다.,국제금융협회(IIF)의 세계 부채 보고서에 따르면 작년 말 기준 한국의 GDP 대비 가계 부채 비율은 91.7%로 38국 중 캐나다(100.6%)에 이어 2위를 기록했다.,국내공식통계,N,소득·임금,분기,"중산층, 소득 상위 40~60%, 여윳돈, 이자 비용, 비경상조세",-,-,-,,중산층으로 분류되는 소득 상위 40~60%,-,-,2024Q4,-,Q,확정,4개,KOSIS_VALUE,hcx,분기,-,2024Q4,Q,hcx,현재값,4,-,-,N,개,수준값,증가,전분기,"이자 비용이 전년 대비 1.2% 늘어난 10만8000원으로 4개 분기 만에 증가해 10만원을 넘겼고, 부동산 구입에 따른 취득·등록세가 늘면서 비경상조세(5만5000원)가 5배 가까이 증가한 점도 원인이 됐다.",high,N,-,Y,0,0,HCX-007,v1.5-measurement-binding,2026-07-27,이자 비용,,2024Q4,Q,개,개,count,count,unspecified,,Y,,
A1730-C009,A1730-C009-m4,A1730,주담대 연체율도 두 달 연속 최고치,2025-05-14,https://www.chosun.com/economy/economy_general/2025/05/14/7NSJI2LCGFEVLORPOGD5NAGVJU,"이자 비용이 전년 대비 1.2% 늘어난 10만8000원으로 4개 분기 만에 증가해 10만원을 넘겼고, 부동산 구입에 따른 취득·등록세가 늘면서 비경상조세(5만5000원)가 5배 가까이 증가한 점도 원인이 됐다.",실제 통계청에 따르면 중산층으로 분류되는 소득 상위 40~60% 가구의 여윳돈은 작년 4분기(10~12월)에 65만8000원으로 3개 분기 연속 줄며 2019년 4분기(65만3000원) 이후 최저치를 기록했다.,국제금융협회(IIF)의 세계 부채 보고서에 따르면 작년 말 기준 한국의 GDP 대비 가계 부채 비율은 91.7%로 38국 중 캐나다(100.6%)에 이어 2위를 기록했다.,국내공식통계,N,소득·임금,이자 비용,"중산층, 소득 상위 40~60%, 여윳돈, 이자 비용, 비경상조세",-,-,-,,중산층으로 분류되는 소득 상위 40~60%,-,-,2024Q4,-,Q,확정,10만원,KOSIS_VALUE,hcx,이자 비용,-,2024Q4,Q,hcx,현재값,100000,-,-,N,원,수준값,증가,전분기,"이자 비용이 전년 대비 1.2% 늘어난 10만8000원으로 4개 분기 만에 증가해 10만원을 넘겼고, 부동산 구입에 따른 취득·등록세가 늘면서 비경상조세(5만5000원)가 5배 가까이 증가한 점도 원인이 됐다.",high,N,-,Y,0,0,HCX-007,v1.5-measurement-binding,2026-07-27,이자 비용,,2024Q4,Q,원,원,currency,amount,unspecified,,Y,,
A1730-C009,A1730-C009-m5,A1730,주담대 연체율도 두 달 연속 최고치,2025-05-14,https://www.chosun.com/economy/economy_general/2025/05/14/7NSJI2LCGFEVLORPOGD5NAGVJU,"이자 비용이 전년 대비 1.2% 늘어난 10만8000원으로 4개 분기 만에 증가해 10만원을 넘겼고, 부동산 구입에 따른 취득·등록세가 늘면서 비경상조세(5만5000원)가 5배 가까이 증가한 점도 원인이 됐다.",실제 통계청에 따르면 중산층으로 분류되는 소득 상위 40~60% 가구의 여윳돈은 작년 4분기(10~12월)에 65만8000원으로 3개 분기 연속 줄며 2019년 4분기(65만3000원) 이후 최저치를 기록했다.,국제금융협회(IIF)의 세계 부채 보고서에 따르면 작년 말 기준 한국의 GDP 대비 가계 부채 비율은 91.7%로 38국 중 캐나다(100.6%)에 이어 2위를 기록했다.,국내공식통계,N,소득·임금,비경상조세,"중산층, 소득 상위 40~60%, 여윳돈, 이자 비용, 비경상조세",-,-,-,,중산층으로 분류되는 소득 상위 40~60%,-,-,2024Q4,-,Q,확정,5만5000원,KOSIS_VALUE,hcx,비경상조세,-,2024Q4,Q,hcx,현재값,55000,-,-,N,원,수준값,증가,전분기,"이자 비용이 전년 대비 1.2% 늘어난 10만8000원으로 4개 분기 만에 증가해 10만원을 넘겼고, 부동산 구입에 따른 취득·등록세가 늘면서 비경상조세(5만5000원)가 5배 가까이 증가한 점도 원인이 됐다.",high,N,-,Y,0,0,HCX-007,v1.5-measurement-binding,2026-07-27,이자 비용,,2024Q4,Q,원,원,currency,amount,unspecified,,Y,,
A1730-C009,A1730-C009-m6,A1730,주담대 연체율도 두 달 연속 최고치,2025-05-14,https://www.chosun.com/economy/economy_general/2025/05/14/7NSJI2LCGFEVLORPOGD5NAGVJU,"이자 비용이 전년 대비 1.2% 늘어난 10만8000원으로 4개 분기 만에 증가해 10만원을 넘겼고, 부동산 구입에 따른 취득·등록세가 늘면서 비경상조세(5만5000원)가 5배 가까이 증가한 점도 원인이 됐다.",실제 통계청에 따르면 중산층으로 분류되는 소득 상위 40~60% 가구의 여윳돈은 작년 4분기(10~12월)에 65만8000원으로 3개 분기 연속 줄며 2019년 4분기(65만3000원) 이후 최저치를 기록했다.,국제금융협회(IIF)의 세계 부채 보고서에 따르면 작년 말 기준 한국의 GDP 대비 가계 부채 비율은 91.7%로 38국 중 캐나다(100.6%)에 이어 2위를 기록했다.,국내공식통계,N,소득·임금,비경상조세 증가 배수,"중산층, 소득 상위 40~60%, 여윳돈, 이자 비용, 비경상조세",-,-,-,,중산층으로 분류되는 소득 상위 40~60%,-,-,2024Q4,-,Q,확정,5배,KOSIS_VALUE,hcx,비경상조세 증가 배수,-,2024Q4,Q,hcx,현재값,5,-,-,N,배,수준값,증가,전분기,"이자 비용이 전년 대비 1.2% 늘어난 10만8000원으로 4개 분기 만에 증가해 10만원을 넘겼고, 부동산 구입에 따른 취득·등록세가 늘면서 비경상조세(5만5000원)가 5배 가까이 증가한 점도 원인이 됐다.",high,N,-,Y,0,0,HCX-007,v1.5-measurement-binding,2026-07-27,이자 비용,,2024Q4,Q,배,배,multiple,multiple,unspecified,,Y,,
A1246-C009,A1246-C009-m2,A1246,‘손해율 악화·보험료 인하’에… 지난해 자동차보험 4년만에 적자 전환,2025-04-06,https://www.chosun.com/economy/money/2025/04/06/GHN72KKRIIV76NNEUBN74VJ32A,지난해 자동차부문 보험손익 합산비율(손해율+사업비율)은 손익분기점인 100%를 초과해 97억원 적자를 기록했다.,자동차보험 수입이 감소한 반면 사고 건수는 증가하면서 자동차 부문 보험손익은 악화했다.,2020년 이후 첫 적자 전환이다.,국내공식통계,N,금융·금리,적자,"자동차보험, 손해율, 사업비율, 적자",-,-,-,,-,-,-,2024,-,Y,확정,97억원,KOSIS_VALUE,hcx,적자,-,2024,Y,hcx,현재값,9700000000,-,-,N,원,수준값,-,전년,지난해 자동차부문 보험손익 합산비율(손해율+사업비율)은 손익분기점인 100%를 초과해 97억원 적자를 기록했다.,high,N,-,N,0,0,HCX-007,v1.5-measurement-binding,2026-07-27,자동차부문 보험손익 합산비율,,2024,Y,원,원,currency,amount,vehicle,,Y,,
A1383-C003,A1383-C003-m1,A1383,"가파른 농촌 소멸의 현실... 작년 농가 수 97만가구, 1년새 2.5% 줄어",2025-04-17,https://www.chosun.com/economy/economy_general/2025/04/17/3OPFBMB5FND7LKAFGEU5LNCDGA,농가에서 65세 이상 고령 인구가 차지하는 비율도 지난해 기준 55.8%로 해마다 계속 상승하면서 농촌 소멸 우려가 현실화되고 있다는 분석이 나온다.,국내 농가 수는 지난 2023년 99만9000가구를 기록하며 처음으로 100만 가구 아래로 떨어진 이후 하락세가 지속되고 있다.,"17일 통계청이 발표한 ’2024년 농림어업 조사결과’에 따르면, 2024년 농가 수는 97만 4000가구로 전년(99만9000가구) 대비 2.5% 감소했다.",국내공식통계,Y,인구,농가에서 65세 이상 고령 인구가 차지하는 비율,"농촌 소멸, 농가 수, 고령 인구",-,고령층,-,,-,-,-,2024,-,Y,확정,55.8%,KOSIS_VALUE,hcx,농가에서 65세 이상 고령 인구가 차지하는 비율,-,2024,Y,hcx,현재값,55.8,-,-,N,%,수준값,증가,전년,농가에서 65세 이상 고령 인구가 차지하는 비율도 지난해 기준 55.8%로 해마다 계속 상승하면서 농촌 소멸 우려가 현실화되고 있다는 분석이 나온다.,high,N,-,Y,0,0,HCX-007,v1.5-measurement-binding,2026-07-27,농가에서 65세 이상 고령 인구가 차지하는 비율,,2024,Y,%,%,rate,rate_level,person,,Y,,
A0023-C026,A0023-C026-m1,A0023,정부 “올해 경제성장률 1.8%”… 한은 전망보다 더 낮췄다,2025-01-02,https://www.chosun.com/economy/economy_general/2025/01/02/FWT5PD42TZED7JTIXYCIECCFRE,다만 11월 소매판매는 전년 동월과 비교하면 1.9% 줄어 부진한 흐름을 이어갔다.,소비 지표인 소매판매는 9월(-0.3%)과 10월(-0.8%) 2달 연속 감소하다가 11월 0.4% 증가세로 돌아섰다.,◇잠재 성장률보다 낮은 올해 성장률 전망치 정부의 올해 성장률 전망치는 잠재 성장률보다도 낮다.,국내공식통계,N,소매·소비,소매판매,"경제성장률, 소매판매, 전년 동월",-,-,-,,-,-,-,202501,-,M,확정,1.9%,KOSIS_VALUE,hcx,소매판매,-,202501,M,hcx,현재값,1.9,-,-,N,%,비중,감소,전년동월,다만 11월 소매판매는 전년 동월과 비교하면 1.9% 줄어 부진한 흐름을 이어갔다.,high,N,-,N,0,0,HCX-007,v1.5-measurement-binding,2026-07-27,소매판매,,202501,M,%,%,rate,level,unspecified,,Y,,
A2657-C003,A2657-C003-m1,A2657,더 가팔라진 ‘富의 사다리’… 소득계층 상승 17%뿐,2025-10-28,https://www.chosun.com/economy/economy_general/2025/10/28/BEESNX7GT5CP5F3KPXWZI7JORQ/,2022년엔 1분위(소득 하위 20%)였다가 2023년엔 2분위(하위 20~40%) 등으로 올라간 경우를 뜻하는 이 비율은 사회 계층 이동성을 따지는 지표다.,"국가데이터처가 27일 발표한 ‘2023년 소득 이동 통계’에 따르면, 2023년 소득 분위(1~5분위)가 전년 대비 한 계단 이상 상승한 사람은 소득이 있는 15세 이상 인구의 17.3%에 그쳤다.",2020년 18.2%였던 이 비율은 2021년(17.6%)부터 3년 연속 하락했다.,국내공식통계,Y,소득·임금,소득 1분위,"소득계층 상승, 소득 분위기, 사회 계층 이동성",-,15세 이상,-,,-,-,-,2022,-,Y,확정,20%,KOSIS_VALUE,hcx,소득 1분위,-,2022,Y,hcx,현재값,20,-,-,N,%,비중,-,-,"국가데이터처가 27일 발표한 ‘2023년 소득 이동 통계’에 따르면, 2023년 소득 분위(1~5분위)가 전년 대비 한 계단 이상 상승한 사람은 소득이 있는 15세 이상 인구의 17.3%에 그쳤다.",high,N,-,Y,0,0,HCX-007,v1.5-measurement-binding,2026-07-27,사회 계층 이동성 비율,,2023,Y,%,%,rate,level,unspecified,,Y,,
A2657-C003,A2657-C003-m2,A2657,더 가팔라진 ‘富의 사다리’… 소득계층 상승 17%뿐,2025-10-28,https://www.chosun.com/economy/economy_general/2025/10/28/BEESNX7GT5CP5F3KPXWZI7JORQ/,2022년엔 1분위(소득 하위 20%)였다가 2023년엔 2분위(하위 20~40%) 등으로 올라간 경우를 뜻하는 이 비율은 사회 계층 이동성을 따지는 지표다.,"국가데이터처가 27일 발표한 ‘2023년 소득 이동 통계’에 따르면, 2023년 소득 분위(1~5분위)가 전년 대비 한 계단 이상 상승한 사람은 소득이 있는 15세 이상 인구의 17.3%에 그쳤다.",2020년 18.2%였던 이 비율은 2021년(17.6%)부터 3년 연속 하락했다.,국내공식통계,Y,소득·임금,소득 2분위,"소득계층 상승, 소득 분위기, 사회 계층 이동성",-,15세 이상,-,,-,-,-,2023,-,Y,확정,40%,KOSIS_VALUE,hcx,소득 2분위,-,2023,Y,hcx,현재값,40,-,-,N,%,비중,-,-,"국가데이터처가 27일 발표한 ‘2023년 소득 이동 통계’에 따르면, 2023년 소득 분위(1~5분위)가 전년 대비 한 계단 이상 상승한 사람은 소득이 있는 15세 이상 인구의 17.3%에 그쳤다.",high,N,-,Y,0,0,HCX-007,v1.5-measurement-binding,2026-07-27,사회 계층 이동성 비율,,2023,Y,%,%,rate,level,unspecified,,Y,,
A2257-C005,A2257-C005-m1,A2257,올해 수출 하반기에 더 부진할 듯… 3.8% 감소 전망,2025-06-23,https://www.chosun.com/economy/industry-company/2025/06/23/2LYH3LOXSRF4VM7CMND72XB5JM,보고서는 연간 수출은 작년보다 2.2% 줄어든 6685억달러가 될 것으로 예상했다.,"22일 한국무역협회 국제무역통상연구원이 발표한 ‘2025년 상반기 수출입 평가 및 하반기 전망’ 보고서에 따르면, 올해 수출은 상반기에 작년보다 0.6% 줄어드는 데 이어 하반기에는 3.8% 감소한 3355억달러에 그칠 전망이다.","무협은 작년 11월 올해 전체 수출이 1.8% 성장한 6970억달러에 달할 것이라고 예상했지만, 반년 만에 ‘마이너스 성장’이라는 비관적인 전망으로 돌아선 것이다.",국내공식통계,N,무역,연간 수출 증가율,"수출, 연간, 증가율, 마이너스 성장",-,-,-,,-,-,-,2025,-,Y,확정,2.2%,KOSIS_VALUE,hcx,연간 수출 증가율,-,2025,Y,hcx,증감률,2.2,-,-,N,%,증감률,감소,전년,보고서는 연간 수출은 작년보다 2.2% 줄어든 6685억달러가 될 것으로 예상했다.,high,N,-,N,0,0,HCX-007,v1.5-measurement-binding,2026-07-27,연간 수출 증가율,,2025,Y,%,%,rate,rate_change,unspecified,2024,Y,,
A2257-C005,A2257-C005-m2,A2257,올해 수출 하반기에 더 부진할 듯… 3.8% 감소 전망,2025-06-23,https://www.chosun.com/economy/industry-company/2025/06/23/2LYH3LOXSRF4VM7CMND72XB5JM,보고서는 연간 수출은 작년보다 2.2% 줄어든 6685억달러가 될 것으로 예상했다.,"22일 한국무역협회 국제무역통상연구원이 발표한 ‘2025년 상반기 수출입 평가 및 하반기 전망’ 보고서에 따르면, 올해 수출은 상반기에 작년보다 0.6% 줄어드는 데 이어 하반기에는 3.8% 감소한 3355억달러에 그칠 전망이다.","무협은 작년 11월 올해 전체 수출이 1.8% 성장한 6970억달러에 달할 것이라고 예상했지만, 반년 만에 ‘마이너스 성장’이라는 비관적인 전망으로 돌아선 것이다.",국내공식통계,N,무역,연간 수출 총액,"수출, 연간, 증가율, 마이너스 성장",-,-,-,,-,-,-,2025,-,Y,확정,6685억달러,KOSIS_VALUE,hcx,연간 수출 총액,-,2025,Y,hcx,현재값,668500000000,-,-,N,달러,수준값,감소,전년,보고서는 연간 수출은 작년보다 2.2% 줄어든 6685억달러가 될 것으로 예상했다.,high,N,-,N,0,0,HCX-007,v1.5-measurement-binding,2026-07-27,연간 수출 증가율,,2025,Y,달러,달러,currency,amount,unspecified,,Y,,
A0766-C010,A0766-C010-m1,A0766,빚쟁이 국가서 11년 만에 세계 7위 채권국으로,2025-02-28,https://www.chosun.com/economy/economy_general/2025/02/28/USKPWHKTOJGCVO4XY4XX3BHTXA,◇서학 개미 투자 작년 50% 급증 한국의 순대외금융자산이 1조달러를 돌파한 데는 서학 개미(해외 주식 투자자)의 약진이 큰 역할을 했다.,"국제통화기금(IMF)이 집계한 국가별 순대외금융자산 순위에서 한국은 2012년 133위에 그쳤지만, 2021년에는 10위권으로 수직 상승했고, 작년엔 7위 규모로 집계됐다.",통계 집계를 시작한 2011년 76억달러(약 11조원)에 불과했던 서학 개미의 해외 주식·채권 보관액은 지난해 1587억달러로 20배로 급증했다.,국내공식통계,N,금융·금리,서학 개미 투자 증가율,"국제통화기금, 국가별 순대외금융자산 순위, 서학 개미, 해외 주식 투자자, 해외 주식·채권 보관액",-,-,-,서학 개미,-,-,-,2024,-,Y,확정,50%,KOSIS_VALUE,hcx,서학 개미 투자 증가율,서학 개미,2024,Y,hcx,현재값,50,-,-,N,%,증감률,증가,전년,◇서학 개미 투자 작년 50% 급증 한국의 순대외금융자산이 1조달러를 돌파한 데는 서학 개미(해외 주식 투자자)의 약진이 큰 역할을 했다.,high,N,-,N,0,0,HCX-007,v1.5-measurement-binding,2026-07-27,순대외금융자산,,2024,Y,%,%,rate,rate_change,item,2023,Y,,
A1719-C020,A1719-C020-m2,A1719,옥석 못 가리는 ‘기술 특례 상장’… 기업 76% 공모가 밑돌아,2025-05-13,https://www.chosun.com/economy/economy_general/2025/05/13/DRKQY2SMOJGKDBJZP2ZPYBDBXI,"기술 특례 상장 기업의 경우 상장 후 5년간 매출 요건이 유예되는데, 2019년 10월~2020년 9월 사이 상장한 기업들은 올해부터 매출액 30억원을 넘겨야 한다.","코스닥 시장에서는 매출액이 30억원 미만이면 관리종목으로 지정되고, 2년 연속 기준 미달이면 상장 폐지 사유가 된다.",그러나 이 기간 상장한 기업 22곳 중 10곳이 작년 매출액 30억원을 채우지 못했다.,국내공식통계,N,생산·산업,관리종목 지정 기준 매출액,"기술 특례 상장, 매출액, 관리종목, 상장 폐지",-,-,-,,-,-,-,2025,-,Y,확정,30억원,KOSIS_VALUE,hcx,관리종목 지정 기준 매출액,-,2025,Y,hcx,현재값,3000000000,-,-,N,원,수준값,-,특정시점,"기술 특례 상장 기업의 경우 상장 후 5년간 매출 요건이 유예되는데, 2019년 10월~2020년 9월 사이 상장한 기업들은 올해부터 매출액 30억원을 넘겨야 한다.",high,N,-,N,0,0,HCX-007,v1.5-measurement-binding,2026-07-27,매출액,,2025,Y,원,원,currency,amount,unspecified,,Y,,
A2342-C012,A2342-C012-m1,A2342,’국민 횟감‘ 광어‧우럭 값 껑충…원인은 양식장 ’초유의 상황',2025-06-30,https://www.chosun.com/economy/economy_general/2025/06/30/BV6OPN2TWZDM5MJBR4UUVW7PEQ,"지난해 양식업 피해액은 1430억원으로, 이 역시 피해 집계를 시작한 2012년 이후 최대 규모였다.","이에 따라 양식장에서 집단 폐사가 잇따랐는데, 특히 치어(어린 물고기)가 직격탄을 맞았다.",그중에서도 우럭의 피해가 583억원으로 가장 컸다.,국내공식통계,N,생산·산업,양식업 피해액,"양식업, 피해액, 집단 폐사, 치어",-,-,-,,-,-,-,2024,-,Y,확정,1430억원,KOSIS_VALUE,hcx,양식업 피해액,-,2024,Y,hcx,현재값,143000000000,-,-,N,원,수준값,-,전년,"지난해 양식업 피해액은 1430억원으로, 이 역시 피해 집계를 시작한 2012년 이후 최대 규모였다.",high,N,-,N,0,0,HCX-007,v1.5-measurement-binding,2026-07-27,양식업 피해액,,2024,Y,원,원,currency,amount,unspecified,,Y,,
A2598-C002,A2598-C002-m1,A2598,정부 시스템 647개 중 99개 재가동… 복구율 15.3%,2025-10-01,https://biz.chosun.com/topics/topics_social/2025/10/01/MYWMEY3NGVHOHKMTGIERFKXSOY/,복구율 15.3%다.,행정안전부는 1일 오전 10시 기준 국가정보자원관리원(국정자원) 화재로 중단됐던 정부 행정정보시스템 647개 중 99개가 복구됐다고 밝혔다.,최근 정상화된 시스템 중에는 국가데이터처(옛 통계청)의 '2025 기준 경제조사 통합관리(업무망)' 시스템이 포함됐다.,국내공식통계,N,기타,복구율,"정부 시스템, 복구율",-,-,-,,-,-,-,202510,-,M,확정,15.3%,KOSIS_VALUE,hcx,복구율,-,202510,M,hcx,현재값,15.3,-,-,N,%,비중,-,특정시점,복구율 15.3%다.,high,N,-,N,0,0,HCX-007,v1.5-measurement-binding,2026-07-27,복구율,,202510,M,%,%,rate,level,unspecified,,Y,,
A0898-C012,A0898-C012-m2,A0898,"국내 車 생산, 세계 7위로 추락… 멕시코에도 밀렸다",2025-03-11,https://www.chosun.com/economy/auto/2025/03/11/BD2YKP6KLNGMHHMTNOZSSXUYTQ,"그러나 반 토막 났던 독일이 회복세를 보이면서 2022년 6위로 밀렸고, 지난해엔 생산량까지 줄며 멕시코(420만대)에도 뒤졌다.","우리나라는 코로나 확산으로 각국의 자동차 업체들이 생산에 차질을 겪었던 2020년엔 상대적으로 선방, 5위까지 치고 올라갔었다.",지난해 내수 생산은 전년보다 6.5% 감소한 163만5520대로 2013년(154만3565대) 이후 가장 낮은 수준을 나타냈다.,국내공식통계,N,생산·산업,멕시코 자동차 생산량,"국내, 자동차, 생산, 세계 순위, 멕시코",-,-,-,자동차,-,-,-,2022,-,Y,확정,420만대,KOSIS_VALUE,hcx,멕시코 자동차 생산량,자동차,2022,Y,hcx,현재값,4200000,-,-,N,대,수준값,-,전년,"그러나 반 토막 났던 독일이 회복세를 보이면서 2022년 6위로 밀렸고, 지난해엔 생산량까지 줄며 멕시코(420만대)에도 뒤졌다.",high,N,-,N,0,0,HCX-007,v1.5-measurement-binding,2026-07-27,자동차 생산량,자동차,2022,Y,대,대,count,count,vehicle,,Y,,
A2399-C002,A2399-C002-m1,A2399,‘외국인 집주인’ 1만명 돌파... 가장 많은 지역은?,2025-07-04,https://www.chosun.com/economy/industry-company/2025/07/04/7PYH7TO6ZVFBNLTJKPMR2CLSYM,"4일 법원 등기정보광장에 따르면, 올해 상반기(1~6월) 전국에서 확정일자를 받은 외국인 임대인은 1만500명으로 집계됐다.",외국인 집주인이 1년새 20% 넘게 늘어나 1만명을 돌파했다.,전년 동기(8660명) 대비 21.2% 증가했다.,국내공식통계,Y,인구,외국인 임대인 수,"외국인 집주인, 임대인, 확정일자",-,-,-,,-,-,-,2025Q2,-,Q,확정,1만500명,KOSIS_VALUE,hcx,외국인 임대인 수,-,2025Q2,Q,hcx,현재값,10500,-,-,N,명,수준값,-,전년동기,올해 상반기(1~6월) 전국에서 확정일자를 받은 외국인 임대인은 1만500명으로 집계됐다.,high,N,-,N,0,0,HCX-007,v1.5-measurement-binding,2026-07-27,외국인 임대인 수,,2025Q2,Q,명,명,person_count,count,unspecified,,Y,,
A0067-C010,A0067-C010-m1,A0067,"지난해 최고 인기 수입차는 테슬라 모델 Y...BMW 520, 벤츠 E200 뒤 이어",2025-01-06,https://www.chosun.com/economy/auto/2025/01/06/S27CLI355JFNZLDTKSS6EHCNPI,연료별로는 하이브리드가 절반이 넘는 13만4426대(51.1%)를 기록한 가운데 가솔린(23.8%)과 전기(18.8%)가 다음 자리를 차지했다.,"새로 집계에 들어온 테슬라가 2023년(1만 6461대)의 두 배에 가까운 2만9750대를 판매하며 3위에 올랐으며, 볼보, 렉서스 등도 1만대를 웃돌며 뒤를 이었다.","2023년 9만1680대였던 하이브리드는 46.6%나 크게 늘었고, 전기차는 전년대비 86.3% 급증했다.",국내공식통계,Y,무역,연료별 자동차 판매 대수,"하이브리드, 가솔린, 전기, 연료별",-,-,-,하이브리드,-,-,-,2024,-,Y,확정,13만4426대,KOSIS_VALUE,hcx,연료별 자동차 판매 대수,하이브리드,2024,Y,hcx,현재값,134426,-,-,N,대,수준값,-,전년,연료별로는 하이브리드가 절반이 넘는 13만4426대(51.1%)를 기록한 가운데 가솔린(23.8%)과 전기(18.8%)가 다음 자리를 차지했다.,high,N,-,N,0,0,HCX-007,v1.5-measurement-binding,2026-07-27,연료별 자동차 판매 비중,,2024,Y,대,대,count,count,item,,Y,,
A0067-C010,A0067-C010-m2,A0067,"지난해 최고 인기 수입차는 테슬라 모델 Y...BMW 520, 벤츠 E200 뒤 이어",2025-01-06,https://www.chosun.com/economy/auto/2025/01/06/S27CLI355JFNZLDTKSS6EHCNPI,연료별로는 하이브리드가 절반이 넘는 13만4426대(51.1%)를 기록한 가운데 가솔린(23.8%)과 전기(18.8%)가 다음 자리를 차지했다.,"새로 집계에 들어온 테슬라가 2023년(1만 6461대)의 두 배에 가까운 2만9750대를 판매하며 3위에 올랐으며, 볼보, 렉서스 등도 1만대를 웃돌며 뒤를 이었다.","2023년 9만1680대였던 하이브리드는 46.6%나 크게 늘었고, 전기차는 전년대비 86.3% 급증했다.",국내공식통계,Y,무역,연료별 자동차 판매 비중,"하이브리드, 가솔린, 전기, 연료별",-,-,-,하이브리드,-,-,-,2024,-,Y,확정,51.1%,KOSIS_VALUE,hcx,연료별 자동차 판매 비중,하이브리드,2024,Y,hcx,현재값,51.1,-,-,N,%,비중,-,전년,연료별로는 하이브리드가 절반이 넘는 13만4426대(51.1%)를 기록한 가운데 가솔린(23.8%)과 전기(18.8%)가 다음 자리를 차지했다.,high,N,-,N,0,0,HCX-007,v1.5-measurement-binding,2026-07-27,연료별 자동차 판매 비중,,2024,Y,%,%,rate,level,item,,Y,,
A0067-C010,A0067-C010-m3,A0067,"지난해 최고 인기 수입차는 테슬라 모델 Y...BMW 520, 벤츠 E200 뒤 이어",2025-01-06,https://www.chosun.com/economy/auto/2025/01/06/S27CLI355JFNZLDTKSS6EHCNPI,연료별로는 하이브리드가 절반이 넘는 13만4426대(51.1%)를 기록한 가운데 가솔린(23.8%)과 전기(18.8%)가 다음 자리를 차지했다.,"새로 집계에 들어온 테슬라가 2023년(1만 6461대)의 두 배에 가까운 2만9750대를 판매하며 3위에 올랐으며, 볼보, 렉서스 등도 1만대를 웃돌며 뒤를 이었다.","2023년 9만1680대였던 하이브리드는 46.6%나 크게 늘었고, 전기차는 전년대비 86.3% 급증했다.",국내공식통계,Y,무역,연료별 자동차 판매 비중,"하이브리드, 가솔린, 전기, 연료별",-,-,-,가솔린,-,-,-,2024,-,Y,확정,23.8%,KOSIS_VALUE,hcx,연료별 자동차 판매 비중,가솔린,2024,Y,hcx,현재값,23.8,-,-,N,%,비중,-,전년,연료별로는 하이브리드가 절반이 넘는 13만4426대(51.1%)를 기록한 가운데 가솔린(23.8%)과 전기(18.8%)가 다음 자리를 차지했다.,high,N,-,N,0,0,HCX-007,v1.5-measurement-binding,2026-07-27,연료별 자동차 판매 비중,,2024,Y,%,%,rate,level,item,,Y,,
A0067-C010,A0067-C010-m4,A0067,"지난해 최고 인기 수입차는 테슬라 모델 Y...BMW 520, 벤츠 E200 뒤 이어",2025-01-06,https://www.chosun.com/economy/auto/2025/01/06/S27CLI355JFNZLDTKSS6EHCNPI,연료별로는 하이브리드가 절반이 넘는 13만4426대(51.1%)를 기록한 가운데 가솔린(23.8%)과 전기(18.8%)가 다음 자리를 차지했다.,"새로 집계에 들어온 테슬라가 2023년(1만 6461대)의 두 배에 가까운 2만9750대를 판매하며 3위에 올랐으며, 볼보, 렉서스 등도 1만대를 웃돌며 뒤를 이었다.","2023년 9만1680대였던 하이브리드는 46.6%나 크게 늘었고, 전기차는 전년대비 86.3% 급증했다.",국내공식통계,Y,무역,연료별 자동차 판매 비중,"하이브리드, 가솔린, 전기, 연료별",-,-,-,전기,-,-,-,2024,-,Y,확정,18.8%,KOSIS_VALUE,hcx,연료별 자동차 판매 비중,전기,2024,Y,hcx,현재값,18.8,-,-,N,%,비중,-,전년,연료별로는 하이브리드가 절반이 넘는 13만4426대(51.1%)를 기록한 가운데 가솔린(23.8%)과 전기(18.8%)가 다음 자리를 차지했다.,high,N,-,N,0,0,HCX-007,v1.5-measurement-binding,2026-07-27,연료별 자동차 판매 비중,,2024,Y,%,%,rate,level,item,,Y,,
A1191-C011,A1191-C011-m1,A1191,“작년 역대 최고 고용 달성? 외국인·노인 고용 늘어난 통계적인 착시에 불과”,2025-04-02,https://www.chosun.com/economy/economy_general/2025/04/02/NE2LONUUMBEZVI5DDJRPBMDR7U,"같은 방식으로 비교했을 때 2023년까지만 해도 외국인과 노인 일자리 참여자 증가 규모는 11만8000명으로, 전체 취업자 증가 폭(32만7000명)보다 적었다.",다만 예산정책처 관계자는 “단순 비교로는 알 수 없는 다른 여러 변수가 있을 수 있다”면서도 “주력 업종들에서 견실한 일자리가 충분히 창출되지 못하고 있다는 점은 분명하다”고 했다.,외국인 취업자 중 상당수는 고용 허가제를 통해 저임금·저숙련 일자리에서 일하기로 약속하고 입국한 이들이다.,국내공식통계,N,고용,외국인과 노인 일자리 참여자 증가 규모,"외국인, 노인, 일자리 참여자, 취업자 증가 폭",-,-,-,,-,-,-,2023,-,Y,확정,11만8000명,KOSIS_VALUE,hcx,외국인과 노인 일자리 참여자 증가 규모,-,2023,Y,hcx,현재값,118000,-,-,N,명,수준값,증가,전년,[검증 대상 문장],high,N,-,N,0,0,HCX-007,v1.5-measurement-binding,2026-07-27,외국인과 노인 일자리 참여자 증가 규모 및 전체 취업자 증가 폭,,2023,Y,명,명,person_count,count,unspecified,,Y,,
A1191-C011,A1191-C011-m2,A1191,“작년 역대 최고 고용 달성? 외국인·노인 고용 늘어난 통계적인 착시에 불과”,2025-04-02,https://www.chosun.com/economy/economy_general/2025/04/02/NE2LONUUMBEZVI5DDJRPBMDR7U,"같은 방식으로 비교했을 때 2023년까지만 해도 외국인과 노인 일자리 참여자 증가 규모는 11만8000명으로, 전체 취업자 증가 폭(32만7000명)보다 적었다.",다만 예산정책처 관계자는 “단순 비교로는 알 수 없는 다른 여러 변수가 있을 수 있다”면서도 “주력 업종들에서 견실한 일자리가 충분히 창출되지 못하고 있다는 점은 분명하다”고 했다.,외국인 취업자 중 상당수는 고용 허가제를 통해 저임금·저숙련 일자리에서 일하기로 약속하고 입국한 이들이다.,국내공식통계,N,고용,전체 취업자 증가 폭,"외국인, 노인, 일자리 참여자, 취업자 증가 폭",-,-,-,,-,-,-,2023,-,Y,확정,32만7000명,KOSIS_VALUE,hcx,전체 취업자 증가 폭,-,2023,Y,hcx,현재값,327000,-,-,N,명,수준값,증가,전년,[검증 대상 문장],high,N,-,N,0,0,HCX-007,v1.5-measurement-binding,2026-07-27,외국인과 노인 일자리 참여자 증가 규모 및 전체 취업자 증가 폭,,2023,Y,명,명,person_count,count,person,,Y,,
A1731-C013,A1731-C013-m1,A1731,"KDI, 올해 성장률 전망치 1.6→0.8% 반토막 하향 조정",2025-05-14,https://www.chosun.com/economy/economy_general/2025/05/14/BVZZJRMGC5H4LHGST2P2SVCX2Y,KDI는 “대내외 수요 둔화로 초래될 수 있는 물가 하방 압력을 축소하기 위해 통화정책은 보다 완화적인 기조로 운용하는 것이 바람직하다”며 “재정정책은 큰 폭의 관리재정수지 적자(GDP 대비 3.3%)를 감안하면 이미 어느 정도 완화적 기조라 정부 지출 추가 확대는 신중히 접근해야 한다”고 했다.,KDI는 올해 경기 둔화 흐름을 감안해 거시 정책은 완화적 기조로 운용해야 한다고 제언했다.,-,국내공식통계,N,재정·조세,관리재정수지 적자 비율,"KDI, 재정정책, 관리재정수지 적자",-,-,-,,-,-,-,2025,-,Y,확정,3.3%,KOSIS_VALUE,hcx,관리재정수지 적자 비율,-,2025,Y,hcx,현재값,3.3,-,-,N,%,수준값,유지,전년,“대내외 수요 둔화로 초래될 수 있는 물가 하방 압력을 축소하기 위해 통화정책은 보다 완화적인 기조로 운용하는 것이 바람직하다”며 “재정정책은 큰 폭의 관리재정수지 적자(GDP 대비 3.3%)를 감안하면 이미 어느 정도 완화적 기조라 정부 지출 추가 확대는 신중히 접근해야 한다”고 했다.,high,N,-,N,0,0,HCX-007,v1.5-measurement-binding,2026-07-27,관리재정수지 적자 비율,,2025,Y,%,%,rate,rate_level,unspecified,,Y,,
A0697-C014,A0697-C014-m1,A0697,악성 미분양 급증한 대구·경북… 부동산 PF 부실로 농·축협도 적자 수렁,2025-02-23,https://www.chosun.com/economy/money/2025/02/23/52IXBWJOUCUQEBHXGGIR5K56AM,"연체 금액도 대구는 약 1400억원, 경북은 약 4800억원 수준이다.","지난해 말 기준 농·축협 공동대출 연체율은 대구 24%, 경북 18%로 전국 1, 2위에 해당한다.",대구·경북의 부동산 경기가 좋지 않아 앞으로 공동대출 부실은 더 늘어날 전망이다.,국내공식통계,N,부동산,공동대출 연체금액,"악성 미분양, 부동산 PF, 농·축협, 적자","대구,경북",-,-,대구,-,-,-,2024말,-,Y,확정,1400억원,KOSIS_VALUE,hcx,공동대출 연체금액,대구,2024말,Y,hcx,현재값,140000000000,-,-,Y,원,수준값,-,전년,"[검증 대상 문장] 연체 금액도 대구는 약 1400억원, 경북은 약 4800억원 수준이다.",mid,N,-,N,0,0,HCX-007,v1.5-measurement-binding,2026-07-27,공동대출 연체금액,,2024말,Y,원,원,currency,amount,item,,Y,,
A0697-C014,A0697-C014-m2,A0697,악성 미분양 급증한 대구·경북… 부동산 PF 부실로 농·축협도 적자 수렁,2025-02-23,https://www.chosun.com/economy/money/2025/02/23/52IXBWJOUCUQEBHXGGIR5K56AM,"연체 금액도 대구는 약 1400억원, 경북은 약 4800억원 수준이다.","지난해 말 기준 농·축협 공동대출 연체율은 대구 24%, 경북 18%로 전국 1, 2위에 해당한다.",대구·경북의 부동산 경기가 좋지 않아 앞으로 공동대출 부실은 더 늘어날 전망이다.,국내공식통계,N,부동산,공동대출 연체금액,"악성 미분양, 부동산 PF, 농·축협, 적자","대구,경북",-,-,경북,-,-,-,2024말,-,Y,확정,4800억원,KOSIS_VALUE,hcx,공동대출 연체금액,경북,2024말,Y,hcx,현재값,480000000000,-,-,Y,원,수준값,-,전년,"[검증 대상 문장] 연체 금액도 대구는 약 1400억원, 경북은 약 4800억원 수준이다.",mid,N,-,N,0,0,HCX-007,v1.5-measurement-binding,2026-07-27,공동대출 연체금액,,2024말,Y,원,원,currency,amount,item,,Y,,
A0739-C010,A0739-C010-m1,A0739,작년 혼인 건수 15% 늘어...증가율 1970년 집계 이래 최고,2025-02-26,https://www.chosun.com/economy/economy_general/2025/02/26/GSSMZGGYMBGKXLHSR4WOOWUCQ4,2019년 12월(2만4945건) 이후 모든 월을 기준으로 5년 만에 혼인 건수가 가장 많았다.,작년 12월 혼인 건수는 2만2519건에 달해 전년 동월 대비 28.1% 늘었다.,작년 12월 혼인 건수 증가율은 12월 기준으로 1981년 월 단위 혼인 건수 통계 집계 이후 가장 높다.,국내공식통계,N,인구,혼인 건수,"작년, 혼인 건수, 증가율, 1970년, 집계",-,-,-,,-,-,-,2019,-,Y,확정,2만4945건,KOSIS_VALUE,hcx,혼인 건수,-,2019,Y,hcx,현재값,24945,-,-,N,건,수준값,-,전년동기,[검증 대상 문장],high,Y,measurement_binding_fallback:1,N,0,1,HCX-007,v1.5-measurement-binding,2026-07-27,혼인 건수,,2024,M,건,건,count,count,unspecified,,Y,,
A2295-C002,A2295-C002-m1,A2295,빚의 늪 빠진 저소득 자영업자… 1분기 연체율 12% ’12년만에 최고',2025-06-26,https://www.chosun.com/economy/economy_general/2025/06/26/XMXERK3NLNH2XI5QIICOGSEXSE,한국은행은 25일 금융안정상황 보고서에서 올해 1분기(1~3월) 말 취약 자영업자의 대출 연체율은 12.24%로 집계됐다고 밝혔다.,최근 경기 둔화 여파로 자영업자들이 어려움을 겪으면서 취약 자영업자 연체율이 12년 만에 최고치를 기록했다.,취약 자영업자는 여러 금융회사에서 돈을 빌린 다중 채무자이면서 저소득이거나 저신용자인 대출자를 뜻한다.,국내공식통계,Y,금융·금리,취약 자영업자 대출 연체율,"자영업자, 연체율, 금융안정상황 보고서",-,-,-,,-,-,-,2025Q1,-,Q,확정,12.24%,KOSIS_VALUE,hcx,취약 자영업자 대출 연체율,-,2025Q1,Q,hcx,현재값,12.24,-,-,N,%,비중,-,전년동기,한국은행은 25일 금융안정상황 보고서에서 올해 1분기(1~3월) 말 취약 자영업자의 대출 연체율은 12.24%로 집계됐다고 밝혔다.,high,N,-,N,0,0,HCX-007,v1.5-measurement-binding,2026-07-27,취약 자영업자 대출 연체율,,2025Q1,Q,%,%,rate,level,unspecified,,Y,,
A2033-C007,A2033-C007-m1,A2033,"“전세사기 두려워 택했는데, ‘미친 월세’에 생활비 절반 나간다”",2025-06-06,https://www.chosun.com/economy/economy_general/2025/06/06/OS5ROBTDJFHNHCVRV3DJBRRB34,"서울 아파트 월세 지수 증가 폭은 작년만 해도 4~6%대였지만, 올 들어 급등하기 시작해 지난 3월엔 8.7%를 기록했고 4월에도 10.3%였다.",2015년 관련 통계 집계 이후 최대 증가 폭이다.,"임차인은 보증금을 제대로 돌려받을 수 있을까 두려워서, 임대인은 금리 하락으로 전세금 이자가 줄어 기존 전세 물건들이 반전세나 월세로 전환되자 서민 주거비 부담은 갈수록 커진다.",국내공식통계,Y,부동산,서울 아파트 월세 지수,"아파트, 월세, 지수, 증가폭",서울,-,-,,-,-,-,2024Q4,-,Q,확정,4%,KOSIS_VALUE,hcx,서울 아파트 월세 지수,-,2024Q4,Q,hcx,증감률,4,-,-,N,%,증감률,증가,전분기,"서울 아파트 월세 지수 증가 폭은 작년만 해도 4~6%대였지만, 올 들어 급등하기 시작해 지난 3월엔 8.7%를 기록했고 4월에도 10.3%였다.",high,Y,measurement_period_ungrounded:2,N,0,0,HCX-007,v1.5-measurement-binding,2026-07-27,서울 아파트 월세 지수 증감률,,2025Q2,Q,%,%,rate,rate_change,unspecified,,Y,,
A2033-C007,A2033-C007-m2,A2033,"“전세사기 두려워 택했는데, ‘미친 월세’에 생활비 절반 나간다”",2025-06-06,https://www.chosun.com/economy/economy_general/2025/06/06/OS5ROBTDJFHNHCVRV3DJBRRB34,"서울 아파트 월세 지수 증가 폭은 작년만 해도 4~6%대였지만, 올 들어 급등하기 시작해 지난 3월엔 8.7%를 기록했고 4월에도 10.3%였다.",2015년 관련 통계 집계 이후 최대 증가 폭이다.,"임차인은 보증금을 제대로 돌려받을 수 있을까 두려워서, 임대인은 금리 하락으로 전세금 이자가 줄어 기존 전세 물건들이 반전세나 월세로 전환되자 서민 주거비 부담은 갈수록 커진다.",국내공식통계,Y,부동산,서울 아파트 월세 지수,"아파트, 월세, 지수, 증가폭",서울,-,-,,-,-,-,2024Q4,-,Q,확정,6%,KOSIS_VALUE,hcx,서울 아파트 월세 지수,-,2024Q4,Q,hcx,증감률,6,-,-,N,%,증감률,증가,전분기,"서울 아파트 월세 지수 증가 폭은 작년만 해도 4~6%대였지만, 올 들어 급등하기 시작해 지난 3월엔 8.7%를 기록했고 4월에도 10.3%였다.",high,Y,measurement_period_ungrounded:2,N,0,0,HCX-007,v1.5-measurement-binding,2026-07-27,서울 아파트 월세 지수 증감률,,2025Q2,Q,%,%,rate,rate_change,unspecified,,Y,,
A1478-C003,A1478-C003-m2,A1478,한국 1분기 -0.2% 역성장 쇼크... 1년간 성장 멈췄다,2025-04-24,https://www.chosun.com/economy/economy_general/2025/04/24/RYSYX6BORRBE5GFWM4X74Z3QLA,성장률이 4개 분기 연속으로 0.1% 이하를 기록한 것은 과거 대형 경제 위기 때도 없었다.,지난해 2분기 이후 분기별 실질 국내총생산(GDP) 성장률이 ‘-0.2%→0.1%→0.1%→-0.2%’로 떨어지면서 지난 1년간 우리나라 성장이 사실상 ‘마이너스(-) 성장’을 나타낸 것이다.,◇’깜짝 반등’ 없었다 24일 한국은행에 따르면 올해 1분기 실질 GDP(속보치)는 지난해 4분기보다 0.2% 감소했다.,국내공식통계,Y,생산·산업,분기 수,"한국, 1분기, 실질 GDP, 속보치",-,-,-,,-,-,-,2025Q1,-,Q,확정,4개,KOSIS_VALUE,hcx,분기 수,-,2025Q1,Q,hcx,현재값,4,-,-,N,개,수준값,유지,전분기,성장률이 4개 분기 연속으로 0.1% 이하를 기록한 것은 과거 대형 경제 위기 때도 없었다.,high,N,-,Y,0,0,HCX-007,v1.5-measurement-binding,2026-07-27,GDP 성장률,,2025Q1,Q,개,개,count,count,unspecified,,Y,,
A0871-C010,A0871-C010-m1,A0871,“아이 낳으면 1억 드립니다”… 인구 증가 ‘전국 1위’ 찍은 이 도시,2025-03-09,https://www.chosun.com/national/national_general/2025/03/09/2FUPCN2GEBEJBF4V7LWZ7PD62I,인구 유입 척도 중 하나인 순이동률에서도 인천은 2021년 이후 단 한 차례도 마이너스를 기록하지 않았다.,전국 평균인 3.6%를 크게 웃도는 수치다.,올해 역시 전국 1위를 유지하고 있다.,국내공식통계,Y,인구,순이동률,-,-,-,-,,-,-,-,2021,-,Y,확정,마이너스,KOSIS_VALUE,hcx,순이동률,-,2021,Y,hcx,현재값,0,-,-,N,%,수준값,유지,전년,인구 유입 척도 중 하나인 순이동률에서도 인천은 2021년 이후 단 한 차례도 마이너스를 기록하지 않았다.,high,N,-,N,0,0,HCX-007,v1.5-measurement-binding,2026-07-27,순이동률,,2021,Y,%,%,rate,level,unspecified,,Y,,
A0250-C027,A0250-C027-m1,A0250,"현대차, 인도에 사활… 현지인 단짝 ‘삼발이’ 뽑아낸다",2025-01-20,https://www.chosun.com/economy/auto/2025/01/20/LDRDYAENK5AGNDHCKVG5QV2OZY,작년 1~9월 현대차 인도 판매량(45만9000여대)의 3분의 1이 크레타였다.,"2015년 7월 인도에서 출시된 크레타는 개발 단계부터 현대차가 인도 시장을 고려해 제작, 인도에서 가장 잘 팔리는 현대차 제품이다.",현대차는 2030년까지 인도에서 크레타 EV를 포함해 전기차 5종을 내놓을 예정이다.,국내공식통계,N,소매·소비,현대차 인도 판매량,"현대차, 인도, 판매량, 크레타",-,-,-,크레타,-,-,-,2024,-,Y,확정,45만9000여대,KOSIS_VALUE,hcx,현대차 인도 판매량,크레타,2024,Y,hcx,현재값,459000,-,-,Y,대,수준값,-,전년,작년 1~9월 현대차 인도 판매량(45만9000여대)의 3분의 1이 크레타였다.,high,N,-,N,0,0,HCX-007,v1.5-measurement-binding,2026-07-27,현대차 인도 판매량,자동차,2024,Y,대,대,count,count,item,,Y,,
A1085-C008,A1085-C008-m1,A1085,"비대면진료 전면 허용 1년, 환자도 의사도 이용 급증",2025-03-25,https://www.chosun.com/economy/economy_general/2025/03/25/3PQ25G3OGFHIVFH467K6W3M63I,"올해 1~2월 닥터나우의 비대면 진료 중 감기, 몸살, 부인과, 소아과 등 경증 질환이 71%에 달하는 것으로 집계됐다.",원산협에 따르면 전체 비대면 진료의 40.6%는 휴일이나 야간 시간대였다.,원산협은 “비대면 진료가 실험 단계를 넘어 의료 체계의 실질적인 한 축으로 자리매김했음을 시사한다”고 했다.,국내공식통계,N,보건·복지,경증 질환 비율,"비대면 진료, 경증 질환, 감기, 몸살, 부인과, 소아과",-,-,-,,-,-,-,202503,-,M,확정,71%,KOSIS_VALUE,hcx,경증 질환 비율,-,202503,M,hcx,현재값,71,-,-,N,%,비중,-,전년동기,"올해 1~2월 닥터나우의 비대면 진료 중 감기, 몸살, 부인과, 소아과 등 경증 질환이 71%에 달하는 것으로 집계됐다.",high,N,-,N,0,0,HCX-007,v1.5-measurement-binding,2026-07-27,비대면 진료 중 경증 질환 비율,,202503,M,%,%,rate,rate_level,unspecified,,Y,,
A1183-C016,A1183-C016-m1,A1183,"한은·통계청의 경제 지표 활용, 노후 위한 투자 밑그림 그리세요",2025-04-02,https://www.chosun.com/economy/money/2025/04/02/KL276AIILNHP5L6JJNYFSJU3XE,"과거 30년간 우리나라 경제성장률이 올해 전망치인 1.5%보다 낮았던 때는 1998년 외환 위기, 2009년 글로벌 금융 위기, 2020년 코로나 팬데믹 위기 등이다.",올해 성장률 전망치의 경우 작년 5월 이후 줄곧 하향 조정돼 왔다.,한국은행 경제통계시스템(ecos.bok.or.kr)에 접속하면 각종 경제와 금융 통계들을 확인할 수 있다.,국내공식통계,N,기타,경제성장률,"한국, 경제성장률, 전망치, 외환위기, 글로벌금융위기, 코로나팬데믹",-,-,-,,-,-,-,2025,-,Y,확정,1.5%,KOSIS_VALUE,hcx,경제성장률,-,2025,Y,hcx,현재값,1.5,-,-,N,%,수준값,-,전년,"과거 30년간 우리나라 경제성장률이 올해 전망치인 1.5%보다 낮았던 때는 1998년 외환 위기, 2009년 글로벌 금융 위기, 2020년 코로나 팬데믹 위기 등이다.",high,Y,measurement_binding_fallback:1,N,0,1,HCX-007,v1.5-measurement-binding,2026-07-27,경제성장률,,2025,Y,%,%,rate,level,unspecified,,Y,,
A1119-C017,A1119-C017-m1,A1119,120만대 ‘메이드 인 USA’ 첫발… “4월 2일 이후가 중요”,2025-03-28,https://www.chosun.com/economy/auto/2025/03/28/CB3WOT3O4JEZTLLQRNXBHYA3SU,현대차그룹은 지난해 미국 전기차 시장에서 12만대를 팔며 테슬라(63만대)에 이어 2위를 나타냈다.,일본 도요타는 작년 말 북미 최초 전기차 생산 공장 가동 시기를 올해에서 내년으로 미뤘다.,2023년 대비 36.2% 증가하며 같은 기간 5.6% 감소한 테슬라와의 격차도 줄였다.,국내공식통계,N,무역,전기차 판매량,"현대차그룹, 미국 전기차 시장, 테슬라, 판매량",-,-,-,현대차그룹,-,-,미국,2025,-,Y,확정,12만대,KOSIS_VALUE,hcx,전기차 판매량,현대차그룹,2025,Y,hcx,현재값,120000,-,-,N,대,수준값,-,전년,현대차그룹은 지난해 미국 전기차 시장에서 12만대를 팔며 테슬라(63만대)에 이어 2위를 나타냈다.,high,N,-,N,0,0,HCX-007,v1.5-measurement-binding,2026-07-27,전기차 판매량,전기차,2025,Y,대,대,count,count,item,,Y,,
A1119-C017,A1119-C017-m2,A1119,120만대 ‘메이드 인 USA’ 첫발… “4월 2일 이후가 중요”,2025-03-28,https://www.chosun.com/economy/auto/2025/03/28/CB3WOT3O4JEZTLLQRNXBHYA3SU,현대차그룹은 지난해 미국 전기차 시장에서 12만대를 팔며 테슬라(63만대)에 이어 2위를 나타냈다.,일본 도요타는 작년 말 북미 최초 전기차 생산 공장 가동 시기를 올해에서 내년으로 미뤘다.,2023년 대비 36.2% 증가하며 같은 기간 5.6% 감소한 테슬라와의 격차도 줄였다.,국내공식통계,N,무역,전기차 판매량,"현대차그룹, 미국 전기차 시장, 테슬라, 판매량",-,-,-,테슬라,-,-,미국,2025,-,Y,확정,63만대,KOSIS_VALUE,hcx,전기차 판매량,테슬라,2025,Y,hcx,현재값,630000,-,-,N,대,수준값,-,전년,현대차그룹은 지난해 미국 전기차 시장에서 12만대를 팔며 테슬라(63만대)에 이어 2위를 나타냈다.,high,N,-,N,0,0,HCX-007,v1.5-measurement-binding,2026-07-27,전기차 판매량,전기차,2025,Y,대,대,count,count,item,,Y,,
A0070-C004,A0070-C004-m1,A0070,대중-대미 수출 격차 21년 만 최소...트럼프 2기 미국 수출 1위 올라서나,2025-01-06,https://www.chosun.com/economy/economy_general/2025/01/06/BXDMXSYJWZDNDOGA5VONBDMCWY,"6일 한국무역협회에 따르면, 지난해 대중 수출액은 1330억2600만달러로 전년 대비 6.6% 늘었다.",반면 미국과는 동맹 강화를 바탕으로 교역이 활발해지면서 대미 투자와 수출이 크게 늘었다.,대미 수출액은 1277억9100만달러로 1년 전보다 10.45% 늘었다.,국내공식통계,Y,무역,대중 수출액,"대중 수출액, 대미 수출액, 수출 증가율",-,-,-,,-,-,-,2024,-,Y,확정,1330억2600만달러,KOSIS_VALUE,hcx,대중 수출액,-,2024,Y,hcx,현재값,133026000000,-,-,N,달러,수준값,증가,전년,"6일 한국무역협회에 따르면, 지난해 대중 수출액은 1330억2600만달러로 전년 대비 6.6% 늘었다.",high,N,-,N,0,0,HCX-007,v1.5-measurement-binding,2026-07-27,수출액,,2024,Y,달러,달러,currency,amount,unspecified,,Y,,
A0070-C004,A0070-C004-m2,A0070,대중-대미 수출 격차 21년 만 최소...트럼프 2기 미국 수출 1위 올라서나,2025-01-06,https://www.chosun.com/economy/economy_general/2025/01/06/BXDMXSYJWZDNDOGA5VONBDMCWY,"6일 한국무역협회에 따르면, 지난해 대중 수출액은 1330억2600만달러로 전년 대비 6.6% 늘었다.",반면 미국과는 동맹 강화를 바탕으로 교역이 활발해지면서 대미 투자와 수출이 크게 늘었다.,대미 수출액은 1277억9100만달러로 1년 전보다 10.45% 늘었다.,국내공식통계,Y,무역,대중 수출액 증감률,"대중 수출액, 대미 수출액, 수출 증가율",-,-,-,,-,-,-,2024,-,Y,확정,6.6%,KOSIS_VALUE,hcx,대중 수출액 증감률,-,2024,Y,hcx,증감률,6.6,-,-,N,%,증감률,증가,전년,"6일 한국무역협회에 따르면, 지난해 대중 수출액은 1330억2600만달러로 전년 대비 6.6% 늘었다.",high,N,-,N,0,0,HCX-007,v1.5-measurement-binding,2026-07-27,수출액,,2024,Y,%,%,rate,rate_change,unspecified,2023,Y,,
A0837-C010,A0837-C010-m1,A0837,1인 年소득 5000만원? 난 왜 체감이 안 될까,2025-03-06,https://www.chosun.com/economy/economy_general/2025/03/06/6NO5N7ES2NFOJIC7KKZF4E3ZHI,"우리나라 1인당 PGDI는 1975년 482달러였는데, 지난 2023년에는 1만9498달러(약 2840만원)로 상승했다.",개인이 벌어들이는 임금과 정부로부터 받는 연금 등에서 세금이나 각종 사회보험료를 뺀 소득을 나타낸다.,"문제는 GNI에서 PGDI가 차지하는 비율이 줄고, 기업과 정부 비율이 늘고 있다는 것이다.",국내공식통계,N,소득·임금,PGDI,"1인당, 소득, PGDI, 달러, 원",-,-,-,,-,-,-,1975,-,Y,확정,482달러,KOSIS_VALUE,hcx,PGDI,-,1975,Y,hcx,현재값,482,-,-,N,달러,수준값,증가,전년,"우리나라 1인당 PGDI는 1975년 482달러였는데, 지난 2023년에는 1만9498달러(약 2840만원)로 상승했다.",high,N,-,Y,0,0,HCX-007,v1.5-measurement-binding,2026-07-27,PGDI,,2023,Y,달러,달러,currency,amount,unspecified,,Y,,
A0837-C010,A0837-C010-m2,A0837,1인 年소득 5000만원? 난 왜 체감이 안 될까,2025-03-06,https://www.chosun.com/economy/economy_general/2025/03/06/6NO5N7ES2NFOJIC7KKZF4E3ZHI,"우리나라 1인당 PGDI는 1975년 482달러였는데, 지난 2023년에는 1만9498달러(약 2840만원)로 상승했다.",개인이 벌어들이는 임금과 정부로부터 받는 연금 등에서 세금이나 각종 사회보험료를 뺀 소득을 나타낸다.,"문제는 GNI에서 PGDI가 차지하는 비율이 줄고, 기업과 정부 비율이 늘고 있다는 것이다.",국내공식통계,N,소득·임금,PGDI,"1인당, 소득, PGDI, 달러, 원",-,-,-,,-,-,-,2023,-,Y,확정,1만9498달러,KOSIS_VALUE,hcx,PGDI,-,2023,Y,hcx,현재값,19498,-,-,N,달러,수준값,증가,전년,"우리나라 1인당 PGDI는 1975년 482달러였는데, 지난 2023년에는 1만9498달러(약 2840만원)로 상승했다.",high,N,-,Y,0,0,HCX-007,v1.5-measurement-binding,2026-07-27,PGDI,,2023,Y,달러,달러,currency,amount,unspecified,,Y,,
A0837-C010,A0837-C010-m3,A0837,1인 年소득 5000만원? 난 왜 체감이 안 될까,2025-03-06,https://www.chosun.com/economy/economy_general/2025/03/06/6NO5N7ES2NFOJIC7KKZF4E3ZHI,"우리나라 1인당 PGDI는 1975년 482달러였는데, 지난 2023년에는 1만9498달러(약 2840만원)로 상승했다.",개인이 벌어들이는 임금과 정부로부터 받는 연금 등에서 세금이나 각종 사회보험료를 뺀 소득을 나타낸다.,"문제는 GNI에서 PGDI가 차지하는 비율이 줄고, 기업과 정부 비율이 늘고 있다는 것이다.",국내공식통계,N,소득·임금,PGDI,"1인당, 소득, PGDI, 달러, 원",-,-,-,,-,-,-,2023,-,Y,확정,2840만원,KOSIS_VALUE,hcx,PGDI,-,2023,Y,hcx,현재값,28400000,-,-,Y,원,수준값,증가,전년,"우리나라 1인당 PGDI는 1975년 482달러였는데, 지난 2023년에는 1만9498달러(약 2840만원)로 상승했다.",high,N,-,Y,0,0,HCX-007,v1.5-measurement-binding,2026-07-27,PGDI,,2023,Y,원,원,currency,amount,unspecified,,Y,,
A0024-C002,A0024-C002-m1,A0024,"정부, 작년 세수 부족으로 韓銀서 170조원 빌려 썼다",2025-01-02,https://www.chosun.com/economy/economy_general/2025/01/02/LYWZZSQ6I5AVJDNTRW6KAK6ORY,"1일 더불어민주당 임광현 의원이 한은에서 제출받은 자료에 따르면, 정부는 지난해 한은에서 누적으로 따져 총 173조원을 일시 차입했다.",정부가 지난해 세수 부족으로 한국은행에서 170조원 넘는 돈을 빌려 쓴 것으로 나타났다.,이는 관련 통계를 확인할 수 있는 2011년 이후 역대 최대 규모다.,국내공식통계,N,재정·조세,정부 차입금,"정부, 세수 부족, 한국은행, 차입, 자료",-,-,-,,-,-,-,2024,-,Y,확정,173조원,KOSIS_VALUE,hcx,정부 차입금,-,2024,Y,hcx,현재값,173000000000000,-,-,N,원,수준값,-,전년,정부가 지난해 세수 부족으로 한국은행에서 누적으로 따져 총 173조원을 일시 차입했다.,high,N,-,N,0,0,HCX-007,v1.5-measurement-binding,2026-07-27,정부 차입금,,2024,Y,원,원,currency,amount,unspecified,,Y,,
A1922-C001,A1922-C001-m1,A1922,"결혼 늘고 정책 먹혔다... 1분기 합계출산율, 2년 만에 0.8명대 복귀",2025-05-28,https://www.chosun.com/economy/economy_general/2025/05/28/YCG67WTAFRH2JCK555W6H46K7Y,올해 1분기 합계출산율(여성 1명이 평생 낳을 것으로 예상되는 아이 수)이 2년 만에 0.8명대를 기록했다.,-,"코로나 엔데믹(풍토병화) 이후 결혼한 부부가 본격적으로 아이를 낳기 시작한 데다, 신생아 특례 대출 등 정부와 지방자치단체의 각종 출산 장려책도 효과를 거두고 있다는 평가다.",국내공식통계,Y,인구,합계출산율,"결혼, 정책, 1분기, 합계출산율, 여성, 아이 수",-,-,-,,-,-,-,2025Q1,-,Q,확정,0.8명,KOSIS_VALUE,hcx,합계출산율,-,2025Q1,Q,hcx,현재값,0.8,-,-,N,명,수준값,-,전년동기,올해 1분기 합계출산율(여성 1명이 평생 낳을 것으로 예상되는 아이 수)이 2년 만에 0.8명대를 기록했다.,high,N,-,Y,0,0,HCX-007,v1.5-measurement-binding,2026-07-27,합계출산율,,2025Q1,Q,명,명,person_count,count,unspecified,,Y,,
A1922-C001,A1922-C001-m2,A1922,"결혼 늘고 정책 먹혔다... 1분기 합계출산율, 2년 만에 0.8명대 복귀",2025-05-28,https://www.chosun.com/economy/economy_general/2025/05/28/YCG67WTAFRH2JCK555W6H46K7Y,올해 1분기 합계출산율(여성 1명이 평생 낳을 것으로 예상되는 아이 수)이 2년 만에 0.8명대를 기록했다.,-,"코로나 엔데믹(풍토병화) 이후 결혼한 부부가 본격적으로 아이를 낳기 시작한 데다, 신생아 특례 대출 등 정부와 지방자치단체의 각종 출산 장려책도 효과를 거두고 있다는 평가다.",국내공식통계,Y,인구,합계출산율,"결혼, 정책, 1분기, 합계출산율, 여성, 아이 수",-,-,-,,-,-,-,2025Q1,-,Q,확정,1명,KOSIS_VALUE,hcx,합계출산율,-,2025Q1,Q,hcx,현재값,1,-,-,N,명,수준값,-,전년동기,올해 1분기 합계출산율(여성 1명이 평생 낳을 것으로 예상되는 아이 수)이 2년 만에 0.8명대를 기록했다.,high,N,-,Y,0,0,HCX-007,v1.5-measurement-binding,2026-07-27,합계출산율,,2025Q1,Q,명,명,person_count,count,unspecified,,Y,,
A1253-C009,A1253-C009-m2,A1253,‘관세 전쟁’ 반영 안 했는데도… 올 한국 성장률 1.4%로 내려,2025-04-07,https://www.chosun.com/economy/economy_general/2025/04/07/VVA56JEZHRGWBM24Z4F4FHUU5E,"앞서 한국은행은 지난 2월 올해 성장률 전망을 기존 1.9%에서 1.5%로 내렸고, 관세 전쟁이 격화하는 경우 1.4% 성장으로 둔화할 것으로 봤다.",미국 은행 웰스파고는 “상호 관세 부과 등으로 올해 한국 경제 성장률이 약 0.5~1.0%포인트 떨어질 것”이라고 봤다.,올 1분기(1~3월) 성장률도 한은이 전망했던 전기 대비 0.2% 성장을 달성하기 어려울 것이라는 평가가 나온다.,국내공식통계,N,재정·조세,경제성장률,"한국, 성장률, 관세전쟁",-,-,-,,-,-,-,2025,-,Y,확정,1.5%,KOSIS_VALUE,hcx,경제성장률,-,2025,Y,hcx,현재값,1.5,-,-,N,%,수준값,감소,전년,"앞서 한국은행은 지난 2월 올해 성장률 전망을 기존 1.9%에서 1.5%로 내렸고, 관세 전쟁이 격화하는 경우 1.4% 성장으로 둔화할 것으로 봤다.",high,N,-,N,0,0,HCX-007,v1.5-measurement-binding,2026-07-27,경제성장률,,2025,Y,%,%,rate,level,unspecified,,Y,,
A1253-C009,A1253-C009-m3,A1253,‘관세 전쟁’ 반영 안 했는데도… 올 한국 성장률 1.4%로 내려,2025-04-07,https://www.chosun.com/economy/economy_general/2025/04/07/VVA56JEZHRGWBM24Z4F4FHUU5E,"앞서 한국은행은 지난 2월 올해 성장률 전망을 기존 1.9%에서 1.5%로 내렸고, 관세 전쟁이 격화하는 경우 1.4% 성장으로 둔화할 것으로 봤다.",미국 은행 웰스파고는 “상호 관세 부과 등으로 올해 한국 경제 성장률이 약 0.5~1.0%포인트 떨어질 것”이라고 봤다.,올 1분기(1~3월) 성장률도 한은이 전망했던 전기 대비 0.2% 성장을 달성하기 어려울 것이라는 평가가 나온다.,국내공식통계,N,재정·조세,경제성장률,"한국, 성장률, 관세전쟁",-,-,-,,-,-,-,2025,-,Y,확정,1.4%,KOSIS_VALUE,hcx,경제성장률,-,2025,Y,hcx,증감률,1.4,-,-,N,%,수준값,감소,전년,"앞서 한국은행은 지난 2월 올해 성장률 전망을 기존 1.9%에서 1.5%로 내렸고, 관세 전쟁이 격화하는 경우 1.4% 성장으로 둔화할 것으로 봤다.",high,N,-,N,0,0,HCX-007,v1.5-measurement-binding,2026-07-27,경제성장률,,2025,Y,%,%,rate,rate_change,unspecified,2024,Y,,
A1051-C015,A1051-C015-m1,A1051,[증시한담] 다시 늘어난 주식 보유 기간… 사실은 물려서?,2025-03-22,https://www.chosun.com/economy/money/2025/03/22/O5455JDSR7DFZT47VQV3STI7BQ,한국예탁결제원에 따르면 삼성전자 주식 소유자 수는 지난해 말 기준 567만명입니다.,가장 많은 국내 투자자가 보유한 삼성전자가 대표적인 예입니다.,네이버페이 ‘내자산 서비스’와 연동한 삼성전자 투자자 29만명의 평균 매수가는 6만6962원입니다.,국내공식통계,N,금융·금리,주식 소유자 수,"삼성전자, 주식 소유자 수",-,-,-,삼성전자,-,-,-,2024말,-,Y,확정,567만명,KOSIS_VALUE,hcx,주식 소유자 수,삼성전자,2024말,Y,hcx,현재값,5670000,-,-,N,명,수준값,-,전년,한국예탁결제원에 따르면 삼성전자 주식 소유자 수는 지난해 말 기준 567만명입니다.,high,N,-,N,0,0,HCX-007,v1.5-measurement-binding,2026-07-27,주식 소유자 수,삼성전자,2024말,Y,명,명,person_count,count,item,,Y,,
A0872-C007,A0872-C007-m2,A0872,"픽업트럭 기아 타스만, 불티나게 팔리는 이유",2025-03-09,https://www.chosun.com/economy/auto/2025/03/09/7KBLGBFYONHXZBMQOMJWKE275U,"한국자동차모빌리티산업협회(KAMA)에 따르면 2019년 국내 완성차 5사의 픽업 판매량은 4만2619대였지만, 2020년 3만8117대, 2021년 2만9567대, 2022년 2만8753대, 2023년 1만7455대, 2024년 1만3475대로 매년 줄고 있다.",자동차 업계에서는 타스만의 인기가 침체했던 국내 픽업 시장 부흥으로 이어질지 관심을 키우고 있다.,전체 승용차 판매에서 차지하는 비율도 2019년 3.3%에서 2024년 1.1%로 3분의 1 수준으로 줄었다.,국내공식통계,Y,소매·소비,픽업 판매량,"완성차, 픽업, 판매량, 국내",-,-,-,완성차,-,-,-,2019,-,Y,확정,4만2619대,KOSIS_VALUE,hcx,픽업 판매량,완성차,2019,Y,hcx,현재값,42619,-,-,N,대,수준값,-,전년,"[검증 대상 문장] 한국자동차모빌리티산업협회(KAMA)에 따르면 2019년 국내 완성차 5사의 픽업 판매량은 4만2619대였지만, 2020년 3만8117대, 2021년 2만9567대, 2022년 2만8753대, 2023년 1만7455대, 2024년 1만3475대로 매년 줄고 있다.",high,N,-,Y,0,0,HCX-007,v1.5-measurement-binding,2026-07-27,픽업 판매량,완성차,2024,Y,대,대,count,count,vehicle,,Y,,
A0872-C007,A0872-C007-m3,A0872,"픽업트럭 기아 타스만, 불티나게 팔리는 이유",2025-03-09,https://www.chosun.com/economy/auto/2025/03/09/7KBLGBFYONHXZBMQOMJWKE275U,"한국자동차모빌리티산업협회(KAMA)에 따르면 2019년 국내 완성차 5사의 픽업 판매량은 4만2619대였지만, 2020년 3만8117대, 2021년 2만9567대, 2022년 2만8753대, 2023년 1만7455대, 2024년 1만3475대로 매년 줄고 있다.",자동차 업계에서는 타스만의 인기가 침체했던 국내 픽업 시장 부흥으로 이어질지 관심을 키우고 있다.,전체 승용차 판매에서 차지하는 비율도 2019년 3.3%에서 2024년 1.1%로 3분의 1 수준으로 줄었다.,국내공식통계,Y,소매·소비,픽업 판매량,"완성차, 픽업, 판매량, 국내",-,-,-,완성차,-,-,-,2020,-,Y,확정,3만8117대,KOSIS_VALUE,hcx,픽업 판매량,완성차,2020,Y,hcx,현재값,38117,-,-,N,대,수준값,-,전년,"[검증 대상 문장] 한국자동차모빌리티산업협회(KAMA)에 따르면 2019년 국내 완성차 5사의 픽업 판매량은 4만2619대였지만, 2020년 3만8117대, 2021년 2만9567대, 2022년 2만8753대, 2023년 1만7455대, 2024년 1만3475대로 매년 줄고 있다.",high,N,-,Y,0,0,HCX-007,v1.5-measurement-binding,2026-07-27,픽업 판매량,완성차,2024,Y,대,대,count,count,vehicle,,Y,,
A0872-C007,A0872-C007-m4,A0872,"픽업트럭 기아 타스만, 불티나게 팔리는 이유",2025-03-09,https://www.chosun.com/economy/auto/2025/03/09/7KBLGBFYONHXZBMQOMJWKE275U,"한국자동차모빌리티산업협회(KAMA)에 따르면 2019년 국내 완성차 5사의 픽업 판매량은 4만2619대였지만, 2020년 3만8117대, 2021년 2만9567대, 2022년 2만8753대, 2023년 1만7455대, 2024년 1만3475대로 매년 줄고 있다.",자동차 업계에서는 타스만의 인기가 침체했던 국내 픽업 시장 부흥으로 이어질지 관심을 키우고 있다.,전체 승용차 판매에서 차지하는 비율도 2019년 3.3%에서 2024년 1.1%로 3분의 1 수준으로 줄었다.,국내공식통계,Y,소매·소비,픽업 판매량,"완성차, 픽업, 판매량, 국내",-,-,-,완성차,-,-,-,2021,-,Y,확정,2만9567대,KOSIS_VALUE,hcx,픽업 판매량,완성차,2021,Y,hcx,현재값,29567,-,-,N,대,수준값,-,전년,"[검증 대상 문장] 한국자동차모빌리티산업협회(KAMA)에 따르면 2019년 국내 완성차 5사의 픽업 판매량은 4만2619대였지만, 2020년 3만8117대, 2021년 2만9567대, 2022년 2만8753대, 2023년 1만7455대, 2024년 1만3475대로 매년 줄고 있다.",high,N,-,Y,0,0,HCX-007,v1.5-measurement-binding,2026-07-27,픽업 판매량,완성차,2024,Y,대,대,count,count,vehicle,,Y,,
A0872-C007,A0872-C007-m5,A0872,"픽업트럭 기아 타스만, 불티나게 팔리는 이유",2025-03-09,https://www.chosun.com/economy/auto/2025/03/09/7KBLGBFYONHXZBMQOMJWKE275U,"한국자동차모빌리티산업협회(KAMA)에 따르면 2019년 국내 완성차 5사의 픽업 판매량은 4만2619대였지만, 2020년 3만8117대, 2021년 2만9567대, 2022년 2만8753대, 2023년 1만7455대, 2024년 1만3475대로 매년 줄고 있다.",자동차 업계에서는 타스만의 인기가 침체했던 국내 픽업 시장 부흥으로 이어질지 관심을 키우고 있다.,전체 승용차 판매에서 차지하는 비율도 2019년 3.3%에서 2024년 1.1%로 3분의 1 수준으로 줄었다.,국내공식통계,Y,소매·소비,픽업 판매량,"완성차, 픽업, 판매량, 국내",-,-,-,완성차,-,-,-,2022,-,Y,확정,2만8753대,KOSIS_VALUE,hcx,픽업 판매량,완성차,2022,Y,hcx,현재값,28753,-,-,N,대,수준값,-,전년,"[검증 대상 문장] 한국자동차모빌리티산업협회(KAMA)에 따르면 2019년 국내 완성차 5사의 픽업 판매량은 4만2619대였지만, 2020년 3만8117대, 2021년 2만9567대, 2022년 2만8753대, 2023년 1만7455대, 2024년 1만3475대로 매년 줄고 있다.",high,N,-,Y,0,0,HCX-007,v1.5-measurement-binding,2026-07-27,픽업 판매량,완성차,2024,Y,대,대,count,count,vehicle,,Y,,
A0872-C007,A0872-C007-m6,A0872,"픽업트럭 기아 타스만, 불티나게 팔리는 이유",2025-03-09,https://www.chosun.com/economy/auto/2025/03/09/7KBLGBFYONHXZBMQOMJWKE275U,"한국자동차모빌리티산업협회(KAMA)에 따르면 2019년 국내 완성차 5사의 픽업 판매량은 4만2619대였지만, 2020년 3만8117대, 2021년 2만9567대, 2022년 2만8753대, 2023년 1만7455대, 2024년 1만3475대로 매년 줄고 있다.",자동차 업계에서는 타스만의 인기가 침체했던 국내 픽업 시장 부흥으로 이어질지 관심을 키우고 있다.,전체 승용차 판매에서 차지하는 비율도 2019년 3.3%에서 2024년 1.1%로 3분의 1 수준으로 줄었다.,국내공식통계,Y,소매·소비,픽업 판매량,"완성차, 픽업, 판매량, 국내",-,-,-,완성차,-,-,-,2023,-,Y,확정,1만7455대,KOSIS_VALUE,hcx,픽업 판매량,완성차,2023,Y,hcx,현재값,17455,-,-,N,대,수준값,-,전년,"[검증 대상 문장] 한국자동차모빌리티산업협회(KAMA)에 따르면 2019년 국내 완성차 5사의 픽업 판매량은 4만2619대였지만, 2020년 3만8117대, 2021년 2만9567대, 2022년 2만8753대, 2023년 1만7455대, 2024년 1만3475대로 매년 줄고 있다.",high,N,-,Y,0,0,HCX-007,v1.5-measurement-binding,2026-07-27,픽업 판매량,완성차,2024,Y,대,대,count,count,vehicle,,Y,,
A0872-C007,A0872-C007-m7,A0872,"픽업트럭 기아 타스만, 불티나게 팔리는 이유",2025-03-09,https://www.chosun.com/economy/auto/2025/03/09/7KBLGBFYONHXZBMQOMJWKE275U,"한국자동차모빌리티산업협회(KAMA)에 따르면 2019년 국내 완성차 5사의 픽업 판매량은 4만2619대였지만, 2020년 3만8117대, 2021년 2만9567대, 2022년 2만8753대, 2023년 1만7455대, 2024년 1만3475대로 매년 줄고 있다.",자동차 업계에서는 타스만의 인기가 침체했던 국내 픽업 시장 부흥으로 이어질지 관심을 키우고 있다.,전체 승용차 판매에서 차지하는 비율도 2019년 3.3%에서 2024년 1.1%로 3분의 1 수준으로 줄었다.,국내공식통계,Y,소매·소비,픽업 판매량,"완성차, 픽업, 판매량, 국내",-,-,-,완성차,-,-,-,2024,-,Y,확정,1만3475대,KOSIS_VALUE,hcx,픽업 판매량,완성차,2024,Y,hcx,현재값,13475,-,-,N,대,수준값,-,전년,"[검증 대상 문장] 한국자동차모빌리티산업협회(KAMA)에 따르면 2019년 국내 완성차 5사의 픽업 판매량은 4만2619대였지만, 2020년 3만8117대, 2021년 2만9567대, 2022년 2만8753대, 2023년 1만7455대, 2024년 1만3475대로 매년 줄고 있다.",high,N,-,Y,0,0,HCX-007,v1.5-measurement-binding,2026-07-27,픽업 판매량,완성차,2024,Y,대,대,count,count,vehicle,,Y,,
A1356-C021,A1356-C021-m1,A1356,"3040은 생활비, 60대 이상은 팬클럽 활동에 ‘모임 통장’ 쓴다",2025-04-15,https://www.chosun.com/economy/economy_general/2025/04/15/KNSLCZWTCZCXDIAF2VXAAVSXKM,모임 통장 이용자 중 1.5%(2020년)에 불과했던 60대 이상 비율은 작년 말 6.9%로 4년 만에 4.6배로 뛰었다.,카카오뱅크 관계자는 “가수 임영웅 신드롬을 타고 중장년층에 형성된 팬덤 문화 덕에 최근 60대 이상 모임 통장 가입자가 늘었다”고 했다.,이 연령대의 10%는 모임 통장 개설 목적이 ‘팬 모임’이라고 밝혔다.,국내공식통계,N,소매·소비,모임 통장 이용자 비율,"모임 통장, 60대 이상, 비중, 배수",-,60대 이상,-,60대 이상,-,-,-,2024,-,Y,확정,6.9%,KOSIS_VALUE,hcx,모임 통장 이용자 비율,60대 이상,2024,Y,hcx,현재값,6.9,-,-,N,%,비중,-,전년,[검증 대상 문장] 모임 통장 이용자 중 1.5%(2020년)에 불과했던 60대 이상 비율은 작년 말 6.9%로 4년 만에 4.6배로 뛰었다.,high,Y,measurement_rule_fallback:2,Y,2,0,HCX-007,v1.5-measurement-binding,2026-07-27,모임 통장 이용자 비율,,2024,Y,%,%,rate,rate_level,item,,Y,,
A0882-C023,A0882-C023-m1,A0882,일본 따라가네... 중소·벤처 M&A 시장서 독립계 자문사 뜬다,2025-03-09,https://www.chosun.com/economy/money/2025/03/09/FQYIFBQP7R6CKAJTG5MV7SQ2XA,중소벤처기업연구원에 따르면 국내 제조 중소기업 경영자 중 ’60세 이상’ 비중은 2012년 14.1%에서 2022년 33.5%로 증가했다.,독립계 자문사의 먹거리가 느는 셈이다.,특히 이 중 20.4%의 중소기업은 적절한 후계자가 없으며 후계자가 없는 중소기업 중 30.7%가 M&A를 고려 중인 것으로 조사됐다.,국내공식통계,N,고용,제조 중소기업 경영자의 60세 이상 비중,"중소기업, 제조업, 경영자, 60세 이상, 후계자, M&A",-,60세 이상,-,,제조 중소기업 경영자,-,-,2022,-,Y,확정,33.5%,KOSIS_VALUE,hcx,제조 중소기업 경영자의 60세 이상 비중,-,2022,Y,hcx,현재값,33.5,-,-,N,%,수준값,증가,전년동기,중소벤처기업연구원에 따르면 국내 제조 중소기업 경영자 중 '60세 이상' 비중은 2012년 14.1%에서 2022년 33.5%로 증가했다.,high,Y,measurement_binding_fallback:1,Y,0,1,HCX-007,v1.5-measurement-binding,2026-07-27,제조 중소기업 경영자의 연령 분포,,2022,Y,%,%,rate,level,organization,,Y,,
A2426-C003,A2426-C003-m1,A2426,"국내 주식형 펀드 주간 설정액, 3개월 만에 최대 증가 폭",2025-07-06,https://www.chosun.com/economy/money/2025/07/06/DQY4UVHVL2IYBWR2FELGTNX3QU,15:40 0 국내 주식형 펀드 설정액이 일주일 새 6000억원 넘게 늘면서 3개월 만에 최대 증가 폭을 기록했다.,15:40 업데이트 2025.07.06.,6일 펀드평가사 에프앤가이드에 따르면 국내 주식형 펀드 1039개의 설정액은 지난 4일 기준 총 56조1830억원이다.,국내공식통계,Y,소매·소비,주식형 펀드 설정액,"펀드, 설정액, 증가폭",-,-,-,,-,-,-,202507,-,M,확정,6000억원,KOSIS_VALUE,hcx,주식형 펀드 설정액,-,202507,M,hcx,현재값,600000000000,-,-,N,원,수준값,증가,전월,[검증 대상 문장] 15:40 국내 주식형 펀드 설정액이 일주일 새 6000억원 넘게 늘면서 3개월 만에 최대 증가 폭을 기록했다.,high,N,-,N,0,0,HCX-007,v1.5-measurement-binding,2026-07-27,주식형 펀드 설정액,,202507,M,원,원,currency,amount,unspecified,,Y,,
A0837-C012,A0837-C012-m1,A0837,1인 年소득 5000만원? 난 왜 체감이 안 될까,2025-03-06,https://www.chosun.com/economy/economy_general/2025/03/06/6NO5N7ES2NFOJIC7KKZF4E3ZHI,"한은에 따르면 GNI 대비 PGDI 비율은 한은이 해당 통계 작성을 시작한 1975년에는 77.5%였는데, 지난 2023년 53.9%로 역대 최저치로 떨어졌다.","문제는 GNI에서 PGDI가 차지하는 비율이 줄고, 기업과 정부 비율이 늘고 있다는 것이다.","갈수록 국민소득이 개인보다 기업이나 정부에 돌아가다 보니, 개인은 소득이 늘었다고 느끼기 어려워지는 것이다.",국내공식통계,N,소득·임금,GNI 대비 PGDI 비율,"GNI, PGDI, 비율, 소득",-,-,-,,-,-,-,2023,-,Y,확정,53.9%,KOSIS_VALUE,hcx,GNI 대비 PGDI 비율,-,2023,Y,hcx,현재값,53.9,-,-,N,%,비중,-,전년,"한은에 따르면 GNI 대비 PGDI 비율은 한은이 해당 통계 작성을 시작한 1975년에는 77.5%였는데, 지난 2023년 53.9%로 역대 최저치로 떨어졌다.",high,N,-,N,0,0,HCX-007,v1.5-measurement-binding,2026-07-27,GNI 대비 PGDI 비율,,2023,Y,%,%,rate,rate_level,unspecified,,Y,,
A1731-C001,A1731-C001-m1,A1731,"KDI, 올해 성장률 전망치 1.6→0.8% 반토막 하향 조정",2025-05-14,https://www.chosun.com/economy/economy_general/2025/05/14/BVZZJRMGC5H4LHGST2P2SVCX2Y,국책연구기관인 한국개발연구원(KDI)이 14일 올해 한국의 경제성장률을 0.8%로 전망했다.,-,KDI는 지난 2월 올해 경제성장률을 1.6%로 전망했지만 건설업 부진과 통상 여건 악화가 이어지면서 0.8%포인트 하향 조정한 것이다.,국내공식통계,Y,재정·조세,경제성장률,한국개발연구원; 경제성장률; 전망치,-,-,-,,-,-,-,2025,-,Y,확정,0.8%,KOSIS_VALUE,hcx,경제성장률,-,2025,Y,hcx,현재값,0.8,-,-,N,%,수준값,유지,전년,국책연구기관인 한국개발연구원(KDI)이 14일 올해 한국의 경제성장률을 0.8%로 전망했다.,high,N,-,N,0,0,HCX-007,v1.5-measurement-binding,2026-07-27,경제성장률,,2025,Y,%,%,rate,level,unspecified,,Y,,
