claim_id,claim_measurement_id,article_id,title,date,url,claim_text,prev_sentence,next_sentence,claim_domain_scope,is_recurring_series,metric_domain,indicator,keywords,region,age_group,gender,industry_or_item,population_etc,origin_country,destination_country,period,period_end,prd_se,time_resolution_status,measurement_text,measurement_usage,measurement_source,measurement_indicator,measurement_item,measurement_period,measurement_prd_se,measurement_binding_source,measurement_role,value,value_min,value_max,value_approximate,unit,value_type,direction,change_base,evidence_text,extraction_confidence,needs_review,review_reason,measurement_repaired,measurement_fallback_count,measurement_binding_fallback_count,extraction_model,prompt_version,extracted_at,claim_indicator,claim_industry_or_item,claim_period,claim_prd_se,raw_measurement_period,period_alignment_status,raw_unit,canonical_unit,unit_dimension,semantic_type,entity_type,comparison_period,mapping_eligible,in_ready,mapping_exclusion_code,mapping_exclusion_reason,mapping_gate,mapping_gate_reason,enrichment_actions,item_ungrounded,dropped_item,period_span_start,period_span_end,period_aggregation,scope_gate_code,scope_gate_reason,scope_gate_severity,scope_gate_blocked
A0006-SP454B0C203E,A0006-SP454B0C203E-m4,A0006,"2024년 수출, 6838억달러로 ‘역대 최대’ 경신",2025-01-01,https://www.chosun.com/economy/industry-company/2025/01/01/2UPTGREAPRAWRG4XUBRMLONSKY,"이에 따라 2024년 1~9월 기준(WTO)으로 전 세계 수출순위도 2023년 8위에서 두 단계 상승한 6위를 달성했으며, 상위 10대 수출국 중 가장 높은 수출증가율(+9.6%)을 기록했다.","이전 최대 실적은 2022년 기록한 6836억달러인데, 이를 2년 만에 근소하게 경신한 것이다.",무역수지는 전년 대비 621억 달러 개선된 518억 달러의 흑자를 기록했다.,국내공식통계,Y,무역,상위 수출국,"수출, WTO, 순위, 증가율",-,-,-,,-,-,-,202409,-,M,확정,10대,KOSIS_VALUE,hcx,상위 수출국,-,2024,Y,hcx,현재값,10,-,-,N,대,수준값,증가,전년,"이에 따라 2024년 1~9월 기준(WTO)으로 전 세계 수출순위도 2023년 8위에서 두 단계 상승한 6위를 달성했으며, 상위 10대 수출국 중 가장 높은 수출증가율(+9.6%)을 기록했다.",high,N,-,Y,0,0,HCX-007,v1.6-early-kosis-context,2026-07-30,상위 수출국,,2024,Y,2024,,대,대,count,count,unspecified,,Y,Y,,,READY,ELIGIBLE,,N,,202401,202409,sum,GLOBAL_COMPARISON,세계 비교 문맥(전 세계) — 대상이 국내 통계인지 확인 필요,REVIEW,N
A0012-SP13E0E2E6EE,A0012-SP13E0E2E6EE-m2,A0012,조선업 산업기술인력 9년 만에 다시 상승세,2025-01-01,https://www.chosun.com/economy/industry-company/2025/01/01/VR4RUPY3CFEGZGFC5M4JPY5SDE,조선 산업기술인력 중 외국인은 2022년 877명에서 2023년 2563명으로 3배 가까이 늘었다.,이 숫자가 다시 증가한 것은 최근 외국인 근로 인력이 많아진 덕이다.,이들이 차지하는 비율도 같은 기간 1.5%에서 4.4%로 증가했다.,국내공식통계,Y,고용,조선 산업기술인력 중 외국인 수,"조선업, 산업기술인력, 외국인, 2022년, 2023년",-,-,-,조선업,-,-,-,2023,-,Y,확정,2563명,KOSIS_VALUE,hcx,조선 산업기술인력 중 외국인 수,조선업,2023,Y,hcx,현재값,2563,-,-,N,명,수준값,증가,전년,조선 산업기술인력 중 외국인은 2022년 877명에서 2023년 2563명으로 3배 가까이 늘었다.,high,N,-,Y,0,0,HCX-007,v1.6-early-kosis-context,2026-07-30,조선 산업기술인력 중 외국인 수,조선업,2023,Y,2023,,명,명,person_count,count,item,,Y,Y,,,READY,ELIGIBLE,,N,,,,,,,,N
A0023-SP253B27241B,A0023-SP253B27241B-m1,A0023,정부 “올해 경제성장률 1.8%”… 한은 전망보다 더 낮췄다,2025-01-02,https://www.chosun.com/economy/economy_general/2025/01/02/FWT5PD42TZED7JTIXYCIECCFRE,성장률과 물가 상승률이 모두 2%를 밑돈 경우는 2020년이 마지막이었다.,"경기 둔화 속 저물가는 투자와 고용 감소, 실업자 증가, 가계소득 감소, 소비 침체 등 악순환으로 이어질 수 있다.",저출산·고령화 장기화로 생산연령인구(15~64세)가 줄어드는 가운데 경기 부진세가 이어지면서 올해 취업자 수도 12만명 늘어나는 데 그칠 것으로 정부는 전망했다.,국내공식통계,N,기타,성장률과 물가 상승률,"성장률, 물가 상승률, 2%",-,-,-,,-,-,-,2020,-,Y,확정,2%,KOSIS_VALUE,hcx,성장률과 물가 상승률,-,2020,Y,hcx,증감률,2,-,-,N,%,증감률,유지,전년,성장률과 물가 상승률이 모두 2%를 밑돈 경우는 2020년이 마지막이었다.,high,N,-,N,0,0,HCX-007,v1.6-early-kosis-context,2026-07-30,성장률과 물가 상승률,,2020,Y,2020,,%,%,rate,rate_change,unspecified,2019,Y,Y,,,READY,ELIGIBLE,,N,,,,,,,,N
A0026-SP62C4E813C9,A0026-SP62C4E813C9-m1,A0026,"선물환포지션 한도 풀고, 외화대출 규제도 완화",2025-01-02,https://www.chosun.com/economy/economy_general/2025/01/02/QWFKNTB7ZRARZGL4HKVD5NS234,연간으로 따지면 무려 172.1원이 올랐다.,"최근 미국 경제가 호조세를 보이고 있고, 트럼프 2기 행정부 출범과 국내 정치적 불안이 겹치면서 달러 대비 원화 환율은 지난달 말(30일) 오후 3시 30분 기준 1472.5원을 기록했다.",기재부 관계자는 향후 환율 전망에 대해 “외환시장 여건은 미국의 금리 경로 불확실성 등으로 최근 환율 변동성 같은 불확실성이 있는 상황”이라고 했다.,국내공식통계,N,금융·금리,환율 상승폭,"환율, 달러, 원화",-,-,-,,-,-,-,2025,-,Y,확정,172.1원,KOSIS_VALUE,hcx,환율 상승폭,-,2025,Y,hcx,현재값,172.1,-,-,N,원,증감량,증가,전년,연간으로 따지면 무려 172.1원이 올랐다.,high,N,-,N,0,0,HCX-007,v1.6-early-kosis-context,2026-07-30,환율 상승폭,,2025,Y,2025,,원,원,currency,absolute_change,unspecified,2024,Y,Y,,,READY,ELIGIBLE,,N,,,,,,,,N
A0041-SPF140502152,A0041-SPF140502152-m1,A0041,치솟는 환율에 식품 물가도 급등,2025-01-04,https://www.chosun.com/economy/economy_general/2025/01/04/7SPGFC4RFZEDLDPFTQHVDM2K2E,"3일 한국소비자원이 전국 대형마트와 편의점 500여 곳을 조사해 발표하는 ‘생필품 가격 보고서’에 따르면, 지난달 20일 기준 초콜릿·카레·커피 등 주요 가공식품 175개 품목 가운데 121개(69%) 품목의 평균 가격이 1년 전보다 오른 것으로 나타났다.",지난해 말 상승한 국제 곡물 가격도 3~4개월 시차를 두고 국내 식품 물가에 반영될 가능성이 높다.,"175개 품목의 평균 물가 상승폭은 3.9%로, 지난해 연간 소비자물가지수 상승폭(2.3%)을 뛰어넘었다.",국내공식통계,N,물가,품목 수,"환율, 식품, 물가, 가격, 상승폭",-,-,-,,-,-,-,202501,-,M,확정,175개,KOSIS_VALUE,hcx,품목 수,-,202501,M,hcx,현재값,175,-,-,N,개,수준값,증가,전년동기,"3일 한국소비자원이 전국 대형마트와 편의점 500여 곳을 조사해 발표하는 ‘생필품 가격 보고서’에 따르면, 지난달 20일 기준 초콜릿·카레·커피 등 주요 가공식품 175개 품목 가운데 121개(69%) 품목의 평균 가격이 1년 전보다 오른 것으로 나타났다.",high,Y,measurement_rule_fallback:1,Y,1,0,HCX-007,v1.6-early-kosis-context,2026-07-30,품목 수,,202501,M,202501,,개,개,count,count,unspecified,,Y,Y,,,READY,ELIGIBLE,,N,,,,,,,,N
A0041-SPF140502152,A0041-SPF140502152-m2,A0041,치솟는 환율에 식품 물가도 급등,2025-01-04,https://www.chosun.com/economy/economy_general/2025/01/04/7SPGFC4RFZEDLDPFTQHVDM2K2E,"3일 한국소비자원이 전국 대형마트와 편의점 500여 곳을 조사해 발표하는 ‘생필품 가격 보고서’에 따르면, 지난달 20일 기준 초콜릿·카레·커피 등 주요 가공식품 175개 품목 가운데 121개(69%) 품목의 평균 가격이 1년 전보다 오른 것으로 나타났다.",지난해 말 상승한 국제 곡물 가격도 3~4개월 시차를 두고 국내 식품 물가에 반영될 가능성이 높다.,"175개 품목의 평균 물가 상승폭은 3.9%로, 지난해 연간 소비자물가지수 상승폭(2.3%)을 뛰어넘었다.",국내공식통계,N,물가,상승 품목 수,"환율, 식품, 물가, 가격, 상승폭",-,-,-,,-,-,-,202501,-,M,확정,121개,KOSIS_VALUE,hcx,상승 품목 수,-,202501,M,hcx,현재값,121,-,-,N,개,수준값,증가,전년동기,"3일 한국소비자원이 전국 대형마트와 편의점 500여 곳을 조사해 발표하는 ‘생필품 가격 보고서’에 따르면, 지난달 20일 기준 초콜릿·카레·커피 등 주요 가공식품 175개 품목 가운데 121개(69%) 품목의 평균 가격이 1년 전보다 오른 것으로 나타났다.",high,Y,measurement_rule_fallback:1,Y,1,0,HCX-007,v1.6-early-kosis-context,2026-07-30,상승 품목 수,,202501,M,202501,,개,개,count,count,unspecified,,Y,Y,,,READY,ELIGIBLE,,N,,,,,,,,N
A0041-SPF140502152,A0041-SPF140502152-m3,A0041,치솟는 환율에 식품 물가도 급등,2025-01-04,https://www.chosun.com/economy/economy_general/2025/01/04/7SPGFC4RFZEDLDPFTQHVDM2K2E,"3일 한국소비자원이 전국 대형마트와 편의점 500여 곳을 조사해 발표하는 ‘생필품 가격 보고서’에 따르면, 지난달 20일 기준 초콜릿·카레·커피 등 주요 가공식품 175개 품목 가운데 121개(69%) 품목의 평균 가격이 1년 전보다 오른 것으로 나타났다.",지난해 말 상승한 국제 곡물 가격도 3~4개월 시차를 두고 국내 식품 물가에 반영될 가능성이 높다.,"175개 품목의 평균 물가 상승폭은 3.9%로, 지난해 연간 소비자물가지수 상승폭(2.3%)을 뛰어넘었다.",국내공식통계,N,물가,상승 품목 비율,"환율, 식품, 물가, 가격, 상승폭",-,-,-,,-,-,-,202501,-,M,확정,69%,KOSIS_VALUE,hcx,상승 품목 비율,-,202501,M,hcx,증감률,69,-,-,N,%,증감률,증가,전년동기,"3일 한국소비자원이 전국 대형마트와 편의점 500여 곳을 조사해 발표하는 ‘생필품 가격 보고서’에 따르면, 지난달 20일 기준 초콜릿·카레·커피 등 주요 가공식품 175개 품목 가운데 121개(69%) 품목의 평균 가격이 1년 전보다 오른 것으로 나타났다.",high,Y,measurement_rule_fallback:1,Y,1,0,HCX-007,v1.6-early-kosis-context,2026-07-30,상승 품목 비율,,202501,M,202501,,%,%,rate,rate_change,unspecified,202401,Y,Y,,,READY,ELIGIBLE,,N,,,,,,,,N
A0041-SP87530E5592,A0041-SP87530E5592-m1,A0041,치솟는 환율에 식품 물가도 급등,2025-01-04,https://www.chosun.com/economy/economy_general/2025/01/04/7SPGFC4RFZEDLDPFTQHVDM2K2E,"175개 품목의 평균 물가 상승폭은 3.9%로, 지난해 연간 소비자물가지수 상승폭(2.3%)을 뛰어넘었다.","3일 한국소비자원이 전국 대형마트와 편의점 500여 곳을 조사해 발표하는 ‘생필품 가격 보고서’에 따르면, 지난달 20일 기준 초콜릿·카레·커피 등 주요 가공식품 175개 품목 가운데 121개(69%) 품목의 평균 가격이 1년 전보다 오른 것으로 나타났다.","주요 가공식품 가운데 초콜릿(핫브레이크 미니·33.6%), 커피(맥심 티오피 마스터 라떼·32.3%), 카레(청정원 카레여왕 비프카레·25.5%) 등 원재료를 해외 수입에 의존하는 품목들의 가격이 크게 올랐다.",국내공식통계,N,물가,품목 수,"환율, 식품, 물가, 가격, 소비자물가지수",-,-,-,,-,-,-,202501,-,M,확정,175개,KOSIS_VALUE,hcx,품목 수,-,202501,M,hcx,현재값,175,-,-,N,개,수준값,증가,전년,"175개 품목의 평균 물가 상승폭은 3.9%로, 지난해 연간 소비자물가지수 상승폭(2.3%)을 뛰어넘었다.",high,N,-,Y,0,0,HCX-007,v1.6-early-kosis-context,2026-07-30,품목 수,,202501,M,202501,,개,개,count,count,unspecified,,Y,Y,,,READY,ELIGIBLE,,N,,,,,,,,N
A0047-SP3DFD1749C6,A0047-SP3DFD1749C6-m1,A0047,“욕심부리다가 또 탈락할라”… 눈높이 낮추는 ‘상장 재수생’들,2025-01-04,https://www.chosun.com/economy/money/2025/01/04/BN43SMGOJ6JMA4RWSSI66VWIGY,지난해 유가증권시장 상장 기업의 할인율은 15%대였다.,LG CNS는 주당 평가가액 8만9378원에 30%가 넘는 할인율을 적용했다.,이에 따라 LG CNS는 희망 공모가 범위(밴드)를 5만3700~6만1900원으로 제시했다.,국내공식통계,N,금융·금리,상장 기업의 할인율,"상장, 할인율, 유가증권시장",-,-,-,,-,-,-,2024,-,Y,확정,15%,KOSIS_VALUE,hcx,상장 기업의 할인율,-,2024,Y,hcx,현재값,15,-,-,N,%,수준값,-,전년,지난해 유가증권시장 상장 기업의 할인율은 15%대였다.,high,N,-,N,0,0,HCX-007,v1.6-early-kosis-context,2026-07-30,상장 기업의 할인율,,2024,Y,2024,,%,%,rate,level,organization,,Y,Y,,,READY,ELIGIBLE,,N,,,,,,,,N
