claim_id,claim_measurement_id,indicator,metric_domain,industry_or_item,value,unit,raw_unit,unit_dimension,semantic_type,entity_type,value_type,measurement_role,measurement_usage,period,prd_se,change_base,comparison_period,candidate_rank,candidate_score,candidate_runner_up_score,table_prd_se_list,candidate_status,candidate_status_code,candidate_status_reason,candidate_hits,retrieval_backend,lexical_score,lexical_eligible,semantic_score,reranker_score,fusion_score,table_override_rule,mapping_override_rule,org_id,tbl_id,tbl_name,stat_id,category_path,meta_candidates,selected_itm_id,selected_itm_name,selected_itm_unit,selected_itm_score,selected_obj_l1_axis_id,selected_obj_l1_axis_name,selected_obj_l1,selected_obj_l1_name,selected_obj_l1_score,selected_obj_l2_axis_id,selected_obj_l2_axis_name,selected_obj_l2,selected_obj_l2_name,selected_obj_l2_score,selected_obj_l3_axis_id,selected_obj_l3_axis_name,selected_obj_l3,selected_obj_l3_name,selected_obj_l3_score,selected_obj_l4_axis_id,selected_obj_l4_axis_name,selected_obj_l4,selected_obj_l4_name,selected_obj_l4_score,selected_obj_l5_axis_id,selected_obj_l5_axis_name,selected_obj_l5,selected_obj_l5_name,selected_obj_l5_score,selected_obj_l6_axis_id,selected_obj_l6_axis_name,selected_obj_l6,selected_obj_l6_name,selected_obj_l6_score,selected_obj_l7_axis_id,selected_obj_l7_axis_name,selected_obj_l7,selected_obj_l7_name,selected_obj_l7_score,selected_obj_l8_axis_id,selected_obj_l8_axis_name,selected_obj_l8,selected_obj_l8_name,selected_obj_l8_score,selected_code_status,mapping_type,unit_compatibility_reason,claim_text
A0006-SP454B0C203E,A0006-SP454B0C203E-m4,상위 수출국,무역,-,10,대,대,count,count,unspecified,수준값,현재값,KOSIS_VALUE,202409,M,전년,,1,877,849,Y,REJECT,PERIODICITY_NOT_AVAILABLE,"표는 Y 만 제공, 주장은 M","수출,순위,수출국,상위",hybrid+reranker,268,Y,0.6688562035560608,0.9107398390769958,0.85940536338904,,,142,DT_12029,"주요 수출 국가(1+2+3순위, 상위 6위)",2012054,1인창조기업실태조사 > 2012년 > 기업운영 실태 및 향후 운영 계획,항목:주요 수출 국가(1+2+3순위 상위 6위)[T001]/item=Y/score=54 | 수출국가별:미국[B02]/item=N/score=36 | 수출국가별:베트남[B04]/item=N/score=36 | 수출국가별:사업체수[B01]/item=N/score=36 | 수출국가별:이탈리아[B06]/item=N/score=36 | 수출국가별:일본[B05]/item=N/score=36 | 수출국가별:중국[B03]/item=N/score=36 | 수출국가별:호주[B07]/item=N/score=36,,,,,A,특성별,A01,전체,7,B,수출국가별,B02,미국,17,,,,,,,,,,,,,,,,,,,,,,,,,,,,,,,itm/obj 후보 선택,,,"이에 따라 2024년 1~9월 기준(WTO)으로 전 세계 수출순위도 2023년 8위에서 두 단계 상승한 6위를 달성했으며, 상위 10대 수출국 중 가장 높은 수출증가율(+9.6%)을 기록했다."
A0006-SP454B0C203E,A0006-SP454B0C203E-m4,상위 수출국,무역,-,10,대,대,count,count,unspecified,수준값,현재값,KOSIS_VALUE,202409,M,전년,,2,849,,,ALTERNATE,NOT_TOP_TABLE,후순위 통계표 후보,"수출,순위,수출국,상위",hybrid+reranker,268,Y,0.6727264523506165,0.8365871906280518,0.8560782036391792,,,115,DT_14217M_254,주요수출 국가 1+2+3+4+5순위(상위 14개),2015016,중견기업 기본통계 > 중견기업 > 2015년 이후  > 국제화 추진,meta_index 없음 또는 코드명 매칭 없음,,,,,,,,,,,,,,,,,,,,,,,,,,,,,,,,,,,,,,,,,,,,,meta 없음,,,"이에 따라 2024년 1~9월 기준(WTO)으로 전 세계 수출순위도 2023년 8위에서 두 단계 상승한 6위를 달성했으며, 상위 10대 수출국 중 가장 높은 수출증가율(+9.6%)을 기록했다."
A0006-SP454B0C203E,A0006-SP454B0C203E-m4,상위 수출국,무역,-,10,대,대,count,count,unspecified,수준값,현재값,KOSIS_VALUE,202409,M,전년,,3,623,,M|Q|Y,ALTERNATE,NOT_TOP_TABLE,후순위 통계표 후보,"품목별,수출액,수출,수입,무역",hybrid+reranker,484,Y,,0.8521003127098083,0.5,,,360,DT_1R11001_FRM101,"품목별 수출액, 수입액",1976045,SITC에의한무역통계,품목별:총액[13102112831A.A]/item=N/score=30 | 항목:수출액[13103112831T1]/item=Y/score=30 | 품목별:기타 우표 또는 수입인지우편요금 별납증지우편엽서[13102112831A.89649]/item=N/score=26 | 품목별:기타(우표 또는 수입인지 우편요금 별납증지  초일봉투 우편엽서(엽서) 및 이와 유사  )[13102112831A.89640]/item=N/score=26 | 품목별:우표 또는 수입인지 우편요금 별납증지  초일봉투 우편엽서(엽서) 및 이와 유사  [13102112831A.8964]/item=N/score=26 | 품목별:우표수입인지 또는 이와 유사한 물품  (우리나라에서 통용 또는 발행된 것  으로서 사[13102112831A.89283]/item=N/score=26 | 품목별:가장[13102112831A.03541]/item=N/score=20 | 품목별:제664.3항 제664.4항 또는 제664.5항의 유리  (구부린 것 가장자리 가공한 것 조각[13102112831A.66491]/item=N/score=20,,,,,13101112831A,품목별,13102112831A.A,총액,32,,,,,,,,,,,,,,,,,,,,,,,,,,,,,,,,,,,,itm/obj 후보 선택,,,"이에 따라 2024년 1~9월 기준(WTO)으로 전 세계 수출순위도 2023년 8위에서 두 단계 상승한 6위를 달성했으며, 상위 10대 수출국 중 가장 높은 수출증가율(+9.6%)을 기록했다."
A0006-SP454B0C203E,A0006-SP454B0C203E-m4,상위 수출국,무역,-,10,대,대,count,count,unspecified,수준값,현재값,KOSIS_VALUE,202409,M,전년,,4,599,,,ALTERNATE,NOT_TOP_TABLE,후순위 통계표 후보,"수출액,수출,수출국,기준",hybrid+reranker,240,Y,,0.924953818321228,0.42361111111111105,,,115,DT_115035_A012,외투기업 사업체수 및 수출액 기준 수출국,2017050,경제자유구역입주사업체실태조사 > 2017년~ > 매출 현황,meta_index 없음 또는 코드명 매칭 없음,,,,,,,,,,,,,,,,,,,,,,,,,,,,,,,,,,,,,,,,,,,,,meta 없음,,,"이에 따라 2024년 1~9월 기준(WTO)으로 전 세계 수출순위도 2023년 8위에서 두 단계 상승한 6위를 달성했으며, 상위 10대 수출국 중 가장 높은 수출증가율(+9.6%)을 기록했다."
A0006-SP454B0C203E,A0006-SP454B0C203E-m4,상위 수출국,무역,-,10,대,대,count,count,unspecified,수준값,현재값,KOSIS_VALUE,202409,M,전년,,5,582,,,ALTERNATE,NOT_TOP_TABLE,후순위 통계표 후보,"수출액,수출,수출국,기준",hybrid+reranker,240,Y,,0.9170198440551758,0.4013157894736842,,,115,DT_115035_A010,전체사업체 사업체수 및 수출액 기준 수출국,2017050,경제자유구역입주사업체실태조사 > 2017년~ > 매출 현황,meta_index 없음 또는 코드명 매칭 없음,,,,,,,,,,,,,,,,,,,,,,,,,,,,,,,,,,,,,,,,,,,,,meta 없음,,,"이에 따라 2024년 1~9월 기준(WTO)으로 전 세계 수출순위도 2023년 8위에서 두 단계 상승한 6위를 달성했으며, 상위 10대 수출국 중 가장 높은 수출증가율(+9.6%)을 기록했다."
A0012-SP13E0E2E6EE,A0012-SP13E0E2E6EE-m2,조선 산업기술인력 중 외국인 수,고용,조선업,2563,명,명,person_count,count,item,수준값,현재값,KOSIS_VALUE,2023,Y,전년,,1,942,916,,TABLE_ONLY,META_NOT_LOADED,통계표 메타 조회 전 후보,"외국인,고용,제조업",hybrid+reranker,230,Y,0.6779882907867432,0.9976323843002319,0.9121621621621622,,,111,DT_111014_C035,올해 한달 이상 고용 근로자 필요한 근로자 중 외국인 비율,2025005,"외국인고용실태조사(농업,제조업분야) > 농업경영체",meta_index 없음 또는 코드명 매칭 없음,,,,,,,,,,,,,,,,,,,,,,,,,,,,,,,,,,,,,,,,,,,,,meta 없음,,,조선 산업기술인력 중 외국인은 2022년 877명에서 2023년 2563명으로 3배 가까이 늘었다.
A0012-SP13E0E2E6EE,A0012-SP13E0E2E6EE-m2,조선 산업기술인력 중 외국인 수,고용,조선업,2563,명,명,person_count,count,item,수준값,현재값,KOSIS_VALUE,2023,Y,전년,,2,916,,,ALTERNATE,NOT_TOP_TABLE,후순위 통계표 후보,"외국인,고용,제조업",hybrid+reranker,230,Y,0.657959520816803,0.9976835250854492,0.8714285714285713,,,111,DT_111014_C021,올해 연중 고용이 필요한 근로자 수_외국인,2025005,"외국인고용실태조사(농업,제조업분야) > 농업경영체",meta_index 없음 또는 코드명 매칭 없음,,,,,,,,,,,,,,,,,,,,,,,,,,,,,,,,,,,,,,,,,,,,,meta 없음,,,조선 산업기술인력 중 외국인은 2022년 877명에서 2023년 2563명으로 3배 가까이 늘었다.
A0012-SP13E0E2E6EE,A0012-SP13E0E2E6EE-m2,조선 산업기술인력 중 외국인 수,고용,조선업,2563,명,명,person_count,count,item,수준값,현재값,KOSIS_VALUE,2023,Y,전년,,3,907,,,ALTERNATE,NOT_TOP_TABLE,후순위 통계표 후보,"외국인,고용,제조업",hybrid+reranker,230,Y,0.6598418951034546,0.9959830045700073,0.8598372046853285,,,111,DT_111014_C029,올해 일당 근로자 중 외국인 고용 비율,2025005,"외국인고용실태조사(농업,제조업분야) > 농업경영체",meta_index 없음 또는 코드명 매칭 없음,,,,,,,,,,,,,,,,,,,,,,,,,,,,,,,,,,,,,,,,,,,,,meta 없음,,,조선 산업기술인력 중 외국인은 2022년 877명에서 2023년 2563명으로 3배 가까이 늘었다.
A0012-SP13E0E2E6EE,A0012-SP13E0E2E6EE-m2,조선 산업기술인력 중 외국인 수,고용,조선업,2563,명,명,person_count,count,item,수준값,현재값,KOSIS_VALUE,2023,Y,전년,,4,863,,,ALTERNATE,NOT_TOP_TABLE,후순위 통계표 후보,"외국인,고용,제조업",hybrid+reranker,230,Y,0.6649758219718933,0.9970370531082153,0.7900782013685239,,,111,DT_111014_C064,작년 고용한 한달 이상 근로자 중 외국인 비율,2025005,"외국인고용실태조사(농업,제조업분야) > 농업경영체",meta_index 없음 또는 코드명 매칭 없음,,,,,,,,,,,,,,,,,,,,,,,,,,,,,,,,,,,,,,,,,,,,,meta 없음,,,조선 산업기술인력 중 외국인은 2022년 877명에서 2023년 2563명으로 3배 가까이 늘었다.
A0012-SP13E0E2E6EE,A0012-SP13E0E2E6EE-m2,조선 산업기술인력 중 외국인 수,고용,조선업,2563,명,명,person_count,count,item,수준값,현재값,KOSIS_VALUE,2023,Y,전년,,5,836,,,ALTERNATE,NOT_TOP_TABLE,후순위 통계표 후보,"외국인,고용,제조업",hybrid+reranker,230,Y,0.6544620990753174,0.9964993000030518,0.7493299583085169,,,111,DT_111014_C051,작년 고용한 일당 근로자 중 외국인 비율,2025005,"외국인고용실태조사(농업,제조업분야) > 농업경영체",meta_index 없음 또는 코드명 매칭 없음,,,,,,,,,,,,,,,,,,,,,,,,,,,,,,,,,,,,,,,,,,,,,meta 없음,,,조선 산업기술인력 중 외국인은 2022년 877명에서 2023년 2563명으로 3배 가까이 늘었다.
A0023-SP253B27241B,A0023-SP253B27241B-m1,성장률과 물가 상승률,기타,-,2,%,%,rate,rate_change,unspecified,증감률,증감률,KOSIS_VALUE,2020,Y,전년,2019,1,613,594,Y,REVIEW,AMBIGUOUS_TABLE,"1·2위 점수 차이 부족: margin=19, required=61","물가,소비자물가",hybrid+reranker,286,Y,,0.8514464497566223,0.4841269841269841,,,101,DT_1J22136,"연도별 품목성질별 소비자물가지수(9개도, 39개시: 2020=100)",1964001,소비자물가조사,항목:소비자물가지수[T]/item=Y/score=22 | 품목성질별:기타 공업제품[2129]/item=N/score=6 | 품목성질별:기타농산물[21119]/item=N/score=6,T,소비자물가지수,2020=100,10,C,도시별,T10,전국,7,J,품목성질별,2121,가공식품,2,,,,,,,,,,,,,,,,,,,,,,,,,,,,,,,itm/obj 후보 선택,rate_from_level,KOSIS 수준값에서 증감률 계산 필요,성장률과 물가 상승률이 모두 2%를 밑돈 경우는 2020년이 마지막이었다.
A0023-SP253B27241B,A0023-SP253B27241B-m1,성장률과 물가 상승률,기타,-,2,%,%,rate,rate_change,unspecified,증감률,증감률,KOSIS_VALUE,2020,Y,전년,2019,2,594,,,ALTERNATE,NOT_TOP_TABLE,후순위 통계표 후보,"물가,소비자물가",hybrid+reranker,206,Y,,0.8874065279960632,0.43571428571428567,,,101,DT_1J22006,자가주거비포함 소비자물가지수(2020=100),1964001,소비자물가조사,meta_index 없음 또는 코드명 매칭 없음,,,,,,,,,,,,,,,,,,,,,,,,,,,,,,,,,,,,,,,,,,,,,meta 없음,,,성장률과 물가 상승률이 모두 2%를 밑돈 경우는 2020년이 마지막이었다.
A0023-SP253B27241B,A0023-SP253B27241B-m1,성장률과 물가 상승률,기타,-,2,%,%,rate,rate_change,unspecified,증감률,증감률,KOSIS_VALUE,2020,Y,전년,2019,3,592,,Y,ALTERNATE,NOT_TOP_TABLE,후순위 통계표 후보,"물가,소비자물가",hybrid+reranker,286,Y,,0.7773253917694092,0.4919354838709677,,,101,DT_1J22135,"연도별 지출목적별 소비자물가지수(9개도, 39개시: 2020=100)",1964001,소비자물가조사,항목:소비자물가지수[T]/item=Y/score=22 | 지출목적별:04.5 전기 가스 및 기타연료[D05]/item=N/score=6 | 지출목적별:09.2 기타 오락 및 문화용 주요 내구재[I02]/item=N/score=6 | 지출목적별:09.3 기타 오락용품 조경용품 및 애완동물[I03]/item=N/score=6 | 지출목적별:10.4 기타교육[J04]/item=N/score=6 | 지출목적별:12 기타 상품 및 서비스[L]/item=N/score=6 | 지출목적별:12.3 기타 개인용품[L02]/item=N/score=6 | 지출목적별:12.4~7 기타서비스[L03]/item=N/score=6,T,소비자물가지수,2020=100,10,C,도시별,T10,전국,7,I,지출목적별,0,0 총지수,2,,,,,,,,,,,,,,,,,,,,,,,,,,,,,,,itm/obj 후보 선택,rate_from_level,KOSIS 수준값에서 증감률 계산 필요,성장률과 물가 상승률이 모두 2%를 밑돈 경우는 2020년이 마지막이었다.
A0023-SP253B27241B,A0023-SP253B27241B-m1,성장률과 물가 상승률,기타,-,2,%,%,rate,rate_change,unspecified,증감률,증감률,KOSIS_VALUE,2020,Y,전년,2019,4,556,,M|Q|Y,ALTERNATE,NOT_TOP_TABLE,후순위 통계표 후보,"물가,소비자물가",hybrid+reranker,206,Y,,0.7440202832221985,0.4552238805970149,,,101,DT_1J22003,소비자물가지수(2020=100),1964001,소비자물가조사,항목:소비자물가지수(총지수)[T]/item=Y/score=22,T,소비자물가지수(총지수),2020=100,10,C,시도별,T10,전국,7,,,,,,,,,,,,,,,,,,,,,,,,,,,,,,,,,,,,itm/obj 후보 선택,rate_from_level,KOSIS 수준값에서 증감률 계산 필요,성장률과 물가 상승률이 모두 2%를 밑돈 경우는 2020년이 마지막이었다.
A0023-SP253B27241B,A0023-SP253B27241B-m1,성장률과 물가 상승률,기타,-,2,%,%,rate,rate_change,unspecified,증감률,증감률,KOSIS_VALUE,2020,Y,전년,2019,5,547,,,ALTERNATE,NOT_TOP_TABLE,후순위 통계표 후보,"물가,소비자물가",hybrid+reranker,206,Y,,0.7967354655265808,0.41216216216216217,,,101,DT_1J22002,품목성질별 소비자물가지수(2020=100),1964001,소비자물가조사,meta_index 없음 또는 코드명 매칭 없음,,,,,,,,,,,,,,,,,,,,,,,,,,,,,,,,,,,,,,,,,,,,,meta 없음,,,성장률과 물가 상승률이 모두 2%를 밑돈 경우는 2020년이 마지막이었다.
A0026-SP62C4E813C9,A0026-SP62C4E813C9-m1,환율 상승폭,금융·금리,-,172.1,원,원,currency,absolute_change,unspecified,증감량,현재값,KOSIS_VALUE,2025,Y,전년,2024,1,527,444,,TABLE_ONLY,META_NOT_LOADED,통계표 메타 조회 전 후보,환율,hybrid+reranker,164,Y,0.6063988208770752,0.012056142091751099,0.8045194892473118,,,408,DT_30404_N0009,규모별 전월세전환율,1985011,전국주택가격동향조사 > 전국주택가격동향(기준월 : 2026.01),meta_index 없음 또는 코드명 매칭 없음,,,,,,,,,,,,,,,,,,,,,,,,,,,,,,,,,,,,,,,,,,,,,meta 없음,,,연간으로 따지면 무려 172.1원이 올랐다.
A0026-SP62C4E813C9,A0026-SP62C4E813C9-m1,환율 상승폭,금융·금리,-,172.1,원,원,currency,absolute_change,unspecified,증감량,현재값,KOSIS_VALUE,2025,Y,전년,2024,2,444,,Y,ALTERNATE,NOT_TOP_TABLE,후순위 통계표 후보,환율,hybrid+reranker,164,Y,,0.34087538719177246,0.5,,,177,DT_11702_N126,2주간 이환율 추이,1973001,국민건강영양조사 > 건강행태 > 삶의 질,meta_index 없음 또는 코드명 매칭 없음,,,,,SEX,성별,1,전체,7,INT11,특성별,1,전체,7,,,,,,,,,,,,,,,,,,,,,,,,,,,,,,,itm/obj 후보 선택,,,연간으로 따지면 무려 172.1원이 올랐다.
A0026-SP62C4E813C9,A0026-SP62C4E813C9-m1,환율 상승폭,금융·금리,-,172.1,원,원,currency,absolute_change,unspecified,증감량,현재값,KOSIS_VALUE,2025,Y,전년,2024,3,377,,,ALTERNATE,NOT_TOP_TABLE,후순위 통계표 후보,환율,hybrid,164,Y,,,0.37654320987654316,,,408,DT_40801_N2206_04,상권별 중대형 상가 전환율,2014002,상업용부동산임대동향조사 > 2021년 > 상가 > 중대형,meta_index 없음 또는 코드명 매칭 없음,,,,,,,,,,,,,,,,,,,,,,,,,,,,,,,,,,,,,,,,,,,,,meta 없음,,,연간으로 따지면 무려 172.1원이 올랐다.
A0026-SP62C4E813C9,A0026-SP62C4E813C9-m1,환율 상승폭,금융·금리,-,172.1,원,원,currency,absolute_change,unspecified,증감량,현재값,KOSIS_VALUE,2025,Y,전년,2024,4,375,,Y,ALTERNATE,NOT_TOP_TABLE,후순위 통계표 후보,환율,hybrid+reranker,164,Y,,0.15760457515716553,0.4919354838709677,,,152,DT_152009_A124,PB제품 하도급 단가 결정 고려 요인_환율 변화,2021003,하도급거래실태조사 > 제조업_원사업자 > 하도급거래 세부사항 > 전속거래·PB거래,meta_index 없음 또는 코드명 매칭 없음,,,,,A,특성별,A01,전체,7,B,정도별,B08,5점 평균,2,,,,,,,,,,,,,,,,,,,,,,,,,,,,,,,itm/obj 후보 선택,,,연간으로 따지면 무려 172.1원이 올랐다.
A0026-SP62C4E813C9,A0026-SP62C4E813C9-m1,환율 상승폭,금융·금리,-,172.1,원,원,currency,absolute_change,unspecified,증감량,현재값,KOSIS_VALUE,2025,Y,전년,2024,5,372,,,ALTERNATE,NOT_TOP_TABLE,후순위 통계표 후보,환율,hybrid,164,Y,,,0.3719512195121951,,,408,DT_40801_N2206_03,상권별 중대형 상가 전환율,2014002,상업용부동산임대동향조사 > 2020년 > 상가 > 중대형,meta_index 없음 또는 코드명 매칭 없음,,,,,,,,,,,,,,,,,,,,,,,,,,,,,,,,,,,,,,,,,,,,,meta 없음,,,연간으로 따지면 무려 172.1원이 올랐다.
A0041-SPF140502152,A0041-SPF140502152-m1,품목 수,물가,-,175,개,개,count,count,unspecified,수준값,현재값,KOSIS_VALUE,202501,M,전년동기,,1,695,624,,TABLE_ONLY,META_NOT_LOADED,통계표 메타 조회 전 후보,"물가,품목,식품,가공식품",hybrid+reranker,204,Y,0.6507461071014404,0.49826741218566895,0.8008525149190111,,,114,DT_114053_094,장바구니 물가에 가장 큰 영향을 미치는 품목 인식,2016043,가공식품소비자태도조사 > 2018년 이후 > 식품 소비 라이프스타일 및 인식,meta_index 없음 또는 코드명 매칭 없음,,,,,,,,,,,,,,,,,,,,,,,,,,,,,,,,,,,,,,,,,,,,,meta 없음,,,"3일 한국소비자원이 전국 대형마트와 편의점 500여 곳을 조사해 발표하는 ‘생필품 가격 보고서’에 따르면, 지난달 20일 기준 초콜릿·카레·커피 등 주요 가공식품 175개 품목 가운데 121개(69%) 품목의 평균 가격이 1년 전보다 오른 것으로 나타났다."
A0041-SPF140502152,A0041-SPF140502152-m1,품목 수,물가,-,175,개,개,count,count,unspecified,수준값,현재값,KOSIS_VALUE,202501,M,전년동기,,2,624,,Y,REJECT,PERIODICITY_NOT_AVAILABLE,"표는 Y 만 제공, 주장은 M","물가,식품,품목,가공식품",hybrid+reranker,248,Y,0.6466928720474243,0.2611467242240906,0.8198924731182795,,,114,DT_114053_041_01,최근 1년간 가공식품 품목별 구입경험 및 구입 변화(곡물가공품),2016043,가공식품소비자태도조사 > 2018년 이후 > 가공식품 품목별 구입현황,품목군별:기타곡물가공품[E02]/item=N/score=24 | 품목군별:밀가루류[E01]/item=N/score=12,,,,,A,특성별,A01,전체,7,E,품목군별,E02,기타곡물가공품,12,D,경험및변화별,D02,구입 변화,2,,,,,,,,,,,,,,,,,,,,,,,,,,itm/obj 후보 선택,,,"3일 한국소비자원이 전국 대형마트와 편의점 500여 곳을 조사해 발표하는 ‘생필품 가격 보고서’에 따르면, 지난달 20일 기준 초콜릿·카레·커피 등 주요 가공식품 175개 품목 가운데 121개(69%) 품목의 평균 가격이 1년 전보다 오른 것으로 나타났다."
A0041-SPF140502152,A0041-SPF140502152-m1,품목 수,물가,-,175,개,개,count,count,unspecified,수준값,현재값,KOSIS_VALUE,202501,M,전년동기,,3,433,,,ALTERNATE,NOT_TOP_TABLE,후순위 통계표 후보,"식품,품목,가공식품",hybrid+reranker,224,Y,0.6860312819480896,0.30883485078811646,0.5,,,114,DT_114053_047_01,최근 1년간 가공식품 품목별 구입경험 및 구입 변화(커피 및 차),2016043,가공식품소비자태도조사 > 2018년 이후 > 가공식품 품목별 구입현황,meta_index 없음 또는 코드명 매칭 없음,,,,,,,,,,,,,,,,,,,,,,,,,,,,,,,,,,,,,,,,,,,,,meta 없음,,,"3일 한국소비자원이 전국 대형마트와 편의점 500여 곳을 조사해 발표하는 ‘생필품 가격 보고서’에 따르면, 지난달 20일 기준 초콜릿·카레·커피 등 주요 가공식품 175개 품목 가운데 121개(69%) 품목의 평균 가격이 1년 전보다 오른 것으로 나타났다."
A0041-SPF140502152,A0041-SPF140502152-m1,품목 수,물가,-,175,개,개,count,count,unspecified,수준값,현재값,KOSIS_VALUE,202501,M,전년동기,,4,418,,Y,REJECT,PERIODICITY_NOT_AVAILABLE,"표는 Y 만 제공, 주장은 M","물가,품목,소비자물가",hybrid+reranker,230,Y,,0.3080497980117798,0.4765625,,,101,DT_1J22136,"연도별 품목성질별 소비자물가지수(9개도, 39개시: 2020=100)",1964001,소비자물가조사,품목성질별:가공식품[2121]/item=N/score=28 | 항목:소비자물가지수[T]/item=Y/score=22 | 품목성질별:개인서비스[223]/item=N/score=12 | 품목성질별:곡물[21111]/item=N/score=12 | 품목성질별:공공서비스[222]/item=N/score=12 | 품목성질별:공업제품[212]/item=N/score=12 | 품목성질별:과실[21113]/item=N/score=12 | 품목성질별:기타 공업제품[2129]/item=N/score=12,,,,,C,도시별,T10,전국,7,J,품목성질별,2121,가공식품,12,,,,,,,,,,,,,,,,,,,,,,,,,,,,,,,itm/obj 후보 선택,,,"3일 한국소비자원이 전국 대형마트와 편의점 500여 곳을 조사해 발표하는 ‘생필품 가격 보고서’에 따르면, 지난달 20일 기준 초콜릿·카레·커피 등 주요 가공식품 175개 품목 가운데 121개(69%) 품목의 평균 가격이 1년 전보다 오른 것으로 나타났다."
A0041-SPF140502152,A0041-SPF140502152-m1,품목 수,물가,-,175,개,개,count,count,unspecified,수준값,현재값,KOSIS_VALUE,202501,M,전년동기,,5,413,,,ALTERNATE,NOT_TOP_TABLE,후순위 통계표 후보,"물가,품목,소비자물가",hybrid+reranker,230,Y,,0.32274869084358215,0.4621212121212121,,,101,DT_1J22112,품목별 소비자물가지수(품목성질별: 2020=100),1964001,소비자물가조사,meta_index 없음 또는 코드명 매칭 없음,,,,,,,,,,,,,,,,,,,,,,,,,,,,,,,,,,,,,,,,,,,,,meta 없음,,,"3일 한국소비자원이 전국 대형마트와 편의점 500여 곳을 조사해 발표하는 ‘생필품 가격 보고서’에 따르면, 지난달 20일 기준 초콜릿·카레·커피 등 주요 가공식품 175개 품목 가운데 121개(69%) 품목의 평균 가격이 1년 전보다 오른 것으로 나타났다."
A0041-SPF140502152,A0041-SPF140502152-m2,상승 품목 수,물가,-,121,개,개,count,count,unspecified,수준값,현재값,KOSIS_VALUE,202501,M,전년동기,,1,731,683,,TABLE_ONLY,META_NOT_LOADED,통계표 메타 조회 전 후보,"물가,품목,식품,가공식품",hybrid+reranker,204,Y,0.6530176997184753,0.6094363331794739,0.7966801482979441,,,114,DT_114053_094,장바구니 물가에 가장 큰 영향을 미치는 품목 인식,2016043,가공식품소비자태도조사 > 2018년 이후 > 식품 소비 라이프스타일 및 인식,meta_index 없음 또는 코드명 매칭 없음,,,,,,,,,,,,,,,,,,,,,,,,,,,,,,,,,,,,,,,,,,,,,meta 없음,,,"3일 한국소비자원이 전국 대형마트와 편의점 500여 곳을 조사해 발표하는 ‘생필품 가격 보고서’에 따르면, 지난달 20일 기준 초콜릿·카레·커피 등 주요 가공식품 175개 품목 가운데 121개(69%) 품목의 평균 가격이 1년 전보다 오른 것으로 나타났다."
A0041-SPF140502152,A0041-SPF140502152-m2,상승 품목 수,물가,-,121,개,개,count,count,unspecified,수준값,현재값,KOSIS_VALUE,202501,M,전년동기,,2,683,,Y,REJECT,PERIODICITY_NOT_AVAILABLE,"표는 Y 만 제공, 주장은 M","물가,식품,품목,가공식품",hybrid+reranker,248,Y,0.6524103879928589,0.4013189673423767,0.8346321130844508,,,114,DT_114053_041_01,최근 1년간 가공식품 품목별 구입경험 및 구입 변화(곡물가공품),2016043,가공식품소비자태도조사 > 2018년 이후 > 가공식품 품목별 구입현황,품목군별:기타곡물가공품[E02]/item=N/score=24 | 품목군별:밀가루류[E01]/item=N/score=12,,,,,A,특성별,A01,전체,7,E,품목군별,E02,기타곡물가공품,12,D,경험및변화별,D02,구입 변화,2,,,,,,,,,,,,,,,,,,,,,,,,,,itm/obj 후보 선택,,,"3일 한국소비자원이 전국 대형마트와 편의점 500여 곳을 조사해 발표하는 ‘생필품 가격 보고서’에 따르면, 지난달 20일 기준 초콜릿·카레·커피 등 주요 가공식품 175개 품목 가운데 121개(69%) 품목의 평균 가격이 1년 전보다 오른 것으로 나타났다."
A0041-SPF140502152,A0041-SPF140502152-m2,상승 품목 수,물가,-,121,개,개,count,count,unspecified,수준값,현재값,KOSIS_VALUE,202501,M,전년동기,,3,494,,,ALTERNATE,NOT_TOP_TABLE,후순위 통계표 후보,"식품,품목,가공식품",hybrid+reranker,224,Y,0.6896793842315674,0.5275713801383972,0.4765625,,,114,DT_114053_047_01,최근 1년간 가공식품 품목별 구입경험 및 구입 변화(커피 및 차),2016043,가공식품소비자태도조사 > 2018년 이후 > 가공식품 품목별 구입현황,meta_index 없음 또는 코드명 매칭 없음,,,,,,,,,,,,,,,,,,,,,,,,,,,,,,,,,,,,,,,,,,,,,meta 없음,,,"3일 한국소비자원이 전국 대형마트와 편의점 500여 곳을 조사해 발표하는 ‘생필품 가격 보고서’에 따르면, 지난달 20일 기준 초콜릿·카레·커피 등 주요 가공식품 175개 품목 가운데 121개(69%) 품목의 평균 가격이 1년 전보다 오른 것으로 나타났다."
A0041-SPF140502152,A0041-SPF140502152-m2,상승 품목 수,물가,-,121,개,개,count,count,unspecified,수준값,현재값,KOSIS_VALUE,202501,M,전년동기,,4,484,,Y,REJECT,PERIODICITY_NOT_AVAILABLE,"표는 Y 만 제공, 주장은 M","물가,품목,소비자물가",hybrid+reranker,230,Y,,0.49713876843452454,0.4765625,,,101,DT_1J22136,"연도별 품목성질별 소비자물가지수(9개도, 39개시: 2020=100)",1964001,소비자물가조사,품목성질별:가공식품[2121]/item=N/score=28 | 항목:소비자물가지수[T]/item=Y/score=22 | 품목성질별:개인서비스[223]/item=N/score=12 | 품목성질별:곡물[21111]/item=N/score=12 | 품목성질별:공공서비스[222]/item=N/score=12 | 품목성질별:공업제품[212]/item=N/score=12 | 품목성질별:과실[21113]/item=N/score=12 | 품목성질별:기타 공업제품[2129]/item=N/score=12,,,,,C,도시별,T10,전국,7,J,품목성질별,2121,가공식품,12,,,,,,,,,,,,,,,,,,,,,,,,,,,,,,,itm/obj 후보 선택,,,"3일 한국소비자원이 전국 대형마트와 편의점 500여 곳을 조사해 발표하는 ‘생필품 가격 보고서’에 따르면, 지난달 20일 기준 초콜릿·카레·커피 등 주요 가공식품 175개 품목 가운데 121개(69%) 품목의 평균 가격이 1년 전보다 오른 것으로 나타났다."
A0041-SPF140502152,A0041-SPF140502152-m2,상승 품목 수,물가,-,121,개,개,count,count,unspecified,수준값,현재값,KOSIS_VALUE,202501,M,전년동기,,5,471,,,ALTERNATE,NOT_TOP_TABLE,후순위 통계표 후보,"식품,품목,가공식품",hybrid+reranker,224,Y,0.6901702880859375,0.4335073232650757,0.4919354838709677,,,114,DT_114053_047,"최근 1년간 가공식품 품목별 구입경험 및 구입변화(커피류, 다류)",2016043,가공식품소비자태도조사 > 2018년 이후 > 가공식품 품목별 구입현황,meta_index 없음 또는 코드명 매칭 없음,,,,,,,,,,,,,,,,,,,,,,,,,,,,,,,,,,,,,,,,,,,,,meta 없음,,,"3일 한국소비자원이 전국 대형마트와 편의점 500여 곳을 조사해 발표하는 ‘생필품 가격 보고서’에 따르면, 지난달 20일 기준 초콜릿·카레·커피 등 주요 가공식품 175개 품목 가운데 121개(69%) 품목의 평균 가격이 1년 전보다 오른 것으로 나타났다."
A0041-SPF140502152,A0041-SPF140502152-m3,상승 품목 비율,물가,-,69,%,%,rate,rate_change,unspecified,증감률,증감률,KOSIS_VALUE,202501,M,전년동기,202401,1,766,673,,TABLE_ONLY,META_NOT_LOADED,통계표 메타 조회 전 후보,"물가,품목,식품,가공식품",hybrid+reranker,204,Y,0.6615289449691772,0.6324518918991089,0.8381328816111424,,,114,DT_114053_094,장바구니 물가에 가장 큰 영향을 미치는 품목 인식,2016043,가공식품소비자태도조사 > 2018년 이후 > 식품 소비 라이프스타일 및 인식,meta_index 없음 또는 코드명 매칭 없음,,,,,,,,,,,,,,,,,,,,,,,,,,,,,,,,,,,,,,,,,,,,,meta 없음,,,"3일 한국소비자원이 전국 대형마트와 편의점 500여 곳을 조사해 발표하는 ‘생필품 가격 보고서’에 따르면, 지난달 20일 기준 초콜릿·카레·커피 등 주요 가공식품 175개 품목 가운데 121개(69%) 품목의 평균 가격이 1년 전보다 오른 것으로 나타났다."
A0041-SPF140502152,A0041-SPF140502152-m3,상승 품목 비율,물가,-,69,%,%,rate,rate_change,unspecified,증감률,증감률,KOSIS_VALUE,202501,M,전년동기,202401,2,673,,Y,REJECT,PERIODICITY_NOT_AVAILABLE,"표는 Y 만 제공, 주장은 M","물가,식품,품목,가공식품",hybrid+reranker,248,Y,0.6543017625808716,0.3650452494621277,0.8385263929618768,,,114,DT_114053_041_01,최근 1년간 가공식품 품목별 구입경험 및 구입 변화(곡물가공품),2016043,가공식품소비자태도조사 > 2018년 이후 > 가공식품 품목별 구입현황,품목군별:기타곡물가공품[E02]/item=N/score=24 | 품목군별:밀가루류[E01]/item=N/score=12 | 항목:비율[T001]/item=Y/score=10,,,,,A,특성별,A01,전체,7,E,품목군별,E02,기타곡물가공품,12,D,경험및변화별,D02,구입 변화,2,,,,,,,,,,,,,,,,,,,,,,,,,,itm/obj 후보 선택,,,"3일 한국소비자원이 전국 대형마트와 편의점 500여 곳을 조사해 발표하는 ‘생필품 가격 보고서’에 따르면, 지난달 20일 기준 초콜릿·카레·커피 등 주요 가공식품 175개 품목 가운데 121개(69%) 품목의 평균 가격이 1년 전보다 오른 것으로 나타났다."
A0041-SPF140502152,A0041-SPF140502152-m3,상승 품목 비율,물가,-,69,%,%,rate,rate_change,unspecified,증감률,증감률,KOSIS_VALUE,202501,M,전년동기,202401,3,493,,,ALTERNATE,NOT_TOP_TABLE,후순위 통계표 후보,"식품,품목,가공식품",hybrid+reranker,224,Y,0.6954554319381714,0.4794415235519409,0.5,,,114,DT_114053_047_01,최근 1년간 가공식품 품목별 구입경험 및 구입 변화(커피 및 차),2016043,가공식품소비자태도조사 > 2018년 이후 > 가공식품 품목별 구입현황,meta_index 없음 또는 코드명 매칭 없음,,,,,,,,,,,,,,,,,,,,,,,,,,,,,,,,,,,,,,,,,,,,,meta 없음,,,"3일 한국소비자원이 전국 대형마트와 편의점 500여 곳을 조사해 발표하는 ‘생필품 가격 보고서’에 따르면, 지난달 20일 기준 초콜릿·카레·커피 등 주요 가공식품 175개 품목 가운데 121개(69%) 품목의 평균 가격이 1년 전보다 오른 것으로 나타났다."
A0041-SPF140502152,A0041-SPF140502152-m3,상승 품목 비율,물가,-,69,%,%,rate,rate_change,unspecified,증감률,증감률,KOSIS_VALUE,202501,M,전년동기,202401,4,475,,Y,REJECT,PERIODICITY_NOT_AVAILABLE,"표는 Y 만 제공, 주장은 M","물가,품목,소비자물가",hybrid+reranker,230,Y,,0.47225531935691833,0.4765625,,,101,DT_1J22136,"연도별 품목성질별 소비자물가지수(9개도, 39개시: 2020=100)",1964001,소비자물가조사,품목성질별:가공식품[2121]/item=N/score=28 | 항목:소비자물가지수[T]/item=Y/score=22 | 품목성질별:개인서비스[223]/item=N/score=12 | 품목성질별:곡물[21111]/item=N/score=12 | 품목성질별:공공서비스[222]/item=N/score=12 | 품목성질별:공업제품[212]/item=N/score=12 | 품목성질별:과실[21113]/item=N/score=12 | 품목성질별:기타 공업제품[2129]/item=N/score=12,T,소비자물가지수,2020=100,0,C,도시별,T10,전국,7,J,품목성질별,2121,가공식품,12,,,,,,,,,,,,,,,,,,,,,,,,,,,,,,,itm/obj 후보 선택,rate_from_level,KOSIS 수준값에서 증감률 계산 필요,"3일 한국소비자원이 전국 대형마트와 편의점 500여 곳을 조사해 발표하는 ‘생필품 가격 보고서’에 따르면, 지난달 20일 기준 초콜릿·카레·커피 등 주요 가공식품 175개 품목 가운데 121개(69%) 품목의 평균 가격이 1년 전보다 오른 것으로 나타났다."
A0041-SPF140502152,A0041-SPF140502152-m3,상승 품목 비율,물가,-,69,%,%,rate,rate_change,unspecified,증감률,증감률,KOSIS_VALUE,202501,M,전년동기,202401,5,459,,,ALTERNATE,NOT_TOP_TABLE,후순위 통계표 후보,"품목,초콜릿,식품",hybrid+reranker,194,Y,0.6754480600357056,0.49117183685302734,0.44202898550724634,,,145,TX_14503_B026,코코아가공품류 또는 초콜릿류 품목별 국내판매액 변동현황,1998031,식품및식품첨가물생산실적 > 국내판매액 변동현황(품목군별) > 시군구 허가품목,meta_index 없음 또는 코드명 매칭 없음,,,,,,,,,,,,,,,,,,,,,,,,,,,,,,,,,,,,,,,,,,,,,meta 없음,,,"3일 한국소비자원이 전국 대형마트와 편의점 500여 곳을 조사해 발표하는 ‘생필품 가격 보고서’에 따르면, 지난달 20일 기준 초콜릿·카레·커피 등 주요 가공식품 175개 품목 가운데 121개(69%) 품목의 평균 가격이 1년 전보다 오른 것으로 나타났다."
A0041-SP87530E5592,A0041-SP87530E5592-m1,품목 수,물가,-,175,개,개,count,count,unspecified,수준값,현재값,KOSIS_VALUE,202501,M,전년,,1,911,911,Y,REJECT,PERIODICITY_NOT_AVAILABLE,"표는 Y 만 제공, 주장은 M","물가,소비자물가지수,품목,소비자물가",hybrid+reranker,310,Y,0.7612310647964478,0.7443655729293823,1.0,,,101,DT_1J22136,"연도별 품목성질별 소비자물가지수(9개도, 39개시: 2020=100)",1964001,소비자물가조사,항목:소비자물가지수[T]/item=Y/score=64 | 품목성질별:가공식품[2121]/item=N/score=22 | 품목성질별:개인서비스[223]/item=N/score=10 | 품목성질별:곡물[21111]/item=N/score=10 | 품목성질별:공공서비스[222]/item=N/score=10 | 품목성질별:공업제품[212]/item=N/score=10 | 품목성질별:과실[21113]/item=N/score=10 | 품목성질별:기타 공업제품[2129]/item=N/score=10,,,,,C,도시별,T10,전국,7,J,품목성질별,2121,가공식품,12,,,,,,,,,,,,,,,,,,,,,,,,,,,,,,,itm/obj 후보 선택,,,"175개 품목의 평균 물가 상승폭은 3.9%로, 지난해 연간 소비자물가지수 상승폭(2.3%)을 뛰어넘었다."
A0041-SP87530E5592,A0041-SP87530E5592-m1,품목 수,물가,-,175,개,개,count,count,unspecified,수준값,현재값,KOSIS_VALUE,202501,M,전년,,2,911,,,ALTERNATE,NOT_TOP_TABLE,후순위 통계표 후보,"물가,소비자물가지수,품목,소비자물가",hybrid+reranker,310,Y,0.7360432147979736,0.8045480847358704,0.9682539682539681,,,101,DT_1J22112,품목별 소비자물가지수(품목성질별: 2020=100),1964001,소비자물가조사,meta_index 없음 또는 코드명 매칭 없음,,,,,,,,,,,,,,,,,,,,,,,,,,,,,,,,,,,,,,,,,,,,,meta 없음,,,"175개 품목의 평균 물가 상승폭은 3.9%로, 지난해 연간 소비자물가지수 상승폭(2.3%)을 뛰어넘었다."
A0041-SP87530E5592,A0041-SP87530E5592-m1,품목 수,물가,-,175,개,개,count,count,unspecified,수준값,현재값,KOSIS_VALUE,202501,M,전년,,3,874,,,ALTERNATE,NOT_TOP_TABLE,후순위 통계표 후보,"물가,소비자물가지수,품목,소비자물가",hybrid+reranker,310,Y,0.7097090482711792,0.7653749585151672,0.9317863805970149,,,101,DT_1J22002,품목성질별 소비자물가지수(2020=100),1964001,소비자물가조사,meta_index 없음 또는 코드명 매칭 없음,,,,,,,,,,,,,,,,,,,,,,,,,,,,,,,,,,,,,,,,,,,,,meta 없음,,,"175개 품목의 평균 물가 상승폭은 3.9%로, 지난해 연간 소비자물가지수 상승폭(2.3%)을 뛰어넘었다."
A0041-SP87530E5592,A0041-SP87530E5592-m1,품목 수,물가,-,175,개,개,count,count,unspecified,수준값,현재값,KOSIS_VALUE,202501,M,전년,,4,865,,M|Q|Y,ALTERNATE,NOT_TOP_TABLE,후순위 통계표 후보,"물가,소비자물가지수,품목,소비자물가",hybrid+reranker,310,Y,0.7192885875701904,0.6722053289413452,0.9684979838709676,,,101,DT_1J22001,"지출목적별 소비자물가지수(품목포함, 2020=100)",1964001,소비자물가조사,항목:소비자물가지수[T]/item=Y/score=64 | 지출목적별:건강기능식품[F01114]/item=N/score=12 | 지출목적별:냉동식품[A01917]/item=N/score=12 | 지출목적별:즉석식품[A01918]/item=N/score=12,,,,,C,시도별,T10,전국,7,I,지출목적별,0,0 총지수,2,,,,,,,,,,,,,,,,,,,,,,,,,,,,,,,itm/obj 후보 선택,,,"175개 품목의 평균 물가 상승폭은 3.9%로, 지난해 연간 소비자물가지수 상승폭(2.3%)을 뛰어넘었다."
A0041-SP87530E5592,A0041-SP87530E5592-m1,품목 수,물가,-,175,개,개,count,count,unspecified,수준값,현재값,KOSIS_VALUE,202501,M,전년,,5,746,,,ALTERNATE,NOT_TOP_TABLE,후순위 통계표 후보,"물가,품목,식품",hybrid+reranker,196,Y,0.7104411125183105,0.4641329050064087,0.8978354978354978,,,114,DT_114053_094,장바구니 물가에 가장 큰 영향을 미치는 품목 인식,2016043,가공식품소비자태도조사 > 2018년 이후 > 식품 소비 라이프스타일 및 인식,meta_index 없음 또는 코드명 매칭 없음,,,,,,,,,,,,,,,,,,,,,,,,,,,,,,,,,,,,,,,,,,,,,meta 없음,,,"175개 품목의 평균 물가 상승폭은 3.9%로, 지난해 연간 소비자물가지수 상승폭(2.3%)을 뛰어넘었다."
A0047-SP3DFD1749C6,A0047-SP3DFD1749C6-m1,상장 기업의 할인율,금융·금리,-,15,%,%,rate,level,organization,수준값,현재값,KOSIS_VALUE,2024,Y,전년,,1,831,636,,TABLE_ONLY,META_NOT_LOADED,통계표 메타 조회 전 후보,"상장,유가증권시장",hybrid+reranker,212,Y,0.6045056581497192,0.9621265530586243,0.7605048483915653,,,343,DT_343_2010_S0046,유가증권 시가총액별 상장회사분포,1976006,증권·파생상품시장통계 > 주식(유가증권시장) > 상장현황,meta_index 없음 또는 코드명 매칭 없음,,,,,,,,,,,,,,,,,,,,,,,,,,,,,,,,,,,,,,,,,,,,,meta 없음,,,지난해 유가증권시장 상장 기업의 할인율은 15%대였다.
A0047-SP3DFD1749C6,A0047-SP3DFD1749C6-m1,상장 기업의 할인율,금융·금리,-,15,%,%,rate,level,organization,수준값,현재값,KOSIS_VALUE,2024,Y,전년,,2,636,,,ALTERNATE,NOT_TOP_TABLE,후순위 통계표 후보,"상장,기업의",hybrid+reranker,238,Y,,0.9318633675575256,0.4765625,,,395,DT_395N_S2024262,기업의 운영 상황: 상장여부,2003024,한국기업혁신조사 > 2025년도 조사(서비스 부문) > 기업의 운영 상황,meta_index 없음 또는 코드명 매칭 없음,,,,,,,,,,,,,,,,,,,,,,,,,,,,,,,,,,,,,,,,,,,,,meta 없음,,,지난해 유가증권시장 상장 기업의 할인율은 15%대였다.
A0047-SP3DFD1749C6,A0047-SP3DFD1749C6-m1,상장 기업의 할인율,금융·금리,-,15,%,%,rate,level,organization,수준값,현재값,KOSIS_VALUE,2024,Y,전년,,3,636,,,ALTERNATE,NOT_TOP_TABLE,후순위 통계표 후보,"상장,기업의",hybrid+reranker,238,Y,,0.9451358318328857,0.46923076923076923,,,395,DT_395N_S2023293,기업의 운영 상황: 상장여부,2003024,한국기업혁신조사 > 2024년도 조사(제조업 부문) > 기업의 운영 상황,meta_index 없음 또는 코드명 매칭 없음,,,,,,,,,,,,,,,,,,,,,,,,,,,,,,,,,,,,,,,,,,,,,meta 없음,,,지난해 유가증권시장 상장 기업의 할인율은 15%대였다.
A0047-SP3DFD1749C6,A0047-SP3DFD1749C6-m1,상장 기업의 할인율,금융·금리,-,15,%,%,rate,level,organization,수준값,현재값,KOSIS_VALUE,2024,Y,전년,,4,626,,,ALTERNATE,NOT_TOP_TABLE,후순위 통계표 후보,"상장,기업의",hybrid+reranker,238,Y,,0.9309267401695251,0.4621212121212121,,,395,DT_395N_S2022293,기업의 운영 상황: 상장여부,2003024,한국기업혁신조사 > 2023년도 조사(서비스 부문) > 기업의 운영 상황,meta_index 없음 또는 코드명 매칭 없음,,,,,,,,,,,,,,,,,,,,,,,,,,,,,,,,,,,,,,,,,,,,,meta 없음,,,지난해 유가증권시장 상장 기업의 할인율은 15%대였다.
A0047-SP3DFD1749C6,A0047-SP3DFD1749C6-m1,상장 기업의 할인율,금융·금리,-,15,%,%,rate,level,organization,수준값,현재값,KOSIS_VALUE,2024,Y,전년,,5,620,,,ALTERNATE,NOT_TOP_TABLE,후순위 통계표 후보,"상장,유가증권시장",hybrid+reranker,212,Y,,0.974624752998352,0.4295774647887324,,,343,DT_343_2010_S0016,유가증권 산업별 상장주식 총괄,1976006,증권·파생상품시장통계 > 주식(유가증권시장) > 상장현황,meta_index 없음 또는 코드명 매칭 없음,,,,,,,,,,,,,,,,,,,,,,,,,,,,,,,,,,,,,,,,,,,,,meta 없음,,,지난해 유가증권시장 상장 기업의 할인율은 15%대였다.
