claim_id,claim_measurement_id,article_id,title,date,url,claim_text,prev_sentence,next_sentence,claim_domain_scope,is_recurring_series,metric_domain,indicator,keywords,region,age_group,gender,industry_or_item,population_etc,origin_country,destination_country,period,period_end,prd_se,time_resolution_status,measurement_text,measurement_usage,measurement_source,measurement_indicator,measurement_item,measurement_period,measurement_prd_se,measurement_binding_source,measurement_role,value,value_min,value_max,value_approximate,unit,value_type,direction,change_base,evidence_text,extraction_confidence,needs_review,review_reason,measurement_repaired,measurement_fallback_count,measurement_binding_fallback_count,extraction_model,prompt_version,extracted_at,mapping_type,claim_indicator,claim_industry_or_item,obj_target_terms,item_ungrounded,dropped_item,claim_period,claim_prd_se,period_span_start,period_span_end,period_aggregation,raw_measurement_period,period_alignment_status,raw_unit,canonical_unit,unit_dimension,semantic_type,entity_type,comparison_period,retrieval_fallback_code,retrieval_fallback_reason,indicator_fallback_source,unit_dimension_hypotheses,derived_computation_required,verification_review_required,verification_review_reason,measurement_review_override,allowed_mapping_types,mapping_eligible,in_ready,mapping_exclusion_code,mapping_exclusion_reason,mapping_gate,mapping_gate_reason,enrichment_actions,scope_gate_code,scope_gate_reason,scope_gate_severity,scope_gate_blocked
URL-1787508322120-2,URL-1787508322120-2-m1,URL-1787508322120,“올 취업자수 최대 6만명 줄 것”… ‘인구 오너스 시대’ 오나,2025-02-23,https://www.chosun.com/economy/economy_general/2025/02/24/AXTTAUKCC5FQNGJDVW7EUZW55Y/,"생산연령인구(15~64세)는 2017년(3686만명)을 정점으로 하락세로 돌아섰지만, 고령자 취업이 늘어난 데다 상대적으로 인구가 많은 1990년대 초반생들이 때맞춰 취업 시장에 적극 뛰어들면서 취업자 수를 끌어올렸던 것이다.",인구가 많았던 1차 베이비부머(1955~1963년생)가 순차적으로 은퇴하기 시작한 2010년대 후반부터 작년까지도 국내 취업자 수는 줄지 않고 오히려 늘었다.,"1980년대 후반(1986~1990년)에는 매년 62만~64만명대가 태어났지만, 1990년대 초반(1991~1995년)에는 출생아 수가 70만~73만대로 늘었다.",국내공식통계,N,고용,생산연령인구,"생산연령인구, 15~64세, 베이비부머, 고령자 취업, 1990년대 초반생",-,15~64세,,,-,-,-,2017,-,Y,확정,3686만명,KOSIS_VALUE,hcx,생산연령인구,-,2017,Y,hcx,현재값,36860000,-,-,N,명,수준값,증가,전년동기,"생산연령인구(15~64세)는 2017년(3686만명)을 정점으로 하락세로 돌아섰지만, 고령자 취업이 늘어난 데다 상대적으로 인구가 많은 1990년대 초반생들이 때맞춰 취업 시장에 적극 뛰어들면서 취업자 수를 끌어올렸던 것이다.",high,Y,measurement_binding_fallback:2,Y,0,2,HCX-007,v1.7-relative-comparison-period,2026-08-23,direct,취업자 수,,,N,,2025,Y,,,,2017,,명,명,person_count,count,person,,,,,person_count,N,N,,DIRECT_ROW_CONFIRMED_DESPITE_BATCH_REVIEW,,Y,Y,,,READY,ELIGIBLE,,,,,N
URL-1787508322120-3,URL-1787508322120-3-m1,URL-1787508322120,“올 취업자수 최대 6만명 줄 것”… ‘인구 오너스 시대’ 오나,2025-02-23,https://www.chosun.com/economy/economy_general/2025/02/24/AXTTAUKCC5FQNGJDVW7EUZW55Y/,특히 2020년생(27만2000명)부터는 연간 출생아 수가 20만명대로 쪼그라들었기 때문에 취업자 수가 자연 감소하는 속도는 더욱 빨라질 것으로 보인다.,"김지연 연구위원은 “올해부터는 1990년대 후반~2000년대 초반생이 노동시장에 진출하며 취업자 수 증감에 큰 영향을 끼치는데, 이들의 절대적인 숫자가 5~10년 선배들보다 적다”고 했다.","통계청 장래인구추계에 따르면, 2020년생이 대학에 가는 2040년(2903만명)에는 생산연령인구가 3000만명 아래로 떨어질 것으로 예상된다.",국내공식통계,N,인구,2020년생 인구,"인구 오너스, 취업자 수, 인구 구조 변화, 노동시장",-,,,,-,-,-,2020,-,Y,확정,27만2000명,KOSIS_VALUE,hcx,2020년생 인구,-,2020,Y,hcx,현재값,272000,-,-,N,명,수준값,감소,전년,특히 2020년생(27만2000명)부터는 연간 출생아 수가 20만명대로 쪼그라들었기 때문에 취업자 수가 자연 감소하는 속도는 더욱 빨라질 것으로 보인다.,high,N,-,N,0,0,HCX-007,v1.7-relative-comparison-period,2026-08-23,direct,취업자 수,,,N,,2025,Y,,,,2020,,명,명,person_count,count,person,,,,,person_count,N,N,,,,Y,Y,,,READY,ELIGIBLE,,,,,N
URL-1787508322120-3,URL-1787508322120-3-m2,URL-1787508322120,“올 취업자수 최대 6만명 줄 것”… ‘인구 오너스 시대’ 오나,2025-02-23,https://www.chosun.com/economy/economy_general/2025/02/24/AXTTAUKCC5FQNGJDVW7EUZW55Y/,특히 2020년생(27만2000명)부터는 연간 출생아 수가 20만명대로 쪼그라들었기 때문에 취업자 수가 자연 감소하는 속도는 더욱 빨라질 것으로 보인다.,"김지연 연구위원은 “올해부터는 1990년대 후반~2000년대 초반생이 노동시장에 진출하며 취업자 수 증감에 큰 영향을 끼치는데, 이들의 절대적인 숫자가 5~10년 선배들보다 적다”고 했다.","통계청 장래인구추계에 따르면, 2020년생이 대학에 가는 2040년(2903만명)에는 생산연령인구가 3000만명 아래로 떨어질 것으로 예상된다.",국내공식통계,N,인구,연간 출생아 수,"인구 오너스, 취업자 수, 인구 구조 변화, 노동시장",-,,,,-,-,-,2025,-,Y,확정,20만명,KOSIS_VALUE,hcx,연간 출생아 수,-,2025,Y,hcx,현재값,200000,-,-,N,명,수준값,감소,전년,특히 2020년생(27만2000명)부터는 연간 출생아 수가 20만명대로 쪼그라들었기 때문에 취업자 수가 자연 감소하는 속도는 더욱 빨라질 것으로 보인다.,high,N,-,N,0,0,HCX-007,v1.7-relative-comparison-period,2026-08-23,direct,취업자 수,,,N,,2025,Y,,,,2025,,명,명,person_count,count,unspecified,,,,,person_count,N,N,,,,Y,Y,,,READY,ELIGIBLE,,,,,N
URL-1787508327241-2,URL-1787508327241-2-m1,URL-1787508327241,고물가·관세 전쟁… 숙박·음식점업 22개월째 역대 최장 불황,2025-04-13,https://www.chosun.com/economy/economy_general/2025/04/14/WW7RNH5ORBEYPOK2PSGO5P6PBQ/,"13일 통계청에 따르면, 2월 숙박·음식점업 생산지수는 전년 같은 달 대비 3.8% 감소했다.","고물가·고금리, 계엄·탄핵 등 정치적 불확실성, 미·중 관세 전쟁 등 악재가 겹치면서 대표적 내수 업종인 숙박·음식점업이 1년 10개월째 장기 불황을 겪는 등 내수 침체가 이어지고 있다.","이 생산지수는 숙박·음식점업의 매출을 기반으로 작성되는데, 2023년 5월부터 지난 2월까지 작년 1월(전년 같은 달 대비 증감률 0%)을 제외하고는 내내 감소세를 보였다.",국내공식통계,Y,소매·소비,숙박·음식점업 생산지수,"숙박·음식점업, 생산지수, 고물가, 관세 전쟁, 내수 침체",-,,,숙박·음식점업,-,-,-,202502,-,M,확정,3.8%,KOSIS_VALUE,hcx,숙박·음식점업 생산지수,숙박·음식점업,202402,M,hcx,증감률,3.8,-,-,N,%,증감률,감소,전년동월,"13일 통계청에 따르면, 2월 숙박·음식점업 생산지수는 전년 같은 달 대비 3.8% 감소했다.",high,N,-,N,0,0,HCX-007,v1.7-relative-comparison-period,2026-08-23,,숙박·음식점업 생산지수,숙박·음식점업,,N,,202504,M,,,,202402,CHANGE_RATE_FROM_TEXT|UNQUALIFIED_MONTH_FROM_ARTICLE_DATE,%,%,rate,rate_change,item,202402,DERIVED_VALUE_REQUIRES_COMPUTATION,증감값은 직접 공표 ITEM 확인 또는 수준값 재계산 필요,,rate,Y,N,,,direct|rate_from_level,Y,Y,,,READY,ELIGIBLE,,,,,N
URL-1787508327241-3,URL-1787508327241-3-m1,URL-1787508327241,고물가·관세 전쟁… 숙박·음식점업 22개월째 역대 최장 불황,2025-04-13,https://www.chosun.com/economy/economy_general/2025/04/14/WW7RNH5ORBEYPOK2PSGO5P6PBQ/,"통계청에 따르면, 올해 1분기(1~3월) 도소매와 숙박음식점업 취업자 수는 552만7000명으로 전년 동기 대비 1만4000명 줄어들었다.",이처럼 숙박·음식업점의 부진이 장기화되면서 관련 업종의 고용도 타격을 받고 있다.,도소매와 숙박음식점업 취업자 수는 지난해 1분기에 전년 동기 대비 5000명 감소한 이후 5분기(1년 3개월) 연속으로 감소하고 있다.,국내공식통계,Y,고용,도소매 및 숙박음식점업 취업자 수,"도소매, 숙박음식점업, 취업자 수",-,,,,-,-,-,202503,-,M,확정,552만7000명,KOSIS_VALUE,hcx,도소매 및 숙박음식점업 취업자 수,-,2025Q1,Q,hcx,현재값,5527000,-,-,N,명,수준값,감소,전년동기,올해 1분기(1~3월) 도소매와 숙박음식점업 취업자 수는 552만7000명으로 전년 동기 대비 1만4000명 줄어들었다.,high,N,-,N,0,0,HCX-007,v1.7-relative-comparison-period,2026-08-23,direct,취업자 수,,,N,,202501,Q,202501,202503,sum,2025Q1,RELATIVE_QUARTER_FROM_ARTICLE_DATE,명,명,person_count,count,person,,,,,person_count,N,N,,,,Y,Y,,,READY,ELIGIBLE,,,,,N
URL-1787508327241-3,URL-1787508327241-3-m2,URL-1787508327241,고물가·관세 전쟁… 숙박·음식점업 22개월째 역대 최장 불황,2025-04-13,https://www.chosun.com/economy/economy_general/2025/04/14/WW7RNH5ORBEYPOK2PSGO5P6PBQ/,"통계청에 따르면, 올해 1분기(1~3월) 도소매와 숙박음식점업 취업자 수는 552만7000명으로 전년 동기 대비 1만4000명 줄어들었다.",이처럼 숙박·음식업점의 부진이 장기화되면서 관련 업종의 고용도 타격을 받고 있다.,도소매와 숙박음식점업 취업자 수는 지난해 1분기에 전년 동기 대비 5000명 감소한 이후 5분기(1년 3개월) 연속으로 감소하고 있다.,국내공식통계,Y,고용,도소매 및 숙박음식점업 취업자 수 변화,"도소매, 숙박음식점업, 취업자 수",-,,,,-,-,-,202501,-,Q,확정,1만4000명,KOSIS_VALUE,hcx,도소매 및 숙박음식점업 취업자 수 변화,-,2025Q1,Q,hcx,증감값,14000,-,-,N,명,증감량,감소,전년동기,올해 1분기(1~3월) 도소매와 숙박음식점업 취업자 수는 552만7000명으로 전년 동기 대비 1만4000명 줄어들었다.,high,N,-,N,0,0,HCX-007,v1.7-relative-comparison-period,2026-08-23,,취업자 수,,,N,,202501,Q,,,,2025Q1,RELATIVE_QUARTER_FROM_ARTICLE_DATE|ABSOLUTE_CHANGE_FROM_TEXT,명,명,person_count,absolute_change,person,202401,DERIVED_VALUE_REQUIRES_COMPUTATION,증감값은 직접 공표 ITEM 확인 또는 수준값 재계산 필요,,person_count,Y,N,,,direct|difference_from_level,Y,Y,,,READY,ELIGIBLE,,,,,N
URL-1787508330569-2,URL-1787508330569-2-m2,URL-1787508330569,‘탈모 성지’ 종로5가 약국…결제액과 방문자 수 20대에서 가장 크게 늘었다,2025-06-05,https://www.chosun.com/economy/economy_general/2025/06/06/GA3W6ONBE5DAPBOD6PFLVSQDFQ/,"지난해 종로5가 약국 방문자 수 증가율(전년 대비)을 연령대 별로 살펴보면, 20대(25.1%)가 가장 높았고 40대(10%)와 50대(7.9%)가 그 뒤를 이었다.",20대 방문자 수 증가율도 모든 연령대에서 가장 높은 것으로 확인됐다.,결제 금액 증가율(전년 대비)도 20대가 34.5%로 가장 높았다.,국내공식통계,N,소매·소비,방문자 수 증가율,"종로5가, 약국, 탈모, 20대, 방문자 수, 결제 금액",-,,,20대,-,-,-,2024,-,Y,확정,20대(25.1%),KOSIS_VALUE,hcx,방문자 수 증가율,20대,2024,Y,hcx,증감률,25.1,-,-,N,%,증감률,증가,전년,"지난해 종로5가 약국 방문자 수 증가율(전년 대비)을 연령대 별로 살펴보면, 20대(25.1%)가 가장 높았고 40대(10%)와 50대(7.9%)가 그 뒤를 이었다.",high,N,-,Y,0,0,HCX-007,v1.7-relative-comparison-period,2026-08-23,,방문자 수 증가율 및 결제 금액 증가율,,,N,,2024,Y,,,,2024,RELATIVE_YEAR_FROM_ARTICLE_DATE|CHANGE_RATE_FROM_TEXT,%,%,rate,rate_change,item,2023,DERIVED_VALUE_REQUIRES_COMPUTATION,증감값은 직접 공표 ITEM 확인 또는 수준값 재계산 필요,,rate,Y,N,,,direct|rate_from_level,Y,Y,,,READY,ELIGIBLE,,,,,N
URL-1787508330569-2,URL-1787508330569-2-m4,URL-1787508330569,‘탈모 성지’ 종로5가 약국…결제액과 방문자 수 20대에서 가장 크게 늘었다,2025-06-05,https://www.chosun.com/economy/economy_general/2025/06/06/GA3W6ONBE5DAPBOD6PFLVSQDFQ/,"지난해 종로5가 약국 방문자 수 증가율(전년 대비)을 연령대 별로 살펴보면, 20대(25.1%)가 가장 높았고 40대(10%)와 50대(7.9%)가 그 뒤를 이었다.",20대 방문자 수 증가율도 모든 연령대에서 가장 높은 것으로 확인됐다.,결제 금액 증가율(전년 대비)도 20대가 34.5%로 가장 높았다.,국내공식통계,N,소매·소비,방문자 수 증가율,"종로5가, 약국, 탈모, 20대, 방문자 수, 결제 금액",-,,,40대,-,-,-,2024,-,Y,확정,40대(10%),KOSIS_VALUE,hcx,방문자 수 증가율,40대,2024,Y,hcx,증감률,10,-,-,N,%,증감률,증가,전년,"지난해 종로5가 약국 방문자 수 증가율(전년 대비)을 연령대 별로 살펴보면, 20대(25.1%)가 가장 높았고 40대(10%)와 50대(7.9%)가 그 뒤를 이었다.",high,N,-,Y,0,0,HCX-007,v1.7-relative-comparison-period,2026-08-23,,방문자 수 증가율 및 결제 금액 증가율,,,N,,2024,Y,,,,2024,RELATIVE_YEAR_FROM_ARTICLE_DATE|CHANGE_RATE_FROM_TEXT,%,%,rate,rate_change,item,2023,DERIVED_VALUE_REQUIRES_COMPUTATION,증감값은 직접 공표 ITEM 확인 또는 수준값 재계산 필요,,rate,Y,N,,,direct|rate_from_level,Y,Y,,,READY,ELIGIBLE,,,,,N
URL-1787508330569-2,URL-1787508330569-2-m6,URL-1787508330569,‘탈모 성지’ 종로5가 약국…결제액과 방문자 수 20대에서 가장 크게 늘었다,2025-06-05,https://www.chosun.com/economy/economy_general/2025/06/06/GA3W6ONBE5DAPBOD6PFLVSQDFQ/,"지난해 종로5가 약국 방문자 수 증가율(전년 대비)을 연령대 별로 살펴보면, 20대(25.1%)가 가장 높았고 40대(10%)와 50대(7.9%)가 그 뒤를 이었다.",20대 방문자 수 증가율도 모든 연령대에서 가장 높은 것으로 확인됐다.,결제 금액 증가율(전년 대비)도 20대가 34.5%로 가장 높았다.,국내공식통계,N,소매·소비,방문자 수 증가율,"종로5가, 약국, 탈모, 20대, 방문자 수, 결제 금액",-,,,50대,-,-,-,2024,-,Y,확정,50대(7.9%),KOSIS_VALUE,hcx,방문자 수 증가율,50대,2024,Y,hcx,증감률,7.9,-,-,N,%,증감률,증가,전년,"지난해 종로5가 약국 방문자 수 증가율(전년 대비)을 연령대 별로 살펴보면, 20대(25.1%)가 가장 높았고 40대(10%)와 50대(7.9%)가 그 뒤를 이었다.",high,N,-,Y,0,0,HCX-007,v1.7-relative-comparison-period,2026-08-23,,방문자 수 증가율 및 결제 금액 증가율,,,N,,2024,Y,,,,2024,RELATIVE_YEAR_FROM_ARTICLE_DATE|CHANGE_RATE_FROM_TEXT,%,%,rate,rate_change,item,2023,DERIVED_VALUE_REQUIRES_COMPUTATION,증감값은 직접 공표 ITEM 확인 또는 수준값 재계산 필요,,rate,Y,N,,,direct|rate_from_level,Y,Y,,,READY,ELIGIBLE,,,,,N
URL-1787508330569-2,URL-1787508330569-2-m7,URL-1787508330569,‘탈모 성지’ 종로5가 약국…결제액과 방문자 수 20대에서 가장 크게 늘었다,2025-06-05,https://www.chosun.com/economy/economy_general/2025/06/06/GA3W6ONBE5DAPBOD6PFLVSQDFQ/,"지난해 종로5가 약국 방문자 수 증가율(전년 대비)을 연령대 별로 살펴보면, 20대(25.1%)가 가장 높았고 40대(10%)와 50대(7.9%)가 그 뒤를 이었다.",20대 방문자 수 증가율도 모든 연령대에서 가장 높은 것으로 확인됐다.,결제 금액 증가율(전년 대비)도 20대가 34.5%로 가장 높았다.,국내공식통계,N,소매·소비,결제 금액 증가율,"종로5가, 약국, 탈모, 20대, 방문자 수, 결제 금액",-,,,20대,-,-,-,2024,-,Y,확정,20대 34.5%,KOSIS_VALUE,hcx,결제 금액 증가율,20대,2024,Y,hcx,증감값,20,-,-,N,대,증감량,증가,전년,"지난해 종로5가 약국 방문자 수 증가율(전년 대비)을 연령대 별로 살펴보면, 20대(25.1%)가 가장 높았고 40대(10%)와 50대(7.9%)가 그 뒤를 이었다.",high,N,-,Y,0,0,HCX-007,v1.7-relative-comparison-period,2026-08-23,,방문자 수 증가율 및 결제 금액 증가율,,,N,,2024,Y,,,,2024,RELATIVE_YEAR_FROM_ARTICLE_DATE|ABSOLUTE_CHANGE_FROM_TEXT,대,대,count,rate_change,item,2023,DERIVED_VALUE_REQUIRES_COMPUTATION,지표 수준값의 두 시점에서 기사 증감값을 계산해야 함: 비율 지표에 비율 단위가 아님: 결제금액증가율/count,,count,Y,N,,,direct|rate_from_level,Y,Y,,,READY,ELIGIBLE,,,,,N
URL-1787508332876-2,URL-1787508332876-2-m2,URL-1787508332876,전기차 ‘캐즘 쇼크’… 배터리 기업 10곳 영업익 반토막,2025-01-05,https://www.chosun.com/economy/industry-company/2025/01/06/BO3WGUVLFVHH3BXGQ3BHBBNZWU/,"국내 완성차 업체들의 전기차 판매는 2020년 3만1356대에서 2022년 12만3676대로 2년 만에 3배 가까이 급증했지만, 2023년 소폭 감소한 데 이어 지난해엔 연 10만대 선이 무너졌다.","지난해 완성차 5사(현대차, 기아, GM한국사업장, KG모빌리티, 르노코리아)가 국내 시장에서 판매한 전기차는 9만1385대로 2023년(11만5900대)보다 21.2% 줄었다.",오는 20일 출범하는 트럼프 2기가 관세 인상 등을 내세워 전기차를 비롯한 자동차의 현지 생산을 압박하는 상황에서 내수 감소는 배터리 등 전기차 생태계에 치명적이라는 지적이 나온다.,국내공식통계,N,소매·소비,전기차 판매량,"완성차, 전기차, 판매량, 내수, 감소",-,,,,-,-,-,2024,-,Y,확정,12만3676대,KOSIS_VALUE,hcx,전기차 판매량,-,2022,Y,hcx,현재값,123676,-,-,N,대,수준값,감소,전년,"[검증 대상 문장] 국내 완성차 업체들의 전기차 판매는 2020년 3만1356대에서 2022년 12만3676대로 2년 만에 3배 가까이 급증했지만, 2023년 소폭 감소한 데 이어 지난해엔 연 10만대 선이 무너졌다.",high,Y,measurement_period_ungrounded:1,Y,0,0,HCX-007,v1.7-relative-comparison-period,2026-08-23,direct,전기차 판매량,,,N,,2024,Y,,,,2022,RELATIVE_YEAR_FROM_ARTICLE_DATE,대,대,count,count,unspecified,,,,,count,N,N,,DIRECT_ROW_CONFIRMED_DESPITE_BATCH_REVIEW,,Y,Y,,,READY,ELIGIBLE,,,,,N
URL-1787508332876-4,URL-1787508332876-4-m1,URL-1787508332876,전기차 ‘캐즘 쇼크’… 배터리 기업 10곳 영업익 반토막,2025-01-05,https://www.chosun.com/economy/industry-company/2025/01/06/BO3WGUVLFVHH3BXGQ3BHBBNZWU/,행정안전부에 따르면 올해 1~10월 전국 17개 시·도 중 12곳의 외식업 폐업 건수는 역대 최대를 기록했다.,"패션 업계 관계자는 “상당수 생산량을 백화점이 아닌 아웃렛으로 보내고, 할인 폭을 높이는 데도 좀처럼 재고가 줄지 않고 있다”고 말했다.","소상공인연합회가 최근 소상공인 1630명을 대상으로 조사한 결과에서도, 응답자의 90.1%가 연말 경기 전망에 대해 ‘부정적’이라고 답하고 있다.",국내공식통계,N,인구,외식업 폐업 건수,"폐업, 외식업, 행정안전부",-,,,,-,-,-,202510,-,M,확정,12곳,KOSIS_VALUE,hcx,외식업 폐업 건수,-,2025-01-01/2025-10-01,M,hcx,현재값,12,-,-,N,개,수준값,-,전년,행정안전부에 따르면 올해 1~10월 전국 17개 시·도 중 12곳의 외식업 폐업 건수는 역대 최대를 기록했다.,high,N,-,Y,0,0,HCX-007,v1.7-relative-comparison-period,2026-08-23,direct,외식업 폐업 건수,,,N,,2025-01-01/2025-10-01,M,202501,202510,sum,2025-01-01/2025-10-01,,곳,개,count,count,unspecified,,,,,count,N,N,,,,Y,Y,,,READY,ELIGIBLE,,,,,N
URL-1787508332876-4,URL-1787508332876-4-m2,URL-1787508332876,전기차 ‘캐즘 쇼크’… 배터리 기업 10곳 영업익 반토막,2025-01-05,https://www.chosun.com/economy/industry-company/2025/01/06/BO3WGUVLFVHH3BXGQ3BHBBNZWU/,행정안전부에 따르면 올해 1~10월 전국 17개 시·도 중 12곳의 외식업 폐업 건수는 역대 최대를 기록했다.,"패션 업계 관계자는 “상당수 생산량을 백화점이 아닌 아웃렛으로 보내고, 할인 폭을 높이는 데도 좀처럼 재고가 줄지 않고 있다”고 말했다.","소상공인연합회가 최근 소상공인 1630명을 대상으로 조사한 결과에서도, 응답자의 90.1%가 연말 경기 전망에 대해 ‘부정적’이라고 답하고 있다.",국내공식통계,N,인구,전국 시·도,"폐업, 외식업, 행정안전부",-,,,,-,-,-,202510,-,M,확정,17개,KOSIS_VALUE,hcx,전국 시·도,-,2025-01-01/2025-10-01,M,hcx,현재값,17,-,-,N,개,수준값,-,전년,행정안전부에 따르면 올해 1~10월 전국 17개 시·도 중 12곳의 외식업 폐업 건수는 역대 최대를 기록했다.,high,N,-,Y,0,0,HCX-007,v1.7-relative-comparison-period,2026-08-23,direct,외식업 폐업 건수,,,N,,2025-01-01/2025-10-01,M,202501,202510,sum,2025-01-01/2025-10-01,,개,개,count,count,unspecified,,,,,count,N,N,,,,Y,Y,,,READY,ELIGIBLE,,,,,N
URL-1787508335207-1,URL-1787508335207-1-m1,URL-1787508335207,1월 서울 아파트 평균가격 13억8289만원...역대 최고,2025-03-02,https://www.chosun.com/economy/real_estate/2025/03/02/RNOY6YTQ4JCN3OC5ZPKMVJMRMA/,"2일 부동산R114가 서울 25구의 아파트 155만가구(임대 제외)의 평균 가격(호가와 시세, 지역별 평균 등을 반영해 산정)을 조사한 결과, 지난 1월 기준 서울 아파트의 평균 가격은 13억8289만원으로 집계됐다.",지난 1월 서울 전체 아파트의 평균 가격이 역대 최고치를 기록한 것으로 나타났다.,이는 이전 최고가인 2022년 5월의 13억7532만원을 넘어선 수치다.,국내공식통계,N,부동산,아파트 가구 수,"서울, 아파트, 평균 가격, 임대 제외",서울,,,,-,-,-,202501,-,M,확정,155만가구,KOSIS_VALUE,hcx,아파트 가구 수,-,202501,M,hcx,현재값,1550000,-,-,N,가구,수준값,-,,"[검증 대상 문장] 2일 부동산R114가 서울 25구의 아파트 155만가구(임대 제외)의 평균 가격(호가와 시세, 지역별 평균 등을 반영해 산정)을 조사한 결과, 지난 1월 기준 서울 아파트의 평균 가격은 13억8289만원으로 집계됐다.",high,N,-,Y,0,0,HCX-007,v1.7-relative-comparison-period,2026-08-23,direct,아파트 평균 가격,,,N,,202501,M,,,,202501,,가구,가구,count,count,household,,,,,count,N,N,,,,Y,Y,,,READY,ELIGIBLE,,,,,N
URL-1787508335207-1,URL-1787508335207-1-m2,URL-1787508335207,1월 서울 아파트 평균가격 13억8289만원...역대 최고,2025-03-02,https://www.chosun.com/economy/real_estate/2025/03/02/RNOY6YTQ4JCN3OC5ZPKMVJMRMA/,"2일 부동산R114가 서울 25구의 아파트 155만가구(임대 제외)의 평균 가격(호가와 시세, 지역별 평균 등을 반영해 산정)을 조사한 결과, 지난 1월 기준 서울 아파트의 평균 가격은 13억8289만원으로 집계됐다.",지난 1월 서울 전체 아파트의 평균 가격이 역대 최고치를 기록한 것으로 나타났다.,이는 이전 최고가인 2022년 5월의 13억7532만원을 넘어선 수치다.,국내공식통계,N,부동산,아파트 평균 가격,"서울, 아파트, 평균 가격, 임대 제외",서울,,,,-,-,-,202501,-,M,확정,13억8289만원,KOSIS_VALUE,hcx,아파트 평균 가격,-,202501,M,hcx,현재값,1382890000,-,-,N,원,수준값,증가,전년동기,"[검증 대상 문장] 2일 부동산R114가 서울 25구의 아파트 155만가구(임대 제외)의 평균 가격(호가와 시세, 지역별 평균 등을 반영해 산정)을 조사한 결과, 지난 1월 기준 서울 아파트의 평균 가격은 13억8289만원으로 집계됐다.",high,N,-,Y,0,0,HCX-007,v1.7-relative-comparison-period,2026-08-23,direct,아파트 평균 가격,,,N,,202501,M,,,,202501,,원,원,currency,amount,household,,,,,currency,N,N,,,,Y,Y,,,READY,ELIGIBLE,,,,,N
URL-1787508335207-4,URL-1787508335207-4-m1,URL-1787508335207,1월 서울 아파트 평균가격 13억8289만원...역대 최고,2025-03-02,https://www.chosun.com/economy/real_estate/2025/03/02/RNOY6YTQ4JCN3OC5ZPKMVJMRMA/,"통계청에 따르면, 지난해 자기 집을 소유한 가구의 평균 자산(7억2000만원) 가운데 부동산 비율은 79%(5억7000만원)에 달했다.",세계 최고 수준의 집값 격차는 ‘부동산 자산가’인 동시에 ‘하우스 푸어(집에 자산이 집중돼 가계 여유가 없는 사람)’인 한국인을 양산했다.,자산이 많을수록 부동산 편중 현상은 더 심했다.,국내공식통계,N,소득·임금,자기 집을 소유한 가구의 평균 자산,"자기 집, 가구, 평균 자산, 부동산 비율",-,,,,-,-,-,2024,-,Y,확정,7억2000만원,KOSIS_VALUE,hcx,자기 집을 소유한 가구의 평균 자산,-,2024,Y,hcx,현재값,720000000,-,-,N,원,수준값,-,전년,"통계청에 따르면, 지난해 자기 집을 소유한 가구의 평균 자산(7억2000만원) 가운데 부동산 비율은 79%(5억7000만원)에 달했다.",high,N,-,N,0,0,HCX-007,v1.7-relative-comparison-period,2026-08-23,direct,자기 집을 소유한 가구의 평균 자산,,자기집|자산,N,,2024,Y,,,,2024,RELATIVE_YEAR_FROM_ARTICLE_DATE,원,원,currency,amount,household,,,,,currency,N,N,,,,Y,Y,,,READY,ELIGIBLE,,,,,N
URL-1787508335207-4,URL-1787508335207-4-m3,URL-1787508335207,1월 서울 아파트 평균가격 13억8289만원...역대 최고,2025-03-02,https://www.chosun.com/economy/real_estate/2025/03/02/RNOY6YTQ4JCN3OC5ZPKMVJMRMA/,"통계청에 따르면, 지난해 자기 집을 소유한 가구의 평균 자산(7억2000만원) 가운데 부동산 비율은 79%(5억7000만원)에 달했다.",세계 최고 수준의 집값 격차는 ‘부동산 자산가’인 동시에 ‘하우스 푸어(집에 자산이 집중돼 가계 여유가 없는 사람)’인 한국인을 양산했다.,자산이 많을수록 부동산 편중 현상은 더 심했다.,국내공식통계,N,소득·임금,부동산 비율에 해당하는 금액,"자기 집, 가구, 평균 자산, 부동산 비율",-,,,,-,-,-,2024,-,Y,확정,5억7000만원,KOSIS_VALUE,hcx,부동산 비율에 해당하는 금액,-,2024,Y,hcx,현재값,570000000,-,-,N,원,수준값,-,전년,"통계청에 따르면, 지난해 자기 집을 소유한 가구의 평균 자산(7억2000만원) 가운데 부동산 비율은 79%(5억7000만원)에 달했다.",high,N,-,N,0,0,HCX-007,v1.7-relative-comparison-period,2026-08-23,direct,자기 집을 소유한 가구의 평균 자산,,자기집|부동산,N,,2024,Y,,,,2024,RELATIVE_YEAR_FROM_ARTICLE_DATE,원,원,currency,rate_level,household,,INDICATOR_UNIT_CONFLICT,비율 지표에 비율 단위가 아님: 부동산비율에해당하는금액/currency,,currency|rate,N,Y,UNIT_HYPOTHESIS_REVIEW_REQUIRED,,direct,Y,Y,,,READY,ELIGIBLE,,,,,N
URL-1787508338319-2,URL-1787508338319-2-m1,URL-1787508338319,"올해 쌀 생산, 작년보다 더 줄어… 쌀 값 상승세 계속되나 - 조선비즈",2025-10-02,https://biz.chosun.com/policy/policy_sub/2025/10/02/VEEJT4Y6QZC47FKCRUA42LWB4Q/,올해 벼 재배 면적은 67만8000㏊로 전년(69만8000㏊)보다 2만㏊(2.9%) 감소한 것으로 집계됐다.,쌀 생산량이 감소한 것은 벼 재배면적이 줄었기 때문이다.,벼 재배면적은 쌀 수급 균형을 위한 적정생산 정책 등의 영향으로 지속적으로 감소하고 있다.,국내공식통계,Y,생산·산업,벼 재배면적,"쌀, 생산량, 재배면적, 감소",-,,,,-,-,-,2025,-,Y,확정,2.9%,KOSIS_VALUE,hcx,벼 재배면적,-,2025,Y,hcx,증감률,2.9,-,-,N,%,증감률,감소,전년,올해 벼 재배 면적은 67만8000㏊로 전년(69만8000㏊)보다 2만㏊(2.9%) 감소한 것으로 집계됐다.,high,N,-,N,0,0,HCX-007,v1.7-relative-comparison-period,2026-08-23,,벼 재배면적,,,N,,2025,Y,,,,2025,RELATIVE_YEAR_FROM_ARTICLE_DATE|CHANGE_RATE_FROM_TEXT,%,%,rate,rate_change,unspecified,2024,DERIVED_VALUE_REQUIRES_COMPUTATION,증감값은 직접 공표 ITEM 확인 또는 수준값 재계산 필요,,rate,Y,N,,,direct|rate_from_level,Y,Y,,,READY,ELIGIBLE,,,,,N
URL-1787508340606-3,URL-1787508340606-3-m1,URL-1787508340606,[모닝] 잘나가는 LPG 1톤 트럭… 전기 트럭의 5배 팔려,2025-02-16,https://www.chosun.com/economy/auto/2025/02/17/2CWTTE6ZLZHTXGNIXHZNF7ZXZA/,일본 혼다 역시 작년 중국 판매가 약 85만대로 재작년 대비 30% 줄며 전체 판매량이 4.6% 줄었다.,"10위권 밖이지만, 독일 BMW(-4.1%)와 벤츠(-4%)의 판매량이 1년 새 급감한 것도 중국 시장에서 매출 감소 때문이다.",글로벌 ‘톱 10′ 회사 중에서 판매량이 줄지 않은 것은 중국 사업을 축소하거나 중단한 회사들뿐이다.,국내공식통계,N,무역,판매량,"자동차, 판매 실적, 중국 시장",-,,,혼다,-,-,중국,2024,-,Y,확정,85만대,KOSIS_VALUE,hcx,판매량,혼다,2024,Y,hcx,현재값,850000,-,-,Y,대,수준값,감소,전년,일본 혼다 역시 작년 중국 판매가 약 85만대로 재작년 대비 30% 줄며 전체 판매량이 4.6% 줄었다.,high,N,-,N,0,0,HCX-007,v1.7-relative-comparison-period,2026-08-23,direct,판매량,자동차,,N,,2024,Y,,,,2024,RELATIVE_YEAR_FROM_ARTICLE_DATE,대,대,count,count,item,,,,,count,N,N,,,,Y,Y,,,READY,ELIGIBLE,,,,,N
URL-1787508340606-3,URL-1787508340606-3-m2,URL-1787508340606,[모닝] 잘나가는 LPG 1톤 트럭… 전기 트럭의 5배 팔려,2025-02-16,https://www.chosun.com/economy/auto/2025/02/17/2CWTTE6ZLZHTXGNIXHZNF7ZXZA/,일본 혼다 역시 작년 중국 판매가 약 85만대로 재작년 대비 30% 줄며 전체 판매량이 4.6% 줄었다.,"10위권 밖이지만, 독일 BMW(-4.1%)와 벤츠(-4%)의 판매량이 1년 새 급감한 것도 중국 시장에서 매출 감소 때문이다.",글로벌 ‘톱 10′ 회사 중에서 판매량이 줄지 않은 것은 중국 사업을 축소하거나 중단한 회사들뿐이다.,국내공식통계,N,무역,판매량 증가율,"자동차, 판매 실적, 중국 시장",-,,,혼다,-,-,중국,2024,-,Y,확정,30%,KOSIS_VALUE,hcx,판매량 증가율,혼다,2024,Y,hcx,증감률,30,-,-,N,%,증감률,감소,전년,일본 혼다 역시 작년 중국 판매가 약 85만대로 재작년 대비 30% 줄며 전체 판매량이 4.6% 줄었다.,high,N,-,N,0,0,HCX-007,v1.7-relative-comparison-period,2026-08-23,,판매량,자동차,,N,,2024,Y,,,,2024,RELATIVE_YEAR_FROM_ARTICLE_DATE|CHANGE_RATE_FROM_TEXT,%,%,rate,rate_change,item,2023,DERIVED_VALUE_REQUIRES_COMPUTATION,증감값은 직접 공표 ITEM 확인 또는 수준값 재계산 필요,,rate,Y,N,,,direct|rate_from_level,Y,Y,,,READY,ELIGIBLE,,,,,N
URL-1787508340606-3,URL-1787508340606-3-m3,URL-1787508340606,[모닝] 잘나가는 LPG 1톤 트럭… 전기 트럭의 5배 팔려,2025-02-16,https://www.chosun.com/economy/auto/2025/02/17/2CWTTE6ZLZHTXGNIXHZNF7ZXZA/,일본 혼다 역시 작년 중국 판매가 약 85만대로 재작년 대비 30% 줄며 전체 판매량이 4.6% 줄었다.,"10위권 밖이지만, 독일 BMW(-4.1%)와 벤츠(-4%)의 판매량이 1년 새 급감한 것도 중국 시장에서 매출 감소 때문이다.",글로벌 ‘톱 10′ 회사 중에서 판매량이 줄지 않은 것은 중국 사업을 축소하거나 중단한 회사들뿐이다.,국내공식통계,N,무역,전체 판매량 증가율,"자동차, 판매 실적, 중국 시장",-,,,혼다,-,-,중국,2024,-,Y,확정,4.6%,KOSIS_VALUE,hcx,전체 판매량 증가율,혼다,2024,Y,hcx,증감률,4.6,-,-,N,%,증감률,감소,전년,일본 혼다 역시 작년 중국 판매가 약 85만대로 재작년 대비 30% 줄며 전체 판매량이 4.6% 줄었다.,high,N,-,N,0,0,HCX-007,v1.7-relative-comparison-period,2026-08-23,,판매량,자동차,,N,,2024,Y,,,,2024,RELATIVE_YEAR_FROM_ARTICLE_DATE|CHANGE_RATE_FROM_TEXT,%,%,rate,rate_change,item,2023,DERIVED_VALUE_REQUIRES_COMPUTATION,증감값은 직접 공표 ITEM 확인 또는 수준값 재계산 필요,,rate,Y,N,,,direct|rate_from_level,Y,Y,,,READY,ELIGIBLE,,,,,N
URL-1787508340606-4,URL-1787508340606-4-m1,URL-1787508340606,[모닝] 잘나가는 LPG 1톤 트럭… 전기 트럭의 5배 팔려,2025-02-16,https://www.chosun.com/economy/auto/2025/02/17/2CWTTE6ZLZHTXGNIXHZNF7ZXZA/,"중국승용차협회(CPCA)에 따르면, 작년 상반기 중국에서 국내 브랜드의 판매량은 약 556만대로 재작년 동기 대비 17.8% 증가했다.",중국 시장에서 자국 브랜드의 영향력이 점차 세지면서 이런 변화는 더욱 거세질 전망이다.,이 브랜드들의 점유율이 57%에 달했다.,국내공식통계,N,무역,판매량,"중국, 승용차, 국내 브랜드, 판매량, 점유율",-,,,,-,-,-,2024,-,H,확정,556만대,KOSIS_VALUE,hcx,판매량,-,2024H2,H,hcx,현재값,5560000,-,-,Y,대,수준값,증가,전년동기,"중국승용차협회(CPCA)에 따르면, 작년 상반기 중국에서 국내 브랜드의 판매량은 약 556만대로 재작년 동기 대비 17.8% 증가했다.",high,N,-,N,0,0,HCX-007,v1.7-relative-comparison-period,2026-08-23,direct,판매량,,,N,,2024H2,H,,,,2024H2,,대,대,count,count,unspecified,,,,,count,N,N,,,,Y,Y,,,READY,ELIGIBLE,,,,,N
URL-1787508340606-4,URL-1787508340606-4-m2,URL-1787508340606,[모닝] 잘나가는 LPG 1톤 트럭… 전기 트럭의 5배 팔려,2025-02-16,https://www.chosun.com/economy/auto/2025/02/17/2CWTTE6ZLZHTXGNIXHZNF7ZXZA/,"중국승용차협회(CPCA)에 따르면, 작년 상반기 중국에서 국내 브랜드의 판매량은 약 556만대로 재작년 동기 대비 17.8% 증가했다.",중국 시장에서 자국 브랜드의 영향력이 점차 세지면서 이런 변화는 더욱 거세질 전망이다.,이 브랜드들의 점유율이 57%에 달했다.,국내공식통계,N,무역,판매량 증가율,"중국, 승용차, 국내 브랜드, 판매량, 점유율",-,,,,-,-,-,2024,-,H,확정,17.8%,KOSIS_VALUE,hcx,판매량 증가율,-,2024H2,H,hcx,증감률,17.8,-,-,N,%,증감률,증가,전년동기,"중국승용차협회(CPCA)에 따르면, 작년 상반기 중국에서 국내 브랜드의 판매량은 약 556만대로 재작년 동기 대비 17.8% 증가했다.",high,N,-,N,0,0,HCX-007,v1.7-relative-comparison-period,2026-08-23,,판매량,,,N,,2024H2,H,,,,2024H2,CHANGE_RATE_FROM_TEXT,%,%,rate,rate_change,unspecified,2023,DERIVED_VALUE_REQUIRES_COMPUTATION,증감값은 직접 공표 ITEM 확인 또는 수준값 재계산 필요,,rate,Y,N,,,direct|rate_from_level,Y,Y,,,READY,ELIGIBLE,,,,,N
URL-1787508344987-1,URL-1787508344987-1-m1,URL-1787508344987,4월 픽업트럭 판매량 1년새 두 배로…타스만·무쏘EV 출시 효과,2025-05-20,https://www.chosun.com/economy/auto/2025/05/20/4WNJC2ZN6VGX7HFCDWIPAWRYMI/,지난달 국내 시장에서 픽업트럭 판매 대수가 작년 동월 대비 2배 안팎 늘어난 것으로 집계됐다.,4월 픽업트럭 판매량 1년새 두 배로타스만·무쏘EV 출시 효과,올 초 출시된 기아 타스만과 KG모빌리티 무쏘EV 등 전기 픽업트럭 신차 효과가 본격화되고 있는 것이다.,국내공식통계,N,소매·소비,픽업트럭 판매량 증가 비율,"픽업트럭, 판매량, 작년 동월 대비, 2배",-,,,,-,-,-,202504,-,M,확정,2배,KOSIS_VALUE,hcx,픽업트럭 판매량 증가 비율,-,202504,M,hcx,현재값,2,-,-,N,배,수준값,증가,전년동월,지난달 국내 시장에서 픽업트럭 판매 대수가 작년 동월 대비 2배 안팎 늘어난 것으로 집계됐다.,high,N,-,N,0,0,HCX-007,v1.7-relative-comparison-period,2026-08-23,direct,픽업트럭 판매량,,,N,,2025-04,M,,,,202504,PREVIOUS_MONTH_FROM_ARTICLE_DATE,배,배,multiple,rate_level,unspecified,,INDICATOR_UNIT_CONFLICT,비율 지표에 비율 단위가 아님: 픽업트럭판매량증가비율/multiple,,multiple|rate,N,Y,UNIT_HYPOTHESIS_REVIEW_REQUIRED,,direct,Y,Y,,,READY,ELIGIBLE,,,,,N
URL-1787508344987-2,URL-1787508344987-2-m1,URL-1787508344987,4월 픽업트럭 판매량 1년새 두 배로…타스만·무쏘EV 출시 효과,2025-05-20,https://www.chosun.com/economy/auto/2025/05/20/4WNJC2ZN6VGX7HFCDWIPAWRYMI/,20일 카이즈유데이터연구소에 따르면 지난달 국내 픽업트럭 판매 대수는 2336대로 작년 동월 대비 102.6% 급증했다.,올 초 출시된 기아 타스만과 KG모빌리티 무쏘EV 등 전기 픽업트럭 신차 효과가 본격화되고 있는 것이다.,픽업트럭 월간 판매 대수가 2000대를 넘어선 것은 2022년 10월(2205대) 이후 2년 7개월 만이다.,국내공식통계,N,소매·소비,픽업트럭 판매량,"픽업트럭, 판매량, 증가, 기아 타스만, KG모빌리티 무쏘EV",-,,,,-,-,-,202504,-,M,확정,2336대,KOSIS_VALUE,hcx,픽업트럭 판매량,-,202504,M,hcx,현재값,2336,-,-,N,대,수준값,-,전년동월,20일 카이즈유데이터연구소에 따르면 지난달 국내 픽업트럭 판매 대수는 2336대로 작년 동월 대비 102.6% 급증했다.,high,N,-,N,0,0,HCX-007,v1.7-relative-comparison-period,2026-08-23,direct,픽업트럭 판매량,,,N,,2025-04,M,,,,202504,PREVIOUS_MONTH_FROM_ARTICLE_DATE,대,대,count,count,unspecified,,,,,count,N,N,,,,Y,Y,,,READY,ELIGIBLE,,,,,N
URL-1787508344987-2,URL-1787508344987-2-m2,URL-1787508344987,4월 픽업트럭 판매량 1년새 두 배로…타스만·무쏘EV 출시 효과,2025-05-20,https://www.chosun.com/economy/auto/2025/05/20/4WNJC2ZN6VGX7HFCDWIPAWRYMI/,20일 카이즈유데이터연구소에 따르면 지난달 국내 픽업트럭 판매 대수는 2336대로 작년 동월 대비 102.6% 급증했다.,올 초 출시된 기아 타스만과 KG모빌리티 무쏘EV 등 전기 픽업트럭 신차 효과가 본격화되고 있는 것이다.,픽업트럭 월간 판매 대수가 2000대를 넘어선 것은 2022년 10월(2205대) 이후 2년 7개월 만이다.,국내공식통계,N,소매·소비,픽업트럭 판매량 증가율,"픽업트럭, 판매량, 증가, 기아 타스만, KG모빌리티 무쏘EV",-,,,,-,-,-,202504,-,M,확정,102.6%,KOSIS_VALUE,hcx,픽업트럭 판매량 증가율,-,202504,M,hcx,증감률,102.6,-,-,N,%,증감률,증가,전년동월,20일 카이즈유데이터연구소에 따르면 지난달 국내 픽업트럭 판매 대수는 2336대로 작년 동월 대비 102.6% 급증했다.,high,N,-,N,0,0,HCX-007,v1.7-relative-comparison-period,2026-08-23,,픽업트럭 판매량,,,N,,2025-04,M,,,,202504,PREVIOUS_MONTH_FROM_ARTICLE_DATE,%,%,rate,rate_change,unspecified,202404,DERIVED_VALUE_REQUIRES_COMPUTATION,증감값은 직접 공표 ITEM 확인 또는 수준값 재계산 필요,,rate,Y,N,,,direct|rate_from_level,Y,Y,,,READY,ELIGIBLE,,,,,N
URL-1787508344987-3,URL-1787508344987-3-m1,URL-1787508344987,4월 픽업트럭 판매량 1년새 두 배로…타스만·무쏘EV 출시 효과,2025-05-20,https://www.chosun.com/economy/auto/2025/05/20/4WNJC2ZN6VGX7HFCDWIPAWRYMI/,지난달 타스만 판매량(857대)은 지난 3월 대비 792.7% 증가했다.,픽업트럭 월간 판매 대수가 2000대를 넘어선 것은 2022년 10월(2205대) 이후 2년 7개월 만이다.,지난 2월 국내 출시 이후 꾸준히 판매가 늘고 있다.,국내공식통계,N,소매·소비,타스만 판매량,"픽업트럭, 판매량, 증가, 타스만, 무쏘EV",-,,,타스만,-,-,-,202503,-,M,확정,857대,KOSIS_VALUE,hcx,타스만 판매량,타스만,202504,M,hcx,현재값,857,-,-,N,대,수준값,증가,전월,지난달 타스만 판매량(857대)은 지난 3월 대비 792.7% 증가했다.,high,N,-,N,0,0,HCX-007,v1.7-relative-comparison-period,2026-08-23,direct,판매량,"타스만, 무쏘EV",,N,,2025-04,M,,,,202504,PREVIOUS_MONTH_FROM_ARTICLE_DATE|UNQUALIFIED_MONTH_FROM_ARTICLE_DATE,대,대,count,count,item,,,,,count,N,N,,,,Y,Y,,,READY,ELIGIBLE,,,,,N
URL-1787508344987-3,URL-1787508344987-3-m2,URL-1787508344987,4월 픽업트럭 판매량 1년새 두 배로…타스만·무쏘EV 출시 효과,2025-05-20,https://www.chosun.com/economy/auto/2025/05/20/4WNJC2ZN6VGX7HFCDWIPAWRYMI/,지난달 타스만 판매량(857대)은 지난 3월 대비 792.7% 증가했다.,픽업트럭 월간 판매 대수가 2000대를 넘어선 것은 2022년 10월(2205대) 이후 2년 7개월 만이다.,지난 2월 국내 출시 이후 꾸준히 판매가 늘고 있다.,국내공식통계,N,소매·소비,타스만 판매량 증가율,"픽업트럭, 판매량, 증가, 타스만, 무쏘EV",-,,,타스만,-,-,-,202503,-,M,확정,792.7%,KOSIS_VALUE,hcx,타스만 판매량 증가율,타스만,202504,M,hcx,증감률,792.7,-,-,N,%,증감률,증가,전월,지난달 타스만 판매량(857대)은 지난 3월 대비 792.7% 증가했다.,high,N,-,N,0,0,HCX-007,v1.7-relative-comparison-period,2026-08-23,,판매량,"타스만, 무쏘EV",,N,,2025-04,M,,,,202504,CHANGE_RATE_FROM_TEXT|PREVIOUS_MONTH_FROM_ARTICLE_DATE|UNQUALIFIED_MONTH_FROM_ARTICLE_DATE|RELATIVE_MEASUREMENT_PERIOD_PRESERVED,%,%,rate,rate_change,item,202502,DERIVED_VALUE_REQUIRES_COMPUTATION,증감값은 직접 공표 ITEM 확인 또는 수준값 재계산 필요,,rate,Y,N,,,direct|rate_from_level,Y,Y,,,READY,ELIGIBLE,,,,,N
URL-1787508344987-4,URL-1787508344987-4-m1,URL-1787508344987,4월 픽업트럭 판매량 1년새 두 배로…타스만·무쏘EV 출시 효과,2025-05-20,https://www.chosun.com/economy/auto/2025/05/20/4WNJC2ZN6VGX7HFCDWIPAWRYMI/,2017년 2만3574대였던 픽업트럭 연간 판매량은 작년 1만3954대로 떨어졌다.,"국내 픽업트럭 시장은 KG모빌리티의 렉스턴 스포츠와 코란도 스포츠, GM한국사업장의 콜로라도와 시에라 모델만 판매됐다.",올해 타스만과 무쏘 EV 출시로 그간 침체된 픽업트럭 시장이 반등할 수 있을 거란 전망이 나온다.,국내공식통계,N,소매·소비,픽업트럭 판매량,"픽업트럭, 판매량, 연간, 작년",-,,,,-,-,-,2024,-,Y,확정,1만3954대,KOSIS_VALUE,hcx,픽업트럭 판매량,-,2024,Y,hcx,현재값,13954,-,-,N,대,수준값,감소,전년,2017년 2만3574대였던 픽업트럭 연간 판매량은 작년 1만3954대로 떨어졌다.,high,N,-,N,0,0,HCX-007,v1.7-relative-comparison-period,2026-08-23,direct,픽업트럭 판매량,,,N,,2024,Y,,,,2024,RELATIVE_YEAR_FROM_ARTICLE_DATE,대,대,count,count,unspecified,,,,,count,N,N,,,,Y,Y,,,READY,ELIGIBLE,,,,,N
URL-1787508347373-1,URL-1787508347373-1-m1,URL-1787508347373,얼어붙은 경기에… ‘가성비 세단’이 잘 팔린다,2025-05-17,https://www.chosun.com/economy/auto/2025/05/20/W4APAPXZPFG27DHL3UNKAA2AZU/,"시장조사 업체 카이즈유데이터 연구소에 따르면, 올 1분기(1~3월) 세단 판매량은 10만7252대로 전년 동기 대비 16.6% 늘었다.",국내 자동차 시장에서 세단이 부활하는 조짐을 보이고 있다.,"반면, 같은 기간 SUV(스포츠유틸리티차) 판매량이 1.6% 줄어든 20만2447대에 그쳤다.",국내공식통계,Y,소매·소비,세단 판매량,"세단, 판매량, SUV, 스포츠유틸리티차",-,,,,-,-,-,202503,-,M,확정,10만7252대,KOSIS_VALUE,hcx,세단 판매량,-,2025Q1,Q,hcx,현재값,107252,-,-,N,대,수준값,증가,전년동기,"시장조사 업체 카이즈유데이터 연구소에 따르면, 올 1분기(1~3월) 세단 판매량은 10만7252대로 전년 동기 대비 16.6% 늘었다.",high,N,-,N,0,0,HCX-007,v1.7-relative-comparison-period,2026-08-23,direct,세단 판매량,,,N,,2025Q1,Q,202501,202503,sum,2025Q1,,대,대,count,count,unspecified,,,,,count,N,N,,,,Y,Y,,,READY,ELIGIBLE,,,,,N
URL-1787508347373-1,URL-1787508347373-1-m2,URL-1787508347373,얼어붙은 경기에… ‘가성비 세단’이 잘 팔린다,2025-05-17,https://www.chosun.com/economy/auto/2025/05/20/W4APAPXZPFG27DHL3UNKAA2AZU/,"시장조사 업체 카이즈유데이터 연구소에 따르면, 올 1분기(1~3월) 세단 판매량은 10만7252대로 전년 동기 대비 16.6% 늘었다.",국내 자동차 시장에서 세단이 부활하는 조짐을 보이고 있다.,"반면, 같은 기간 SUV(스포츠유틸리티차) 판매량이 1.6% 줄어든 20만2447대에 그쳤다.",국내공식통계,Y,소매·소비,세단 판매량 증감률,"세단, 판매량, SUV, 스포츠유틸리티차",-,,,,-,-,-,202501,-,Q,확정,16.6%,KOSIS_VALUE,hcx,세단 판매량 증감률,-,2025Q1,Q,hcx,증감률,16.6,-,-,N,%,증감률,증가,전년동기,"시장조사 업체 카이즈유데이터 연구소에 따르면, 올 1분기(1~3월) 세단 판매량은 10만7252대로 전년 동기 대비 16.6% 늘었다.",high,N,-,N,0,0,HCX-007,v1.7-relative-comparison-period,2026-08-23,,세단 판매량,,,N,,2025Q1,Q,,,,2025Q1,CHANGE_RATE_FROM_TEXT,%,%,rate,rate_change,unspecified,202401,DERIVED_VALUE_REQUIRES_COMPUTATION,증감값은 직접 공표 ITEM 확인 또는 수준값 재계산 필요,,rate,Y,N,,,direct|rate_from_level,Y,Y,,,READY,ELIGIBLE,,,,,N
URL-1787508347373-4,URL-1787508347373-4-m1,URL-1787508347373,얼어붙은 경기에… ‘가성비 세단’이 잘 팔린다,2025-05-17,https://www.chosun.com/economy/auto/2025/05/20/W4APAPXZPFG27DHL3UNKAA2AZU/,"자동차 시장조사 업체 카이즈유데이터 연구소에 따르면, 작년 국내 자동차 판매량(약 144만대) 중 SUV(약 81만대) 비중이 절반을 넘었다.","예를 들어 현대차의 중형 세단 ‘아이오닉6’, 준중형 SUV ‘아이오닉5’, 대형 SUV ‘아이오닉9’은 모두 같은 전기차 플랫폼(E-GMP)을 공유하고 있다.",많은 글로벌 자동차 업체가 SUV 위주의 신차를 내놓으면서 세단의 특성을 결합하는 식으로 차별화를 꾀하려 한다는 분석도 나온다.,국내공식통계,N,무역,국내 자동차 판매량,"자동차, 판매량, SUV, 비중",-,,,,-,-,-,2024,-,Y,확정,144만대,KOSIS_VALUE,hcx,국내 자동차 판매량,-,2024,Y,hcx,현재값,1440000,-,-,Y,대,수준값,-,전년,"자동차 시장조사 업체 카이즈유데이터 연구소에 따르면, 작년 국내 자동차 판매량(약 144만대) 중 SUV(약 81만대) 비중이 절반을 넘었다.",high,N,-,N,0,0,HCX-007,v1.7-relative-comparison-period,2026-08-23,direct,국내 자동차 판매량,,,N,,2024,Y,,,,2024,RELATIVE_YEAR_FROM_ARTICLE_DATE,대,대,count,count,vehicle,,,,,count,N,N,,,,Y,Y,,,READY,ELIGIBLE,,,,,N
URL-1787508347373-4,URL-1787508347373-4-m2,URL-1787508347373,얼어붙은 경기에… ‘가성비 세단’이 잘 팔린다,2025-05-17,https://www.chosun.com/economy/auto/2025/05/20/W4APAPXZPFG27DHL3UNKAA2AZU/,"자동차 시장조사 업체 카이즈유데이터 연구소에 따르면, 작년 국내 자동차 판매량(약 144만대) 중 SUV(약 81만대) 비중이 절반을 넘었다.","예를 들어 현대차의 중형 세단 ‘아이오닉6’, 준중형 SUV ‘아이오닉5’, 대형 SUV ‘아이오닉9’은 모두 같은 전기차 플랫폼(E-GMP)을 공유하고 있다.",많은 글로벌 자동차 업체가 SUV 위주의 신차를 내놓으면서 세단의 특성을 결합하는 식으로 차별화를 꾀하려 한다는 분석도 나온다.,국내공식통계,N,무역,SUV 판매량,"자동차, 판매량, SUV, 비중",-,,,,-,-,-,2024,-,Y,확정,81만대,KOSIS_VALUE,hcx,SUV 판매량,-,2024,Y,hcx,현재값,810000,-,-,Y,대,수준값,-,전년,"자동차 시장조사 업체 카이즈유데이터 연구소에 따르면, 작년 국내 자동차 판매량(약 144만대) 중 SUV(약 81만대) 비중이 절반을 넘었다.",high,N,-,N,0,0,HCX-007,v1.7-relative-comparison-period,2026-08-23,direct,국내 자동차 판매량,,,N,,2024,Y,,,,2024,RELATIVE_YEAR_FROM_ARTICLE_DATE,대,대,count,count,vehicle,,,,,count,N,N,,,,Y,Y,,,READY,ELIGIBLE,,,,,N
URL-1787508354694-1,URL-1787508354694-1-m1,URL-1787508354694,고물가에 설선물 벅차다면…사전예약‧묶음판매 그나마 싸다,2025-01-05,https://www.chosun.com/economy/market_trend/2025/01/05/GAQ4BB4HOJEWNP5GGCUHQTHY7M/,지난해 설 대비 10% 늘어난 5만여 세트를 예약판매 물량으로 준비했다.,신세계백화점은 오는 9일까지 21일간 2025년 설 선물세트를 예약 판매하고 있다.,"주요 품목 할인율로는 한우 5~10%, 굴비 20%, 청과 10%, 와인 50%, 건강식품 60% 등이다.",국내공식통계,N,소매·소비,설 선물세트 예약판매 증가율,"설 선물세트, 예약판매, 증가율, 한우, 굴비, 청과, 와인, 건강식품",-,,,,-,-,-,202501,-,M,확정,10%,KOSIS_VALUE,hcx,설 선물세트 예약판매 증가율,-,202501,M,hcx,증감률,10,-,-,N,%,증감률,증가,전년동기,지난해 설 대비 10% 늘어난 5만여 세트를 예약판매 물량으로 준비했다.,high,N,-,N,0,0,HCX-007,v1.7-relative-comparison-period,2026-08-23,,설 선물세트 예약판매 증가율,,,N,,202501,M,,,,202501,CHANGE_RATE_FROM_TEXT,%,%,rate,rate_change,unspecified,202401,DERIVED_VALUE_REQUIRES_COMPUTATION,증감값은 직접 공표 ITEM 확인 또는 수준값 재계산 필요,,rate,Y,N,,,direct|rate_from_level,Y,Y,,,READY,ELIGIBLE,,,,,N
URL-1787508366671-1,URL-1787508366671-1-m1,URL-1787508366671,국제 유가 하락에 4월 생산자물가 전월보다 하락,2025-05-22,https://www.chosun.com/economy/economy_general/2025/05/23/EMZ6BBQZAND4DKNQF5RMMDSQEM/,지난달 생산자물가지수가 전월에 비해 0.1% 하락했다고 한국은행이 23일 밝혔다.,국제 유가 하락에 4월 생산자물가 전월보다 하락,"국제 유가 하락, 농산물 출하량 증가 때문이다.",국내공식통계,Y,물가,생산자물가지수,"생산자물가, 국제 유가, 농산물 출하량",-,,,,-,-,-,202504,-,M,확정,0.1%,KOSIS_VALUE,hcx,생산자물가지수,-,202504,M,hcx,증감률,0.1,-,-,N,%,증감률,감소,전월,지난달 생산자물가지수가 전월에 비해 0.1% 하락했다고 한국은행이 23일 밝혔다.,high,N,-,N,0,0,HCX-007,v1.7-relative-comparison-period,2026-08-23,,생산자물가지수,,,N,,2025-04,M,,,,202504,CHANGE_RATE_FROM_TEXT|PREVIOUS_MONTH_FROM_ARTICLE_DATE,%,%,rate,rate_change,unspecified,202503,DERIVED_VALUE_REQUIRES_COMPUTATION,증감값은 직접 공표 ITEM 확인 또는 수준값 재계산 필요,,rate,Y,N,,,direct|rate_from_level,Y,Y,,,READY,ELIGIBLE,,,,,N
URL-1787508366671-2,URL-1787508366671-2-m1,URL-1787508366671,국제 유가 하락에 4월 생산자물가 전월보다 하락,2025-05-22,https://www.chosun.com/economy/economy_general/2025/05/23/EMZ6BBQZAND4DKNQF5RMMDSQEM/,전월 대비 생산자물가가 하락한 것은 지난해 10월(-0.1%) 이후 6개월만이다.,"국제 유가 하락, 농산물 출하량 증가 때문이다.","전월 대비 상승폭을 품목별로 보면 농산물(-5.8%), 석탄·석유제품(-2.6%)이 전체 생산자물가를 끌어내렸다.",국내공식통계,Y,물가,생산자물가,"국제 유가, 생산자물가, 전월 대비, 하락, 농산물 출하량",-,,,,-,-,-,202410,-,M,확정,-0.1%,KOSIS_VALUE,hcx,생산자물가,-,202410,M,hcx,증감률,0.1,-,-,N,%,증감률,감소,전월,전월 대비 생산자물가가 하락한 것은 지난해 10월(-0.1%) 이후 6개월만이다.,high,N,-,N,0,0,HCX-007,v1.7-relative-comparison-period,2026-08-23,,생산자물가,,,N,,2025-04,M,,,,202410,CHANGE_RATE_FROM_TEXT|RELATIVE_YEAR_MONTH_FROM_ARTICLE_DATE|RELATIVE_MEASUREMENT_PERIOD_PRESERVED,%,%,rate,rate_change,unspecified,202409,DERIVED_VALUE_REQUIRES_COMPUTATION,증감값은 직접 공표 ITEM 확인 또는 수준값 재계산 필요,,rate,Y,N,,,direct|rate_from_level,Y,Y,,,READY,ELIGIBLE,,,,,N
URL-1787508366671-3,URL-1787508366671-3-m1,URL-1787508366671,국제 유가 하락에 4월 생산자물가 전월보다 하락,2025-05-22,https://www.chosun.com/economy/economy_general/2025/05/23/EMZ6BBQZAND4DKNQF5RMMDSQEM/,"전월 대비 상승폭을 품목별로 보면 농산물(-5.8%), 석탄·석유제품(-2.6%)이 전체 생산자물가를 끌어내렸다.",전월 대비 생산자물가가 하락한 것은 지난해 10월(-0.1%) 이후 6개월만이다.,"반대로 축산물(4.8%), 음식료품(0.2%), 음식점 및 숙박(0.6%) 가격은 전월보다 상승했다.",국내공식통계,Y,물가,농산물 가격 변동,"국제 유가, 생산자물가, 전월 대비, 품목별 상승폭, 농산물, 석탄·석유제품, 축산물, 음식료품, 음식점 및 숙박",-,,,농산물,-,-,-,202504,-,M,확정,5.8%,KOSIS_VALUE,hcx,농산물 가격 변동,농산물,-,-,hcx,증감률,5.8,-,-,N,%,증감률,감소,전월,전월 대비 생산자물가가 하락한 것은 지난해 10월(-0.1%) 이후 6개월만이다.,high,Y,measurement_period_ungrounded:2,N,0,0,HCX-007,v1.7-relative-comparison-period,2026-08-23,,생산자물가,,,N,,2025-04,M,,,,,CHANGE_RATE_FROM_TEXT|MONTH_FROM_ARTICLE_TITLE_CONTEXT,%,%,rate,rate_change,item,202503,DERIVED_VALUE_REQUIRES_COMPUTATION,지표 수준값의 두 시점에서 기사 증감값을 계산해야 함: 금액 지표에 통화 단위가 아님: 농산물가격변동/rate,,rate,Y,N,,,direct|rate_from_level,Y,Y,,,READY,ELIGIBLE,,,,,N
URL-1787508366671-3,URL-1787508366671-3-m2,URL-1787508366671,국제 유가 하락에 4월 생산자물가 전월보다 하락,2025-05-22,https://www.chosun.com/economy/economy_general/2025/05/23/EMZ6BBQZAND4DKNQF5RMMDSQEM/,"전월 대비 상승폭을 품목별로 보면 농산물(-5.8%), 석탄·석유제품(-2.6%)이 전체 생산자물가를 끌어내렸다.",전월 대비 생산자물가가 하락한 것은 지난해 10월(-0.1%) 이후 6개월만이다.,"반대로 축산물(4.8%), 음식료품(0.2%), 음식점 및 숙박(0.6%) 가격은 전월보다 상승했다.",국내공식통계,Y,물가,석탄·석유제품 가격 변동,"국제 유가, 생산자물가, 전월 대비, 품목별 상승폭, 농산물, 석탄·석유제품, 축산물, 음식료품, 음식점 및 숙박",-,,,석탄·석유제품,-,-,-,202504,-,M,확정,2.6%,KOSIS_VALUE,hcx,석탄·석유제품 가격 변동,석탄·석유제품,-,-,hcx,증감률,2.6,-,-,N,%,증감률,감소,전월,전월 대비 생산자물가가 하락한 것은 지난해 10월(-0.1%) 이후 6개월만이다.,high,Y,measurement_period_ungrounded:2,N,0,0,HCX-007,v1.7-relative-comparison-period,2026-08-23,,생산자물가,,,N,,2025-04,M,,,,,CHANGE_RATE_FROM_TEXT|MONTH_FROM_ARTICLE_TITLE_CONTEXT,%,%,rate,rate_change,item,202503,DERIVED_VALUE_REQUIRES_COMPUTATION,지표 수준값의 두 시점에서 기사 증감값을 계산해야 함: 금액 지표에 통화 단위가 아님: 석탄·석유제품가격변동/rate,,rate,Y,N,,,direct|rate_from_level,Y,Y,,,READY,ELIGIBLE,,,,,N
URL-1787508369501-2,URL-1787508369501-2-m1,URL-1787508369501,추경 재원 방안은 언급 안 해… 20조 국채 발행 불가피,2025-06-06,https://www.chosun.com/economy/economy_general/2025/06/07/FXMZGDYWSNCNNJ4NWD36UVOYQU/,"국내총생산(GDP) 대비 비율로 따지면 48.4%로, 지난해 47.4%보다 올라간다.",국가 채무액은 역대 최대 규모인 1280조8000억원까지 늘어난다.,이번 2차 추경 편성으로 20조원 가까이 나랏빚이 늘면 국가 채무는 올해 말 1300조원을 넘어설 것이란 예측이 나온다.,국내공식통계,N,재정·조세,GDP 대비 국가 채무 비율,"국가 채무액, GDP, 비율",-,,,,-,-,-,2024,-,Y,확정,48.4%,KOSIS_VALUE,hcx,GDP 대비 국가 채무 비율,-,2025,Y,hcx,증감률,48.4,-,-,N,%,증감률,-,전년,"국내총생산(GDP) 대비 비율로 따지면 48.4%로, 지난해 47.4%보다 올라간다.",high,N,-,N,0,0,HCX-007,v1.7-relative-comparison-period,2026-08-23,,GDP 대비 국가 채무 비율,,,N,,2024,Y,,,,2025,RELATIVE_YEAR_FROM_ARTICLE_DATE|CHANGE_RATE_FROM_TEXT,%,%,rate,rate_change,unspecified,2023,DERIVED_VALUE_REQUIRES_COMPUTATION,증감값은 직접 공표 ITEM 확인 또는 수준값 재계산 필요,,rate,Y,N,,,direct|rate_from_level,Y,Y,,,READY,ELIGIBLE,,,,,N
URL-1787508369501-2,URL-1787508369501-2-m2,URL-1787508369501,추경 재원 방안은 언급 안 해… 20조 국채 발행 불가피,2025-06-06,https://www.chosun.com/economy/economy_general/2025/06/07/FXMZGDYWSNCNNJ4NWD36UVOYQU/,"국내총생산(GDP) 대비 비율로 따지면 48.4%로, 지난해 47.4%보다 올라간다.",국가 채무액은 역대 최대 규모인 1280조8000억원까지 늘어난다.,이번 2차 추경 편성으로 20조원 가까이 나랏빚이 늘면 국가 채무는 올해 말 1300조원을 넘어설 것이란 예측이 나온다.,국내공식통계,N,재정·조세,GDP 대비 국가 채무 비율,"국가 채무액, GDP, 비율",-,,,,-,-,-,2024,-,Y,확정,47.4%,KOSIS_VALUE,hcx,GDP 대비 국가 채무 비율,-,2024,Y,hcx,증감률,47.4,-,-,N,%,증감률,증가,전년동기,"국내총생산(GDP) 대비 비율로 따지면 48.4%로, 지난해 47.4%보다 올라간다.",high,N,-,N,0,0,HCX-007,v1.7-relative-comparison-period,2026-08-23,,GDP 대비 국가 채무 비율,,,N,,2024,Y,,,,2024,RELATIVE_YEAR_FROM_ARTICLE_DATE|CHANGE_RATE_FROM_TEXT,%,%,rate,rate_change,unspecified,2023,DERIVED_VALUE_REQUIRES_COMPUTATION,증감값은 직접 공표 ITEM 확인 또는 수준값 재계산 필요,,rate,Y,N,,,direct|rate_from_level,Y,Y,,,READY,ELIGIBLE,,,,,N
URL-1787508372146-2,URL-1787508372146-2-m1,URL-1787508372146,국채 21조 더 찍기로… 나랏빚 연말 1300조 돌파,2025-07-04,https://www.chosun.com/economy/economy_general/2025/07/05/6TVJOFZRQBFSNDA5KTXKQ4PTHA/,정부는 31조8000억원 규모의 2차 추가경정예산(추경) 재원을 조달하기 위해 국채 21조1000억원을 추가로 발행하기로 했다.,"국채 21조 더 찍기로 나랏빚 연말 1300조 돌파 李정부 첫 추경안 통과 재정적자, GDP 대비 4.2%로 늘어",이로 인해 올 연말 국가 채무는 1300조원을 넘어설 것으로 전망된다.,국내공식통계,N,재정·조세,국채 발행 규모,"추가경정예산, 국채, 국가 채무",-,,,,-,-,-,202507,-,M,확정,31조8000억원,KOSIS_VALUE,hcx,국채 발행 규모,-,202507,M,hcx,현재값,31800000000000,-,-,N,원,수준값,-,전년,정부는 31조8000억원 규모의 2차 추가경정예산(추경) 재원을 조달하기 위해 국채 21조1000억원을 추가로 발행하기로 했다.,high,N,-,N,0,0,HCX-007,v1.7-relative-comparison-period,2026-08-23,direct,국채 발행 규모,,,N,,202507,M,,,,202507,,원,원,currency,amount,unspecified,,,,,currency,N,N,,,,Y,Y,,,READY,ELIGIBLE,,,,,N
URL-1787508372146-2,URL-1787508372146-2-m2,URL-1787508372146,국채 21조 더 찍기로… 나랏빚 연말 1300조 돌파,2025-07-04,https://www.chosun.com/economy/economy_general/2025/07/05/6TVJOFZRQBFSNDA5KTXKQ4PTHA/,정부는 31조8000억원 규모의 2차 추가경정예산(추경) 재원을 조달하기 위해 국채 21조1000억원을 추가로 발행하기로 했다.,"국채 21조 더 찍기로 나랏빚 연말 1300조 돌파 李정부 첫 추경안 통과 재정적자, GDP 대비 4.2%로 늘어",이로 인해 올 연말 국가 채무는 1300조원을 넘어설 것으로 전망된다.,국내공식통계,N,재정·조세,국채 발행 규모,"추가경정예산, 국채, 국가 채무",-,,,,-,-,-,202507,-,M,확정,21조1000억원,KOSIS_VALUE,hcx,국채 발행 규모,-,202507,M,hcx,현재값,21100000000000,-,-,N,원,수준값,-,전년,정부는 31조8000억원 규모의 2차 추가경정예산(추경) 재원을 조달하기 위해 국채 21조1000억원을 추가로 발행하기로 했다.,high,N,-,N,0,0,HCX-007,v1.7-relative-comparison-period,2026-08-23,direct,국채 발행 규모,,,N,,202507,M,,,,202507,,원,원,currency,amount,unspecified,,,,,currency,N,N,,,,Y,Y,,,READY,ELIGIBLE,,,,,N
URL-1787508386125-2,URL-1787508386125-2-m1,URL-1787508386125,BYD “모든 멕시코 주민의 첫 전기차” 내세우자… 멕시코 “전기차 독자 생산할 것”,2025-01-07,https://www.chosun.com/economy/auto/2025/01/07/TY2H22LT25BJRA73UP7YYS7WEU/,BYD는 작년에 2023년 대비 41.3% 증가한 427만대의 차량을 판매했다.,"2020년 뉴욕 증시에 상장한 미니소는 디즈니, 산리오, 포켓몬 등 100개가 넘는 글로벌 콘텐츠와 IP 계약을 체결하고 협업 상품을 내놓고 있다.",순수 전기차는 176만대에 달한다.,국내공식통계,N,생산·산업,차량 판매량 증가율,"BYD, 차량, 판매량, 증가",-,,,BYD,-,-,-,2024,-,Y,확정,41.3%,KOSIS_VALUE,hcx,차량 판매량 증가율,BYD,2023,Y,hcx,증감률,41.3,-,-,N,%,증감률,증가,전년,BYD는 작년에 2023년 대비 41.3% 증가한 427만대의 차량을 판매했다.,high,N,-,N,0,0,HCX-007,v1.7-relative-comparison-period,2026-08-23,,차량 판매량,BYD,,N,,2024,Y,,,,2023,RELATIVE_YEAR_FROM_ARTICLE_DATE|CHANGE_RATE_FROM_TEXT,%,%,rate,rate_change,vehicle,2023,DERIVED_VALUE_REQUIRES_COMPUTATION,증감값은 직접 공표 ITEM 확인 또는 수준값 재계산 필요,,rate,Y,N,,,direct|rate_from_level,Y,Y,,,READY,ELIGIBLE,,,,,N
URL-1787508386125-2,URL-1787508386125-2-m2,URL-1787508386125,BYD “모든 멕시코 주민의 첫 전기차” 내세우자… 멕시코 “전기차 독자 생산할 것”,2025-01-07,https://www.chosun.com/economy/auto/2025/01/07/TY2H22LT25BJRA73UP7YYS7WEU/,BYD는 작년에 2023년 대비 41.3% 증가한 427만대의 차량을 판매했다.,"2020년 뉴욕 증시에 상장한 미니소는 디즈니, 산리오, 포켓몬 등 100개가 넘는 글로벌 콘텐츠와 IP 계약을 체결하고 협업 상품을 내놓고 있다.",순수 전기차는 176만대에 달한다.,국내공식통계,N,생산·산업,차량 판매량,"BYD, 차량, 판매량, 증가",-,,,BYD,-,-,-,2024,-,Y,확정,427만대,KOSIS_VALUE,hcx,차량 판매량,BYD,2023,Y,hcx,현재값,4270000,-,-,N,대,수준값,증가,전년,BYD는 작년에 2023년 대비 41.3% 증가한 427만대의 차량을 판매했다.,high,N,-,N,0,0,HCX-007,v1.7-relative-comparison-period,2026-08-23,direct,차량 판매량,BYD,,N,,2024,Y,,,,2023,RELATIVE_YEAR_FROM_ARTICLE_DATE,대,대,count,count,vehicle,,,,,count,N,N,,,,Y,Y,,,READY,ELIGIBLE,,,,,N
URL-1787508386125-4,URL-1787508386125-4-m1,URL-1787508386125,BYD “모든 멕시코 주민의 첫 전기차” 내세우자… 멕시코 “전기차 독자 생산할 것”,2025-01-07,https://www.chosun.com/economy/auto/2025/01/07/TY2H22LT25BJRA73UP7YYS7WEU/,"올 1~9월 기준 중국 내수 판매량도 약 31만대로, 전기차 시장 7위에 올랐다.","벤츠, BMW, 테슬라 등 주요 브랜드보다 비싼 가격이다.",이런 실적 덕분에 올해 상반기 자동차사업부가 처음 흑자 전환했다.,국내공식통계,N,생산·산업,전기차 판매량,"전기차, 판매량, 중국 내수",-,,,전기차,-,-,-,202509,-,M,확정,31만대,KOSIS_VALUE,hcx,전기차 판매량,전기차,202501,H,hcx,현재값,310000,-,-,Y,대,수준값,증가,전년,"올 1~9월 기준 중국 내수 판매량도 약 31만대로, 전기차 시장 7위에 올랐다.",high,N,-,N,0,0,HCX-007,v1.7-relative-comparison-period,2026-08-23,direct,전기차 판매량,전기차,,N,,202501,H,202501,202509,sum,202501,,대,대,count,count,item,,,,,count,N,N,,,,Y,Y,,,READY,ELIGIBLE,,,,,N
URL-1787508390805-2,URL-1787508390805-2-m2,URL-1787508390805,"중국, 작년 선박 수주 세계 톱 10 중 7자리 차지...K조선은?",2025-01-26,https://www.chosun.com/economy/industry-company/2025/01/26/6N2OGDINMVCQJNEIGAZYWM234Q/,"작년 한국 수주는 1098만CGT(250척)로 2014년(1178만CGT)과 큰 차이가 없었지만, 점유율은 10년 새 29.7%에서 17%로 대폭 줄었다.",최근 조선업 호황으로 10년 전(3969만CGT) 대비 약 66% 늘었다.,반면 중국은 2014년 1531만CGT에서 작년 4645만CGT(1711척)로 대폭 수주가 늘어 점유율이 38%에서 70%로 늘었다.,국내공식통계,N,무역,한국의 선박 수주 점유율 변화,"선박 수주, 점유율, 한국, 중국",-,,,,-,-,-,2024,-,Y,확정,29.7%,KOSIS_VALUE,hcx,한국의 선박 수주 점유율 변화,-,2024,Y,hcx,증감률,29.7,-,-,N,%,증감률,감소,전년동기,"작년 한국 수주는 1098만CGT(250척)로 2014년(1178만CGT)과 큰 차이가 없었지만, 점유율은 10년 새 29.7%에서 17%로 대폭 줄었다.",high,N,-,Y,0,0,HCX-007,v1.7-relative-comparison-period,2026-08-23,direct,선박 수주량,,,N,,2024,Y,,,,2024,RELATIVE_YEAR_FROM_ARTICLE_DATE|CHANGE_RATE_FROM_TEXT,%,%,rate,rate_level,unspecified,,,,,rate,N,N,,,,Y,Y,,,READY,ELIGIBLE,,,,,N
URL-1787508390805-2,URL-1787508390805-2-m3,URL-1787508390805,"중국, 작년 선박 수주 세계 톱 10 중 7자리 차지...K조선은?",2025-01-26,https://www.chosun.com/economy/industry-company/2025/01/26/6N2OGDINMVCQJNEIGAZYWM234Q/,"작년 한국 수주는 1098만CGT(250척)로 2014년(1178만CGT)과 큰 차이가 없었지만, 점유율은 10년 새 29.7%에서 17%로 대폭 줄었다.",최근 조선업 호황으로 10년 전(3969만CGT) 대비 약 66% 늘었다.,반면 중국은 2014년 1531만CGT에서 작년 4645만CGT(1711척)로 대폭 수주가 늘어 점유율이 38%에서 70%로 늘었다.,국내공식통계,N,무역,한국의 선박 수주 점유율 변화,"선박 수주, 점유율, 한국, 중국",-,,,,-,-,-,2024,-,Y,확정,17%,KOSIS_VALUE,hcx,한국의 선박 수주 점유율 변화,-,2024,Y,hcx,증감률,17,-,-,N,%,증감률,감소,전년동기,"작년 한국 수주는 1098만CGT(250척)로 2014년(1178만CGT)과 큰 차이가 없었지만, 점유율은 10년 새 29.7%에서 17%로 대폭 줄었다.",high,N,-,Y,0,0,HCX-007,v1.7-relative-comparison-period,2026-08-23,,선박 수주량,,,N,,2024,Y,,,,2024,RELATIVE_YEAR_FROM_ARTICLE_DATE|CHANGE_RATE_FROM_TEXT,%,%,rate,rate_change,unspecified,2023,DERIVED_VALUE_REQUIRES_COMPUTATION,증감값은 직접 공표 ITEM 확인 또는 수준값 재계산 필요,,rate,Y,N,,,direct|rate_from_level,Y,Y,,,READY,ELIGIBLE,,,,,N
URL-1787508400521-1,URL-1787508400521-1-m1,URL-1787508400521,"픽업트럭 시장, 40년 만에 다시 경쟁 시대로",2025-02-22,https://www.chosun.com/economy/auto/2025/02/25/QM5HIV6RJFG2JDRPZYW4GIDGPQ/,"작년 벤츠는 전기차(BEV) 판매량(18.5만대)이 재작년 대비 23% 급감한 반면, 내연차를 포함한 전체 판매량(약 239만대)은 4% 감소에 불과했다.",최근 전기차 판매 부진으로 내연차의 중요성이 커진 데 따른 결정이다.,벤츠의 작년 영업이익은 136억유로(20조4000억원)로 2023년(197억유로) 대비 31% 안팎 급감했다.,국내공식통계,N,무역,전기차 판매량,"전기차, 내연차, 판매량, 벤츠",-,,,전기차,-,-,-,2024,-,Y,확정,18.5만대,KOSIS_VALUE,hcx,전기차 판매량,전기차,2024,Y,hcx,현재값,185000,-,-,N,대,수준값,감소,전년,"작년 벤츠는 전기차(BEV) 판매량(18.5만대)이 재작년 대비 23% 급감한 반면, 내연차를 포함한 전체 판매량(약 239만대)은 4% 감소에 불과했다.",high,N,-,N,0,0,HCX-007,v1.7-relative-comparison-period,2026-08-23,direct,판매량,"전기차, 내연차",,N,,2024,Y,,,,2024,RELATIVE_YEAR_FROM_ARTICLE_DATE,대,대,count,count,item,,,,,count,N,N,,,,Y,Y,,,READY,ELIGIBLE,,,,,N
URL-1787508400521-1,URL-1787508400521-1-m2,URL-1787508400521,"픽업트럭 시장, 40년 만에 다시 경쟁 시대로",2025-02-22,https://www.chosun.com/economy/auto/2025/02/25/QM5HIV6RJFG2JDRPZYW4GIDGPQ/,"작년 벤츠는 전기차(BEV) 판매량(18.5만대)이 재작년 대비 23% 급감한 반면, 내연차를 포함한 전체 판매량(약 239만대)은 4% 감소에 불과했다.",최근 전기차 판매 부진으로 내연차의 중요성이 커진 데 따른 결정이다.,벤츠의 작년 영업이익은 136억유로(20조4000억원)로 2023년(197억유로) 대비 31% 안팎 급감했다.,국내공식통계,N,무역,전기차 판매량 증가율,"전기차, 내연차, 판매량, 벤츠",-,,,전기차,-,-,-,2024,-,Y,확정,23%,KOSIS_VALUE,hcx,전기차 판매량 증가율,전기차,2024,Y,hcx,증감률,23,-,-,N,%,증감률,감소,전년,"작년 벤츠는 전기차(BEV) 판매량(18.5만대)이 재작년 대비 23% 급감한 반면, 내연차를 포함한 전체 판매량(약 239만대)은 4% 감소에 불과했다.",high,N,-,N,0,0,HCX-007,v1.7-relative-comparison-period,2026-08-23,,판매량,"전기차, 내연차",,N,,2024,Y,,,,2024,RELATIVE_YEAR_FROM_ARTICLE_DATE|CHANGE_RATE_FROM_TEXT,%,%,rate,rate_change,item,2023,DERIVED_VALUE_REQUIRES_COMPUTATION,증감값은 직접 공표 ITEM 확인 또는 수준값 재계산 필요,,rate,Y,N,,,direct|rate_from_level,Y,Y,,,READY,ELIGIBLE,,,,,N
URL-1787508400521-1,URL-1787508400521-1-m3,URL-1787508400521,"픽업트럭 시장, 40년 만에 다시 경쟁 시대로",2025-02-22,https://www.chosun.com/economy/auto/2025/02/25/QM5HIV6RJFG2JDRPZYW4GIDGPQ/,"작년 벤츠는 전기차(BEV) 판매량(18.5만대)이 재작년 대비 23% 급감한 반면, 내연차를 포함한 전체 판매량(약 239만대)은 4% 감소에 불과했다.",최근 전기차 판매 부진으로 내연차의 중요성이 커진 데 따른 결정이다.,벤츠의 작년 영업이익은 136억유로(20조4000억원)로 2023년(197억유로) 대비 31% 안팎 급감했다.,국내공식통계,N,무역,전체 판매량,"전기차, 내연차, 판매량, 벤츠",-,,,,-,-,-,2024,-,Y,확정,239만대,KOSIS_VALUE,hcx,전체 판매량,,2024,Y,hcx,현재값,2390000,-,-,Y,대,수준값,감소,전년,"작년 벤츠는 전기차(BEV) 판매량(18.5만대)이 재작년 대비 23% 급감한 반면, 내연차를 포함한 전체 판매량(약 239만대)은 4% 감소에 불과했다.",high,N,-,N,0,0,HCX-007,v1.7-relative-comparison-period,2026-08-23,direct,판매량,"전기차, 내연차",,Y,차량,2024,Y,,,,2024,RELATIVE_YEAR_FROM_ARTICLE_DATE,대,대,count,count,unspecified,,,,,count,N,N,,,,Y,Y,,,READY,ELIGIBLE,,,,,N
URL-1787508400521-1,URL-1787508400521-1-m4,URL-1787508400521,"픽업트럭 시장, 40년 만에 다시 경쟁 시대로",2025-02-22,https://www.chosun.com/economy/auto/2025/02/25/QM5HIV6RJFG2JDRPZYW4GIDGPQ/,"작년 벤츠는 전기차(BEV) 판매량(18.5만대)이 재작년 대비 23% 급감한 반면, 내연차를 포함한 전체 판매량(약 239만대)은 4% 감소에 불과했다.",최근 전기차 판매 부진으로 내연차의 중요성이 커진 데 따른 결정이다.,벤츠의 작년 영업이익은 136억유로(20조4000억원)로 2023년(197억유로) 대비 31% 안팎 급감했다.,국내공식통계,N,무역,전체 판매량 증가율,"전기차, 내연차, 판매량, 벤츠",-,,,,-,-,-,2024,-,Y,확정,4%,KOSIS_VALUE,hcx,전체 판매량 증가율,,2024,Y,hcx,증감률,4,-,-,N,%,증감률,감소,전년,"작년 벤츠는 전기차(BEV) 판매량(18.5만대)이 재작년 대비 23% 급감한 반면, 내연차를 포함한 전체 판매량(약 239만대)은 4% 감소에 불과했다.",high,N,-,N,0,0,HCX-007,v1.7-relative-comparison-period,2026-08-23,,판매량,"전기차, 내연차",,Y,차량,2024,Y,,,,2024,RELATIVE_YEAR_FROM_ARTICLE_DATE|CHANGE_RATE_FROM_TEXT,%,%,rate,rate_change,unspecified,2023,DERIVED_VALUE_REQUIRES_COMPUTATION,증감값은 직접 공표 ITEM 확인 또는 수준값 재계산 필요,,rate,Y,N,,,direct|rate_from_level,Y,Y,,,READY,ELIGIBLE,,,,,N
URL-1787508405174-2,URL-1787508405174-2-m1,URL-1787508405174,전기차 판매 부진 현대차… 울산 라인서 또 생산 중단,2025-05-20,https://www.chosun.com/economy/auto/2025/05/21/4QT2VXLGDZAUZMWTJ3ITZJ4U3I/,1일 산업통상자원부에 따르면 지난달 대미 수출은 작년보다 6.8% 감소한 106억3000만달러(약 15조2000억원)로 집계됐다.,◇대미 수출 -6.8%…1위 품목 자동차도 -16.6%,최대 교역국인 미국으로 수출은 지난 1월에 이어 올 들어 두 번째 마이너스를 기록했다.,국내공식통계,Y,무역,대미 수출 증가율,"미국, 수출, 관세, 자동차, 반도체, 일반기계",-,,,,-,-,미국,202504,-,M,확정,6.8%,KOSIS_VALUE,hcx,대미 수출 증가율,-,202504,M,hcx,증감률,6.8,-,-,N,%,증감률,감소,전년동월,1일 산업통상자원부에 따르면 지난달 대미 수출은 작년보다 6.8% 감소한 106억3000만달러(약 15조2000억원)로 집계됐다.,high,N,-,Y,0,0,HCX-007,v1.7-relative-comparison-period,2026-08-23,,대미 수출,,,N,,2025-04,M,,,,202504,CHANGE_RATE_FROM_TEXT|PREVIOUS_MONTH_FROM_ARTICLE_DATE,%,%,rate,rate_change,unspecified,202404,DERIVED_VALUE_REQUIRES_COMPUTATION,증감값은 직접 공표 ITEM 확인 또는 수준값 재계산 필요,,rate,Y,N,,,direct|rate_from_level,Y,Y,,,READY,ELIGIBLE,,,,,N
URL-1787508405174-2,URL-1787508405174-2-m2,URL-1787508405174,전기차 판매 부진 현대차… 울산 라인서 또 생산 중단,2025-05-20,https://www.chosun.com/economy/auto/2025/05/21/4QT2VXLGDZAUZMWTJ3ITZJ4U3I/,1일 산업통상자원부에 따르면 지난달 대미 수출은 작년보다 6.8% 감소한 106억3000만달러(약 15조2000억원)로 집계됐다.,◇대미 수출 -6.8%…1위 품목 자동차도 -16.6%,최대 교역국인 미국으로 수출은 지난 1월에 이어 올 들어 두 번째 마이너스를 기록했다.,국내공식통계,Y,무역,대미 수출액,"미국, 수출, 관세, 자동차, 반도체, 일반기계",-,,,,-,-,미국,202504,-,M,확정,106억3000만달러,KOSIS_VALUE,hcx,대미 수출액,-,202504,M,hcx,현재값,10630000000,-,-,N,달러,수준값,감소,전년동월,1일 산업통상자원부에 따르면 지난달 대미 수출은 작년보다 6.8% 감소한 106억3000만달러(약 15조2000억원)로 집계됐다.,high,N,-,Y,0,0,HCX-007,v1.7-relative-comparison-period,2026-08-23,direct,대미 수출,,,N,,2025-04,M,,,,202504,PREVIOUS_MONTH_FROM_ARTICLE_DATE,달러,달러,currency,amount,unspecified,,,,,currency,N,N,,,,Y,Y,,,READY,ELIGIBLE,,,,,N
URL-1787508407866-1,URL-1787508407866-1-m1,URL-1787508407866,美 금리 안 내린대도… 각국 “경기 방어 우선” 속속 인하,2025-02-18,https://www.chosun.com/economy/economy_general/2025/02/19/EG54RI24PVA6PPINNPFJCXTYMM/,"뉴질랜드는 지난해 2~3분기 연속 성장률이 마이너스(-)를 기록했고, 4분기 실업률은 5%를 넘는 등 성장이 둔화하고 실업률이 오르고 있기 때문이다.",19일에는 뉴질랜드도 0.5%포인트 금리 인하를 단행할 가능성이 높은 것으로 시장은 보고 있다.,"◇한은, 성장률 전망 더 내릴 듯",국내공식통계,N,고용,실업률,"뉴질랜드, 실업률, 성장률",-,,,,-,-,-,202404,-,Q,확정,5%,KOSIS_VALUE,hcx,실업률,-,2024Q4,Q,hcx,현재값,5,-,-,N,%,수준값,유지,전분기,"뉴질랜드는 지난해 2~3분기 연속 성장률이 마이너스(-)를 기록했고, 4분기 실업률은 5%를 넘는 등 성장이 둔화하고 실업률이 오르고 있기 때문이다.",high,N,-,N,0,0,HCX-007,v1.7-relative-comparison-period,2026-08-23,direct,실업률,,,N,,202404,Q,,,,2024Q4,RELATIVE_QUARTER_FROM_ARTICLE_DATE,%,%,rate,rate_level,unspecified,,,,,rate,N,N,,,,Y,Y,,,READY,ELIGIBLE,,,,,N
URL-1787508407866-3,URL-1787508407866-3-m1,URL-1787508407866,美 금리 안 내린대도… 각국 “경기 방어 우선” 속속 인하,2025-02-18,https://www.chosun.com/economy/economy_general/2025/02/19/EG54RI24PVA6PPINNPFJCXTYMM/,"이날 일본 내각부가 발표한 2024년 4분기(10~12월) 실질 국내총생산(GDP, 물가 변동을 제외한 경제 성장률)은 전기 대비 연율 환산 2.8% 성장했다.",채권 시장은 이날 나온 일본 경제의 견조한 성장 신호에 민감하게 반응했다.,시장 예상치(1% 증가)를 크게 웃도는 수치였다.,국내공식통계,N,생산·산업,성장률,"GDP, 성장률",-,,,,-,-,-,202404,-,Q,확정,전기 대비 연율 환산 2.8%,KOSIS_VALUE,hcx,성장률,-,2024Q4,Q,hcx,현재값,2.8,-,-,N,%,증감률,증가,전년동기,"이날 일본 내각부가 발표한 2024년 4분기(10~12월) 실질 국내총생산(GDP, 물가 변동을 제외한 경제 성장률)은 전기 대비 연율 환산 2.8% 성장했다.",high,N,-,N,0,0,HCX-007,v1.7-relative-comparison-period,2026-08-23,,실질 GDP 성장률,,,N,,2024Q4,Q,,,,2024Q4,,%,%,rate,rate_change,unspecified,202304,DERIVED_VALUE_REQUIRES_COMPUTATION,증감값은 직접 공표 ITEM 확인 또는 수준값 재계산 필요,,rate,Y,N,,,direct|rate_from_level,Y,Y,,,READY,ELIGIBLE,,,,,N
URL-1787508407866-4,URL-1787508407866-4-m1,URL-1787508407866,美 금리 안 내린대도… 각국 “경기 방어 우선” 속속 인하,2025-02-18,https://www.chosun.com/economy/economy_general/2025/02/19/EG54RI24PVA6PPINNPFJCXTYMM/,16일 금융권에 따르면 지난 10일 기준 KB국민·신한·하나·우리·NH농협 등 5대 시중은행의 달러 예금 잔액은 약 637억800만 달러로 집계됐다.,외화 예금은 고환율 시대 비교적 안정적으로 달러를 모아갈 수 있는 방법으로 꼽힌다.,전달 633억8900만달러에 비해 3억1900만달러가량 늘어난 것이다.,국내공식통계,Y,금융·금리,은행 수,"달러 예금, 시중은행, KB국민은행, 신한은행, 하나은행, 우리은행, NH농협은행",-,,,,-,-,-,202502,-,M,확정,5대,KOSIS_VALUE,hcx,은행 수,-,202502,M,hcx,현재값,5,-,-,N,대,수준값,-,전월,16일 금융권에 따르면 지난 10일 기준 KB국민·신한·하나·우리·NH농협 등 5대 시중은행의 달러 예금 잔액은 약 637억800만 달러로 집계됐다. 전달 633억8900만달러에 비해 3억1900만달러가량 늘어난 것이다.,high,N,-,Y,0,0,HCX-007,v1.7-relative-comparison-period,2026-08-23,direct,달러 예금 잔액,,,N,,202502,M,,,,202502,,대,대,count,count,unspecified,,,,,count,N,N,,,,Y,Y,,,READY,ELIGIBLE,,,,,N
URL-1787508407866-4,URL-1787508407866-4-m2,URL-1787508407866,美 금리 안 내린대도… 각국 “경기 방어 우선” 속속 인하,2025-02-18,https://www.chosun.com/economy/economy_general/2025/02/19/EG54RI24PVA6PPINNPFJCXTYMM/,16일 금융권에 따르면 지난 10일 기준 KB국민·신한·하나·우리·NH농협 등 5대 시중은행의 달러 예금 잔액은 약 637억800만 달러로 집계됐다.,외화 예금은 고환율 시대 비교적 안정적으로 달러를 모아갈 수 있는 방법으로 꼽힌다.,전달 633억8900만달러에 비해 3억1900만달러가량 늘어난 것이다.,국내공식통계,Y,금융·금리,달러 예금 잔액,"달러 예금, 시중은행, KB국민은행, 신한은행, 하나은행, 우리은행, NH농협은행",-,,,,-,-,-,202502,-,M,확정,약 637억800만 달러,KOSIS_VALUE,hcx,달러 예금 잔액,-,202502,M,hcx,현재값,63708000000,-,-,Y,달러,수준값,-,전월,16일 금융권에 따르면 지난 10일 기준 KB국민·신한·하나·우리·NH농협 등 5대 시중은행의 달러 예금 잔액은 약 637억800만 달러로 집계됐다. 전달 633억8900만달러에 비해 3억1900만달러가량 늘어난 것이다.,high,N,-,Y,0,0,HCX-007,v1.7-relative-comparison-period,2026-08-23,direct,달러 예금 잔액,,,N,,202502,M,,,,202502,,달러,달러,currency,amount,unspecified,,,,,currency,N,N,,,,Y,Y,,,READY,ELIGIBLE,,,,,N
URL-1787508413489-3,URL-1787508413489-3-m1,URL-1787508413489,사상 첫 ‘4분기 연속 0.1% 이하 성장’ 쇼크 오나,2025-04-20,https://www.chosun.com/economy/economy_general/2025/04/21/IJL2AD4SB5ETLABUQTFBKVHC7I/,"정부는 최근 12조2000억원 규모의 필수 추경을 편성했지만, 이는 산불 등 재해재난 대응이나 통상 경쟁력 강화 등에 초점이 맞춰져 소비 진작에는 턱없이 부족하다는 것이다.","전문가들은 굳어져 가는 저성장 고리를 끊기 위해선 늦었지만 구조 개혁에 적극적으로 나서는 한편 보다 큰 규모의 추경 편성, 금리 인하 등 경기 대책도 서둘러야 한다고 지적한다.",주원 현대경제연구원 경제전망실장은 “내수 침체 속 미국 관세 부과의 영향이 대선 이후 우리 경제에 본격 적용될 것을 감안하면 대선 이후 추경이 불가피할 것”이라며 “0%대 후반 등의 성장률을 가정하면 이번을 포함해 30조원 정도의 추경이 더 필요하다고 본다”고 했다.,국내공식통계,N,재정·조세,추경 규모,"추경, 필수 추경, 산불, 통상 경쟁력 강화, 소비 진작",-,,,,-,-,-,202504,-,M,확정,12조2000억원,KOSIS_VALUE,hcx,추경 규모,-,202504,M,hcx,현재값,12200000000000,-,-,N,원,수준값,-,전년,"정부는 최근 12조2000억원 규모의 필수 추경을 편성했지만, 이는 산불 등 재해재난 대응이나 통상 경쟁력 강화 등에 초점이 맞춰져 소비 진작에는 턱없이 부족하다는 것이다.",high,N,-,N,0,0,HCX-007,v1.7-relative-comparison-period,2026-08-23,direct,추가경정예산,,,N,,202504,M,,,,202504,,원,원,currency,amount,unspecified,,,,,currency,N,N,,,,Y,Y,,,READY,ELIGIBLE,,,,,N
URL-1787508416134-2,URL-1787508416134-2-m1,URL-1787508416134,中 저가 공세 몸살… 급증하는 무역조사,2025-01-29,https://www.chosun.com/economy/industry-company/2025/01/29/CM2GRQXEAZCLRCTGVEVFGUDERE/,"29일 산업통상자원부 무역위원회에 따르면 지난해 국내 반덤핑 조사 신청은 10건으로, 이 가운데 중국산을 포함한 제소가 8건이었다.",중국산 제품이 시장에 쏟아지면서 국내 기업이 공장 문을 닫는 등 어려움을 겪자 규제 당국에 피해를 호소하는 일이 늘어난 것이다.,2014년(전체 10건 중 중국 8건) 이후 가장 많은 건수다.,국내공식통계,N,무역,반덤핑 조사 신청 건수,"무역위원회, 반덤핑, 중국산 제품",-,,,,-,-,-,2024,-,Y,확정,지난해 국내 반덤핑 조사 신청은 10건,KOSIS_VALUE,hcx,반덤핑 조사 신청 건수,-,2024,Y,hcx,현재값,10,-,-,N,건,수준값,-,전년,"29일 산업통상자원부 무역위원회에 따르면 지난해 국내 반덤핑 조사 신청은 10건으로, 이 가운데 중국산을 포함한 제소가 8건이었다.",high,N,-,N,0,0,HCX-007,v1.7-relative-comparison-period,2026-08-23,direct,반덤핑 조사 신청 건수,,,N,,2024,Y,,,,2024,RELATIVE_YEAR_FROM_ARTICLE_DATE,건,건,count,count,unspecified,,,,,count,N,N,,,,Y,Y,,,READY,ELIGIBLE,,,,,N
URL-1787508416134-2,URL-1787508416134-2-m2,URL-1787508416134,中 저가 공세 몸살… 급증하는 무역조사,2025-01-29,https://www.chosun.com/economy/industry-company/2025/01/29/CM2GRQXEAZCLRCTGVEVFGUDERE/,"29일 산업통상자원부 무역위원회에 따르면 지난해 국내 반덤핑 조사 신청은 10건으로, 이 가운데 중국산을 포함한 제소가 8건이었다.",중국산 제품이 시장에 쏟아지면서 국내 기업이 공장 문을 닫는 등 어려움을 겪자 규제 당국에 피해를 호소하는 일이 늘어난 것이다.,2014년(전체 10건 중 중국 8건) 이후 가장 많은 건수다.,국내공식통계,N,무역,중국산 제품의 반덤핑 조사 신청 건수,"무역위원회, 반덤핑, 중국산 제품",-,,,,-,-,-,2024,-,Y,확정,중국산을 포함한 제소가 8건,KOSIS_VALUE,hcx,중국산 제품의 반덤핑 조사 신청 건수,-,2024,Y,hcx,현재값,8,-,-,N,건,수준값,-,전년,"29일 산업통상자원부 무역위원회에 따르면 지난해 국내 반덤핑 조사 신청은 10건으로, 이 가운데 중국산을 포함한 제소가 8건이었다.",high,N,-,N,0,0,HCX-007,v1.7-relative-comparison-period,2026-08-23,direct,반덤핑 조사 신청 건수,,,N,,2024,Y,,,,2024,RELATIVE_YEAR_FROM_ARTICLE_DATE,건,건,count,count,unspecified,,,,,count,N,N,,,,Y,Y,,,READY,ELIGIBLE,,,,,N
