"org_id","tbl_id","tbl_name"
"401","DT_401001_005","사업체 수"
"395","DT_395N_I2021268","디지털 신기술별 중요도: 로봇공학"
"401","DT_401001_001","로봇산업 매출 현황"
"401","DT_401N_012","로봇산업 부문별 지적재산권 현황"
"401","DT_373002_003","로봇산업 설비 투자 계획"
"401","DT_401N_016","로봇산업 설비 투자액"
"401","DT_401N_015","로봇산업 설비투자 현황"
"401","DT_401N_01701","로봇산업 연구개발 실적"
"145","DT_145013_035","의료용 마약류 연간 수출실적"
"113","DT_113_STBL_1027295","광고산업 : 수출 및 수입액 현황(연도별)"
"127","DT_AAA0001_S10502","연도별 기술무역 추이"
"145","DT_145013_034","의료용 마약류 연간 수입실적"
"127","TX_10506_A097","핵종별 연도별 밀봉 RI 이용량(수입+생산)추이"
"127","TX_10506_A096","핵종별 연도별 주요 비밀봉 RI사용(수입+생산)량 추이"
"183","DT_127001_2025A006","연도별 수출입현황"
"183","DT_127001_2025B009","연도별 수출입 현황 (기업체)"
"145","DT_145_2012_H005","품목별(중량기준, 상위 20개) 수입신고 현황"
"434","DT_434_STBL_1028692","게임기기 품목별 수출입 실적"
"434","DT_434_STBL_1028682","공예품 품목별 수출입 실적"
"434","DT_434_STBL_1028678","레저용품 품목별 수출입 실적"
"434","DT_434_STBL_1028690","미술용품 품목별 수출입 실적"
"301","DT_401Y017","수입물가지수(품목별)"
"301","DT_402Y016","수출물가지수(품목별)"
"142","DT_12029","주요 수출 국가(1+2+3순위, 상위 6위)"
"115","DT_14217M_254","주요수출 국가 1+2+3+4+5순위(상위 14개)"
"145","DT_145009_033","완제의약품 수출액 상위 10개 품목 현황(수출실적 보고의무자)-연도별"
"145","DT_145009_012","완제의약품 수출액 상위 10개 품목 현황-연도별"
"145","DT_145009_018","완제의약품·원료의약품 수출액 상위 10개국 현황"
"145","DT_145009_034","원료의약품 수출액 상위 10개 품목 현황(수출실적 보고의무자)-연도별"
"145","DT_145009_013","원료의약품 수출액 상위 10개 품목 현황-연도별"
"339","DT_F_Y160","에너지 수입액"
"115","TX_115_2009_H1180","당해연도 신규 기술료 수입액(기술이전 거래 유형별)"
"115","TX_115_2009_H1177","당해연도 신규 기술이전 계약체결 기술료 수입액"
"115","DT_115040_23","연간 총 수입액"
"145","DT_145014_013","위생용품 생산·수출·수입액 무역수지, 시장규모"
"145","DT_14508_007","의료기기 생산·수출·수입액, 무역수지, 시장규모"
"301","DT_304Y107","지식재산권 무역수지(유형별)"
"434","DT_434_STBL_1028676","스포츠용품 품목별 수출입 실적"
"134","DT_13405_004","품목별 FTA 수입활용률"
"134","DT_13405_003","품목별 FTA 수출활용률"
"134","DT_134006_N012","품목별 고성장·가젤기업 수출현황"
"101","DT_1FP1116B","임가공품목별 사업체수 및 수입액(10명 이상, 2023년)"
"101","DT_1FP1022B","임가공품목별 사업체수 및 수입액(10인 이상, 2022년)"
"463","DT_FS463001_A056","자동차튜닝 관련 해외수출액"
"115","DT_115042_25_045","자동차 부품 수출계획 관련 애로사항"
"101","DT_1F02012","품목별 광공업 생산·출하·재고·내수·수출량"
"101","DT_1FP1021B","임가공품목별 사업체수 및 수입액(10인 이상, 2021년)"
"145","TX_145_2009_H1026","가공식품 국가 및 품목별(중량순)"
"145","TX_145_2009_H1028","식품첨가물 국가 및 품목별(중량순)"
"145","TX_145_2009_H1025","농·임산물 국가 및 품목별(중량순)"
"145","DT_145_2012_H011","원산지별 검사실적(수산물)"
"145","DT_145_2012_H012","원산지별 품종별 검사실적(수산물)"
"145","DT_145_2012_H013","품종별 원산지별 검사실적(수산물)"
"145","DT_145_2012_H004","품목군별 수입신고 현황"
"145","DT_145011_A002","화장품 수입업체 현황"
"434","DT_434_STBL_1028697","월별 수출실적"
"434","DT_434001_C301","월별 수출입 실적"
"127","DT_092_115_2009_S024","IT산업별/월별 수입 현황"
"434","DT_434_STBL_1028698","월별 수입실적"
"142","DT_SD23B002","2022년 월세 총 수입"
"313","TX_31301_A343","영업소별 월별 통행료 수입액"
"110","TX_11007_B617","월별 지방수입(지방세·세외수입)총괄표"
"115","DT_115_2012_CC080","경기도･산업별(중분류) 퇴사인력, 구인 및 채용인력(미충원인력 등)"
"115","DT_115_2012_CC086","강원특별자치도･산업별(중분류) 퇴사인력, 구인 및 채용인력(미충원인력 등)"
"115","DT_115_2012_CC122","경상남도･산업별(중분류) 퇴사인력, 구인 및 채용인력(미충원인력 등)"
"115","DT_115_2012_CC116","경상북도･산업별(중분류) 퇴사인력, 구인 및 채용인력(미충원인력 등)"
"115","DT_115_2012_CC062","광주광역시･산업별(중분류) 퇴사인력, 구인 및 채용인력(미충원인력 등)"
"115","DT_115_2012_CC050","대구광역시･산업별(중분류) 퇴사인력, 구인 및 채용인력(미충원인력 등)"
"115","DT_115_2012_CC068","대전광역시･산업별(중분류) 퇴사인력, 구인 및 채용인력(미충원인력 등)"
"115","DT_115_2012_CC044","부산광역시･산업별(중분류) 퇴사인력, 구인 및 채용인력(미충원인력 등)"
"115","DT_115_2012_CC002","산업별(중분류) 퇴사인력, 구인 및 채용인력(미충원인력 등)"
"115","DT_115_2012_CC134","산업별(중분류)･규모별 퇴사인력, 구인 및 채용인원(미충원인력 등)"
"111","DT_111014_A073","외국인 고용 영향력_생산비용"
"111","DT_111014_B104","외국인 고용 영향력_생산비용"
"111","DT_111014_C081","2년 전 대비 고용 규모 변화_외국인"
"111","DT_111014_C006","고용 외국인 체류자격(중복 응답)"
"111","DT_111014_A019","고용 외국인 체류자격(중복응답)"
"111","DT_111014_B020","고용 외국인 체류자격(중복응답)"
"111","DT_111014_C093","사설 인력소개소를 통해 외국인 고용한 이유(1+2+3순위)"
"111","DT_111014_C094","사설 인력소개소를 통해 외국인 고용한 이유(1순위)"
"111","DT_111014_C097","알선료 지급하고 고용한 외국인 고용 기간"
"138","TX_13801_A171","외국인의 등록건수표"
"434","DT_434_STBL_1028684","악기 품목별 수출입 실적"
"434","DT_434_STBL_1028694","영화・사진 품목별 수출입 실적"
"434","DT_434_STBL_1028680","예술품 품목별 수출입 실적"
"127","DT_ICT92002_03A","ICT수출액(소프트웨어)"
"127","DT_ICT92002_03A_1","ICT수출액(소프트웨어)"
"127","DT_ICT92002_03","ICT수출액(정보통신방송기기)"
"395","DT_395N_S2022268","디지털 신기술별 중요도: 로봇공학"
"113","DT_113_STBL_1020844","남북통일에 대한 남북체육교류의 영향력 연도별 비교"
"336","DT_336003N_AI_002","연도별 AI 도입 누적 현황"
"395","DT_395N_S2020288","코로나19 관련 정부지원이 혁신활동/성과에 미친 영향 중요도: 조세 지원"
"395","DT_395N_I2019267","코로나19관련 정부지원이 회사의 혁신활동 및 성과에 미친 영향: 조세 지원"
"395","DT_395N_S2023216","기후변화가 기업 활동에 미친 영향 유무: 기상이변의 영향"
"395","DT_395N_S2022216","기후변화가 기업 활동에 미친 영향 유무: 기상이변의 영향"
"395","DT_395N_S2023214","기후변화가 기업 활동에 미친 영향 유무: 기후변화 완화 또는 적응에 도움이 되는 상품"
"395","DT_395N_S2022214","기후변화가 기업 활동에 미친 영향 유무: 기후변화 완화 또는 적응에 도움이 되는 상품"
"395","DT_395N_S2023215","기후변화가 기업 활동에 미친 영향 유무: 기후변화에 따른 비용 또는 투입 요소 가격 증가"
"395","DT_395N_S2022215","기후변화가 기업 활동에 미친 영향 유무: 기후변화에 따른 비용 또는 투입 요소 가격 증가"
"101","DT_1K41017","음식점포함 소매판매액지수(2020=100.0)"
"101","DT_1K41012","재별 및 상품군별 소매판매액지수(2020=100.0)"
"101","DT_1K41016","광역경제권 대형소매점 판매액지수(2020=100.0)"
"101","DT_1K41013","소매업태별 판매액지수(2020=100.0)"
"101","DT_1K41014","업태별상품군 판매액지수(2020=100.0)"
"101","DT_1K41018","시도별 소매판매액지수(2020=100)"
"101","DT_1K41005","17개 시도별 대형소매점 판매액"
"101","DT_1K41015","17개 시도별 대형소매점 판매액지수(2020=100.0)"
"301","DT_404Y014","생산자물가지수(기본분류)"
"301","DT_404Y015","생산자물가지수(특수분류)"
"301","DT_404Y016","생산자물가지수(품목별)"
"101","DT_1J22017","연쇄방식 소비자물가지수(2020=100)"
"389","DT_389003_A028","간접고용인력 중 직접고용인력 전환율"
"408","DT_40801_N4206_06","상권별 소규모 상가 전환율"
"408","DT_40801_N4206_05","상권별 소규모 상가 전환율"
"408","DT_40801_N4206_04","상권별 소규모 상가 전환율"
"408","DT_40801_N4206_03","상권별 소규모 상가 전환율"
"408","DT_40801_N4206_02","상권별 소규모 상가 전환율"
"408","DT_40801_N4206_01","상권별 소규모 상가 전환율"
"101","DT_2KI2048","[자동차판매,소매,음식주점]산업세세분류별 배달(택배) 판매여부 현황"
"101","DT_2KI2038","[도소매]산업세세분류별/매출액규모별/상품판매유형별 구성비"
"101","DT_1KI1535","[도소매]산업세세분류별/매출액규모별/상품판매유형별 구성비"
"101","DT_2KI2037","[도소매]산업세세분류별/매출액규모별/상품판매처별 구성비"
"142","DT_C11428","업종 · 근로자수별 국내수준 대비 주력 제품(서비스)의 기술력 수준 평가"
"114","DT_114053_040_2019_01","가공식품 품목별 구입 시 우선 확인하는 사항(곡물가공품)"
"114","DT_114053_041_01","최근 1년간 가공식품 품목별 구입경험 및 구입 변화(곡물가공품)"
"101","DT_1J22001","지출목적별 소비자물가지수(품목포함, 2020=100)"
"101","DT_1J22112","품목별 소비자물가지수(품목성질별: 2020=100)"
"101","DT_1J22002","품목성질별 소비자물가지수(2020=100)"
"114","DT_114053_094","장바구니 물가에 가장 큰 영향을 미치는 품목 인식"
"101","DT_1J22010","특수분류 소비자물가지수(2020=100)"
"133","DT_133N_8610","8.6.9 중소기업의 업태별 신고 법인수Ⅰ(지역,법인종류,사업연도,조정구분)[2013~]"
"344","DT_344002_001","상장기업의 부가가치 분석"
"133","DT_133N_812","8.1.2 법인세 신고 현황Ⅱ(법인종류,사업연도,개업일,상장·비상장,영리·비영리,법인규모,조정구분)[2007~]"
"395","DT_395N_S2023293","기업의 운영 상황: 상장여부"
"395","DT_395N_S2022293","기업의 운영 상황: 상장여부"
"395","DT_395N_I2021293","기업의 운영 상황: 상장여부"
"395","DT_395N_S2020301","기업의 운영 상황: 상장여부"
"395","DT_395N_I2019275","기업의 운영 상황: 상장여부"
"348","TX_34801_A013","매매결제 현황 ; 유가증권시장 상장증권 결제"
