claim_id,claim_measurement_id,claim_text,date,indicator,measurement_indicator,metric_domain,industry_or_item,measurement_item,value,unit,raw_unit,canonical_unit,unit_dimension,semantic_type,entity_type,value_type,measurement_role,measurement_usage,period,measurement_period,prd_se,measurement_prd_se,change_base,comparison_period,mapping_type,region,age_group,gender,origin_country,destination_country,unit_compatibility_reason,org_id,tbl_id,tbl_name,category_path,coordinate_id,candidate_rank,candidate_status,candidate_score,candidate_runner_up_score,table_rank,selected_itm_id,selected_itm_name,selected_itm_unit,retrieval_stage,dense_rank,dense_score,lexical_rank,lexical_score,fusion_score,reranker_score,final_rank_score,prd_se_match,coordinate_prd_se,selected_obj_l1,selected_obj_l1_name,selected_obj_l1_axis_id,selected_obj_l2,selected_obj_l2_name,selected_obj_l2_axis_id,selected_obj_l3,selected_obj_l3_name,selected_obj_l3_axis_id,selected_obj_l4,selected_obj_l4_name,selected_obj_l4_axis_id,selected_obj_l5,selected_obj_l5_name,selected_obj_l5_axis_id,selected_obj_l6,selected_obj_l6_name,selected_obj_l6_axis_id,selected_obj_l7,selected_obj_l7_name,selected_obj_l7_axis_id,selected_obj_l8,selected_obj_l8_name,selected_obj_l8_axis_id,candidate_itm_ids,candidate_obj_combinations,attempted_combination_count,api_valid_combination_count,api_error_count,empty_response_count,mapping_status,mapping_confidence,mapping_reason,selected_combination,item_meta_valid,obj_meta_valid,response_code_valid,unit_valid,period_valid,default_reason,default_risk,semantic_gate_valid,semantic_gate_reason,semantic_gate_details,candidate_count,ready_path,claim_value_numeric,kosis_obj_l1,kosis_obj_l1_name,kosis_itm_id,kosis_itm_name,kosis_unit,kosis_prd_se,kosis_period_used,kosis_previous_period_used,kosis_actual_raw,kosis_actual_value,kosis_rows_used,value_diff,default_applied,kosis_lst_chn_de,verdict,verdict_code,verdict_stage,verdict_reason
A0006-SP382DCE21AF,A0006-SP382DCE21AF-m1,한국의 2024년 수출이 6838억 달러를 기록해 역대 최대실적을 달성했다고 1일 산업통상자원부가 밝혔다.,2025-01-01,수출액,수출액,무역,,-,683800000000,달러,달러,달러,currency,amount,unspecified,수준값,현재값,KOSIS_VALUE,2024,2024,Y,Y,전년,,direct,-,-,-,-,-,,360,DT_1R11006_FRM101,"국가별 수출액, 수입액",SITC에의한무역통계,360:DT_1R11006_FRM101:4c18150b474551b5,1,TABLE_ONLY,636,622,1,13103103829T1,수출액,천달러,chroma_hybrid_v1,6,0.6364647150039673,1,0.18956043956043955,0.031544957774465976,0.5817784070968628,0.5817784070968628,True,Y,13102103829E.00,계,13101103829E,,,,,,,,,,,,,,,,,,,,,,"[""13103103829T1""]","[{""itm_id"": ""13103103829T1"", ""itm_name"": ""수출액"", ""semantic_score"": 2.0, ""default_fields"": [], ""default_reason"": """", ""default_risk"": ""NONE"", ""objL1"": ""13102103829E.00"", ""objL1_name"": ""계"", ""item_meta_valid"": true, ""obj_meta_valid"": true, ""invalid_obj_codes"": [], ""metadata_valid"": true, ""response_code_valid"": true, ""matching_rows"": [{""TBL_ID"": ""DT_1R11006_FRM101"", ""ORG_ID"": ""360"", ""ITM_NM_ENG"": ""The amount of export"", ""PRD_SE"": ""A"", ""ITM_NM"": ""수출액"", ""LST_CHN_DE"": ""2025-05-16"", ""ITM_ID"": ""13103103829T1"", ""UNIT_NM"": ""천달러"", ""C1"": ""13102103829E.00"", ""DT"": ""683609488"", ""UNIT_NM_ENG"": ""Thousand dollars"", ""C1_OBJ_NM_ENG"": ""country"", ""C1_NM"": ""계"", ""PRD_DE"": ""2024"", ""C1_NM_ENG"": ""Total"", ""TBL_NM"": ""국가별 수출액 수입액"", ""C1_OBJ_NM"": ""국가별""}], ""response_row_count"": 1, ""unit_valid"": true, ""period_valid"": true, ""unit_unknown"": false, ""available_periods"": [""2024""], ""missing_periods"": [], ""validation_reason"": """"}]",1,1,0,0,READY,2.0,validated candidate,"{""itm_id"": ""13103103829T1"", ""itm_name"": ""수출액"", ""semantic_score"": 2.0, ""default_fields"": [], ""default_reason"": """", ""default_risk"": ""NONE"", ""objL1"": ""13102103829E.00"", ""objL1_name"": ""계"", ""item_meta_valid"": true, ""obj_meta_valid"": true, ""invalid_obj_codes"": [], ""metadata_valid"": true, ""response_code_valid"": true, ""matching_rows"": [{""TBL_ID"": ""DT_1R11006_FRM101"", ""ORG_ID"": ""360"", ""ITM_NM_ENG"": ""The amount of export"", ""PRD_SE"": ""A"", ""ITM_NM"": ""수출액"", ""LST_CHN_DE"": ""2025-05-16"", ""ITM_ID"": ""13103103829T1"", ""UNIT_NM"": ""천달러"", ""C1"": ""13102103829E.00"", ""DT"": ""683609488"", ""UNIT_NM_ENG"": ""Thousand dollars"", ""C1_OBJ_NM_ENG"": ""country"", ""C1_NM"": ""계"", ""PRD_DE"": ""2024"", ""C1_NM_ENG"": ""Total"", ""TBL_NM"": ""국가별 수출액 수입액"", ""C1_OBJ_NM"": ""국가별""}], ""response_row_count"": 1, ""unit_valid"": true, ""period_valid"": true, ""unit_unknown"": false, ""available_periods"": [""2024""], ""missing_periods"": [], ""validation_reason"": """", ""api_valid"": true, ""ranking_score"": 2.0, ""final_confidence"": 2.0}",True,True,True,True,True,,NONE,True,,,1,DOWNSTREAM_VALIDATED,683800000000.0,13102103829E.00,계,13103103829T1,수출액,천달러,Y,2024,,683609488.0,683609488000.0,1,-190512000.0,N,,일치,MATCH,comparison,"차이=1.90512e+08, 차이율=0.0279% / item=수출액[13103103829T1] from selected_itm_id / objL1=계[13102103829E.00] axis=13101103829E / aggregation=sum / 단위 환산계수=1000: KOSIS=천달러 → claim=달러"
A0006-SP454B0C203E,A0006-SP454B0C203E-m3,"이에 따라 2024년 1~9월 기준(WTO)으로 전 세계 수출순위도 2023년 8위에서 두 단계 상승한 6위를 달성했으며, 상위 10대 수출국 중 가장 높은 수출증가율(+9.6%)을 기록했다.",2025-01-01,수출증가율,수출증가율,무역,,-,9.6,%,%,%,rate,rate_change,unspecified,증감률,증감률,KOSIS_VALUE,2024,2024,Y,Y,전년,2023,rate_from_level,-,-,-,-,-,KOSIS 수준값에서 증감률 계산 필요,360,DT_1R11001_FRM101,"품목별 수출액, 수입액",SITC에의한무역통계,360:DT_1R11001_FRM101:88ab6f72eb11a8a9,1,TABLE_ONLY,650,640,1,13103112831T1,수출액,천달러,chroma_hybrid_v1,17,0.6625450849533081,17,0.08571428571428572,0.025974025974025976,0.17023193836212158,0.17023193836212158,True,Y,13102112831A.A,총액,13101112831A,,,,,,,,,,,,,,,,,,,,,,"[""13103112831T1""]","[{""itm_id"": ""13103112831T1"", ""itm_name"": ""수출액"", ""semantic_score"": 2.0, ""default_fields"": [], ""default_reason"": """", ""default_risk"": ""NONE"", ""objL1"": ""13102112831A.A"", ""objL1_name"": ""총액"", ""item_meta_valid"": true, ""obj_meta_valid"": true, ""invalid_obj_codes"": [], ""metadata_valid"": true, ""response_code_valid"": true, ""matching_rows"": [{""TBL_ID"": ""DT_1R11001_FRM101"", ""ORG_ID"": ""360"", ""ITM_NM_ENG"": ""The amount of export"", ""PRD_SE"": ""A"", ""ITM_NM"": ""수출액"", ""LST_CHN_DE"": """", ""ITM_ID"": ""13103112831T1"", ""UNIT_NM"": ""천달러"", ""C1"": ""13102112831A.A"", ""DT"": ""632225824"", ""UNIT_NM_ENG"": ""Thousand Dollar"", ""C1_OBJ_NM_ENG"": ""By SKTC"", ""C1_NM"": ""총액"", ""PRD_DE"": ""2023"", ""TBL_NM"": ""품목별 수출액 수입액"", ""C1_OBJ_NM"": ""품목별""}, {""TBL_ID"": ""DT_1R11001_FRM101"", ""ORG_ID"": ""360"", ""ITM_NM_ENG"": ""The amount of export"", ""PRD_SE"": ""A"", ""ITM_NM"": ""수출액"", ""LST_CHN_DE"": ""2025-05-16"", ""ITM_ID"": ""13103112831T1"", ""UNIT_NM"": ""천달러"", ""C1"": ""13102112831A.A"", ""DT"": ""683609488"", ""UNIT_NM_ENG"": ""Thousand Dollar"", ""C1_OBJ_NM_ENG"": ""By SKTC"", ""C1_NM"": ""총액"", ""PRD_DE"": ""2024"", ""TBL_NM"": ""품목별 수출액 수입액"", ""C1_OBJ_NM"": ""품목별""}], ""response_row_count"": 2, ""unit_valid"": true, ""period_valid"": true, ""unit_unknown"": false, ""available_periods"": [""2023"", ""2024""], ""missing_periods"": [], ""validation_reason"": """"}]",1,1,0,0,READY,2.0,validated candidate,"{""itm_id"": ""13103112831T1"", ""itm_name"": ""수출액"", ""semantic_score"": 2.0, ""default_fields"": [], ""default_reason"": """", ""default_risk"": ""NONE"", ""objL1"": ""13102112831A.A"", ""objL1_name"": ""총액"", ""item_meta_valid"": true, ""obj_meta_valid"": true, ""invalid_obj_codes"": [], ""metadata_valid"": true, ""response_code_valid"": true, ""matching_rows"": [{""TBL_ID"": ""DT_1R11001_FRM101"", ""ORG_ID"": ""360"", ""ITM_NM_ENG"": ""The amount of export"", ""PRD_SE"": ""A"", ""ITM_NM"": ""수출액"", ""LST_CHN_DE"": """", ""ITM_ID"": ""13103112831T1"", ""UNIT_NM"": ""천달러"", ""C1"": ""13102112831A.A"", ""DT"": ""632225824"", ""UNIT_NM_ENG"": ""Thousand Dollar"", ""C1_OBJ_NM_ENG"": ""By SKTC"", ""C1_NM"": ""총액"", ""PRD_DE"": ""2023"", ""TBL_NM"": ""품목별 수출액 수입액"", ""C1_OBJ_NM"": ""품목별""}, {""TBL_ID"": ""DT_1R11001_FRM101"", ""ORG_ID"": ""360"", ""ITM_NM_ENG"": ""The amount of export"", ""PRD_SE"": ""A"", ""ITM_NM"": ""수출액"", ""LST_CHN_DE"": ""2025-05-16"", ""ITM_ID"": ""13103112831T1"", ""UNIT_NM"": ""천달러"", ""C1"": ""13102112831A.A"", ""DT"": ""683609488"", ""UNIT_NM_ENG"": ""Thousand Dollar"", ""C1_OBJ_NM_ENG"": ""By SKTC"", ""C1_NM"": ""총액"", ""PRD_DE"": ""2024"", ""TBL_NM"": ""품목별 수출액 수입액"", ""C1_OBJ_NM"": ""품목별""}], ""response_row_count"": 2, ""unit_valid"": true, ""period_valid"": true, ""unit_unknown"": false, ""available_periods"": [""2023"", ""2024""], ""missing_periods"": [], ""validation_reason"": """", ""api_valid"": true, ""ranking_score"": 2.0, ""final_confidence"": 2.0}",True,True,True,True,True,,NONE,True,,,1,DOWNSTREAM_VALIDATED,9.6,13102112831A.A,총액,13103112831T1,수출액,천달러,Y,2024,2023,8.127422520469521,8.127422520469521,2,-1.4725774795304787,N,20250516,판정보류,REVISION_VINTAGE_RISK,comparison,"차이=1.47258, 차이율=15.3% (KOSIS 개정일 20250516 > 기사일 20250101: 기사 당시 공표치가 이후 개정되었을 수 있어 보류) / item=수출액[13103112831T1] from selected_itm_id / objL1=총액[13102112831A.A] axis=13101112831A / 수준값에서 증감률 계산; aggregation=latest / 수준값 증감률 계산에서는 단위 배율 상쇄"
A0006-SPBCB2234D20,A0006-SPBCB2234D20-m1,2024년에는 에너지 수입이 감소하면서 전체 수입이 전년 대비 1.6% 감소한 덕에 무역수지가 개선됐다.,2025-01-01,전체 수입 증감률,전체 수입 증감률,무역,,-,1.6,%,%,%,rate,rate_change,unspecified,증감률,증감률,KOSIS_VALUE,2024,2024,Y,Y,전년,2023,rate_from_level,-,-,-,-,-,KOSIS 수준값에서 증감률 계산 필요,360,DT_1R11001_FRM101,"품목별 수출액, 수입액",SITC에의한무역통계,360:DT_1R11001_FRM101:ff7235aaee228266,1,TABLE_ONLY,456,441,1,13103112831T2,수입액,천달러,chroma_hybrid_v1,4,0.6498653292655945,,,0.015625,0.07490526884794235,0.07490526884794235,True,Y,13102112831A.A,총액,13101112831A,,,,,,,,,,,,,,,,,,,,,,"[""13103112831T2""]","[{""itm_id"": ""13103112831T2"", ""itm_name"": ""수입액"", ""semantic_score"": 2.0, ""default_fields"": [], ""default_reason"": """", ""default_risk"": ""NONE"", ""objL1"": ""13102112831A.A"", ""objL1_name"": ""총액"", ""item_meta_valid"": true, ""obj_meta_valid"": true, ""invalid_obj_codes"": [], ""metadata_valid"": true, ""response_code_valid"": true, ""matching_rows"": [{""TBL_ID"": ""DT_1R11001_FRM101"", ""ORG_ID"": ""360"", ""ITM_NM_ENG"": ""The amount of import"", ""PRD_SE"": ""A"", ""ITM_NM"": ""수입액"", ""LST_CHN_DE"": """", ""ITM_ID"": ""13103112831T2"", ""UNIT_NM"": ""천달러"", ""C1"": ""13102112831A.A"", ""DT"": ""642572126"", ""UNIT_NM_ENG"": ""Thousand Dollar"", ""C1_OBJ_NM_ENG"": ""By SKTC"", ""C1_NM"": ""총액"", ""PRD_DE"": ""2023"", ""TBL_NM"": ""품목별 수출액 수입액"", ""C1_OBJ_NM"": ""품목별""}, {""TBL_ID"": ""DT_1R11001_FRM101"", ""ORG_ID"": ""360"", ""ITM_NM_ENG"": ""The amount of import"", ""PRD_SE"": ""A"", ""ITM_NM"": ""수입액"", ""LST_CHN_DE"": ""2025-05-16"", ""ITM_ID"": ""13103112831T2"", ""UNIT_NM"": ""천달러"", ""C1"": ""13102112831A.A"", ""DT"": ""631767209"", ""UNIT_NM_ENG"": ""Thousand Dollar"", ""C1_OBJ_NM_ENG"": ""By SKTC"", ""C1_NM"": ""총액"", ""PRD_DE"": ""2024"", ""TBL_NM"": ""품목별 수출액 수입액"", ""C1_OBJ_NM"": ""품목별""}], ""response_row_count"": 2, ""unit_valid"": true, ""period_valid"": true, ""unit_unknown"": false, ""available_periods"": [""2023"", ""2024""], ""missing_periods"": [], ""validation_reason"": """"}]",1,1,0,0,READY,2.0,validated candidate,"{""itm_id"": ""13103112831T2"", ""itm_name"": ""수입액"", ""semantic_score"": 2.0, ""default_fields"": [], ""default_reason"": """", ""default_risk"": ""NONE"", ""objL1"": ""13102112831A.A"", ""objL1_name"": ""총액"", ""item_meta_valid"": true, ""obj_meta_valid"": true, ""invalid_obj_codes"": [], ""metadata_valid"": true, ""response_code_valid"": true, ""matching_rows"": [{""TBL_ID"": ""DT_1R11001_FRM101"", ""ORG_ID"": ""360"", ""ITM_NM_ENG"": ""The amount of import"", ""PRD_SE"": ""A"", ""ITM_NM"": ""수입액"", ""LST_CHN_DE"": """", ""ITM_ID"": ""13103112831T2"", ""UNIT_NM"": ""천달러"", ""C1"": ""13102112831A.A"", ""DT"": ""642572126"", ""UNIT_NM_ENG"": ""Thousand Dollar"", ""C1_OBJ_NM_ENG"": ""By SKTC"", ""C1_NM"": ""총액"", ""PRD_DE"": ""2023"", ""TBL_NM"": ""품목별 수출액 수입액"", ""C1_OBJ_NM"": ""품목별""}, {""TBL_ID"": ""DT_1R11001_FRM101"", ""ORG_ID"": ""360"", ""ITM_NM_ENG"": ""The amount of import"", ""PRD_SE"": ""A"", ""ITM_NM"": ""수입액"", ""LST_CHN_DE"": ""2025-05-16"", ""ITM_ID"": ""13103112831T2"", ""UNIT_NM"": ""천달러"", ""C1"": ""13102112831A.A"", ""DT"": ""631767209"", ""UNIT_NM_ENG"": ""Thousand Dollar"", ""C1_OBJ_NM_ENG"": ""By SKTC"", ""C1_NM"": ""총액"", ""PRD_DE"": ""2024"", ""TBL_NM"": ""품목별 수출액 수입액"", ""C1_OBJ_NM"": ""품목별""}], ""response_row_count"": 2, ""unit_valid"": true, ""period_valid"": true, ""unit_unknown"": false, ""available_periods"": [""2023"", ""2024""], ""missing_periods"": [], ""validation_reason"": """", ""api_valid"": true, ""ranking_score"": 2.0, ""final_confidence"": 2.0}",True,True,True,True,True,,NONE,True,,,1,DOWNSTREAM_VALIDATED,1.6,13102112831A.A,총액,13103112831T2,수입액,천달러,Y,2024,2023,-1.6815103803615659,-1.6815103803615659,2,-0.08151038036156577,N,20250516,판정보류,REVISION_VINTAGE_RISK,comparison,"차이=0.0815104, 차이율=5.09% (방향부호 적용: claim=-1.6) (KOSIS 개정일 20250516 > 기사일 20250101: 기사 당시 공표치가 이후 개정되었을 수 있어 보류) / item=수입액[13103112831T2] from selected_itm_id / objL1=총액[13102112831A.A] axis=13101112831A / 수준값에서 증감률 계산; aggregation=latest / 수준값 증감률 계산에서는 단위 배율 상쇄"
A0006-SP9282109973,A0006-SP9282109973-m2,"◇반도체, 자동차가 이끌고 바이오, 농수산, 화장품 등도 고르게 증가 품목별로는 최대 수출품목인 반도체가 43.9% 증가한 1419억 달러를 기록, 2023년 11월 이후 14개월 연속 증가 흐름을 이어가면서 기존 최대 실적인 2022년 1292억 달러를 2년 만에 경신했다.",2025-01-01,반도체 수출액,반도체 수출액,무역,반도체,반도체,141900000000,달러,달러,달러,currency,amount,vehicle,수준값,현재값,KOSIS_VALUE,2024,2024,Y,Y,전년,,direct,-,-,-,-,-,,127,DT_127005_005,수출 및 수입액,ICT실태조사,127:DT_127005_005:306b73b19c9c5ebc,1,TABLE_ONLY,639,629,1,T001,수출액,백만US$,chroma_hybrid_v1,,,1,0.2306122448979592,0.01639344262295082,0.25963789224624634,0.25963789224624634,True,Y,A020101,반도체,A,,,,,,,,,,,,,,,,,,,,,,"[""T001""]","[{""itm_id"": ""T001"", ""itm_name"": ""수출액"", ""semantic_score"": 2.0, ""default_fields"": [], ""default_reason"": """", ""default_risk"": ""NONE"", ""objL1"": ""A020101"", ""objL1_name"": ""반도체"", ""item_meta_valid"": true, ""obj_meta_valid"": true, ""invalid_obj_codes"": [], ""metadata_valid"": true, ""response_code_valid"": true, ""matching_rows"": [{""TBL_ID"": ""DT_127005_005"", ""ORG_ID"": ""127"", ""PRD_SE"": ""A"", ""ITM_NM"": ""수출액"", ""LST_CHN_DE"": ""2026-06-12"", ""ITM_ID"": ""T001"", ""UNIT_NM"": ""백만US$"", ""C1"": ""A020101"", ""DT"": ""142086"", ""UNIT_NM_ENG"": ""million US$"", ""C1_NM"": ""반도체"", ""PRD_DE"": ""2024"", ""TBL_NM"": ""수출 및 수입액"", ""C1_OBJ_NM"": ""ICT산업별""}], ""response_row_count"": 1, ""unit_valid"": true, ""period_valid"": true, ""unit_unknown"": false, ""available_periods"": [""2024""], ""missing_periods"": [], ""validation_reason"": """"}]",1,1,0,0,READY,2.0,validated candidate,"{""itm_id"": ""T001"", ""itm_name"": ""수출액"", ""semantic_score"": 2.0, ""default_fields"": [], ""default_reason"": """", ""default_risk"": ""NONE"", ""objL1"": ""A020101"", ""objL1_name"": ""반도체"", ""item_meta_valid"": true, ""obj_meta_valid"": true, ""invalid_obj_codes"": [], ""metadata_valid"": true, ""response_code_valid"": true, ""matching_rows"": [{""TBL_ID"": ""DT_127005_005"", ""ORG_ID"": ""127"", ""PRD_SE"": ""A"", ""ITM_NM"": ""수출액"", ""LST_CHN_DE"": ""2026-06-12"", ""ITM_ID"": ""T001"", ""UNIT_NM"": ""백만US$"", ""C1"": ""A020101"", ""DT"": ""142086"", ""UNIT_NM_ENG"": ""million US$"", ""C1_NM"": ""반도체"", ""PRD_DE"": ""2024"", ""TBL_NM"": ""수출 및 수입액"", ""C1_OBJ_NM"": ""ICT산업별""}], ""response_row_count"": 1, ""unit_valid"": true, ""period_valid"": true, ""unit_unknown"": false, ""available_periods"": [""2024""], ""missing_periods"": [], ""validation_reason"": """", ""api_valid"": true, ""ranking_score"": 2.0, ""final_confidence"": 2.0}",True,True,True,True,True,,NONE,True,,,1,DOWNSTREAM_VALIDATED,141900000000.0,A020101,반도체,T001,수출액,백만US$,Y,2024,,142086.0,142086000000.0,1,186000000.0,N,,일치,MATCH,comparison,"차이=1.86e+08, 차이율=0.131% / item=수출액[T001] from selected_itm_id / objL1=반도체[A020101] axis=A / aggregation=sum / 단위 환산계수=1e+06: KOSIS=백만US$ → claim=달러"
A0006-SP270B11DBD0,A0006-SP270B11DBD0-m2,12월 수출도 한국의 최대 수출 품목인 반도체가 31.5% 증가한 145억 달러를 기록하며 호실적을 이끌었다.,2025-01-01,수출액,수출액,무역,반도체,반도체,14500000000,달러,달러,달러,currency,amount,item,수준값,현재값,KOSIS_VALUE,202412,202412,M,M,전년동월,,direct,-,-,-,-,-,,360,DT_1R11001_FRM101,"품목별 수출액, 수입액",SITC에의한무역통계,360:DT_1R11001_FRM101:7adb8bc8489b7111,1,TABLE_ONLY,623,585,1,13103112831T1,수출액,천달러,chroma_hybrid_v1,1,0.6835397481918335,1,0.22334558823529413,0.03278688524590164,0.4723944067955017,0.4723944067955017,False,Y,13102112831A.77637,감광성 반도체 디바이스 및 발광다이오드,13101112831A,,,,,,,,,,,,,,,,,,,,,,"[""13103112831T1""]","[{""itm_id"": ""13103112831T1"", ""itm_name"": ""수출액"", ""semantic_score"": 2.0, ""default_fields"": [], ""default_reason"": """", ""default_risk"": ""NONE"", ""objL1"": ""13102112831A.77637"", ""objL1_name"": ""감광성 반도체 디바이스 및 발광다이오드"", ""item_meta_valid"": true, ""obj_meta_valid"": true, ""invalid_obj_codes"": [], ""metadata_valid"": true, ""response_code_valid"": true, ""matching_rows"": [{""TBL_ID"": ""DT_1R11001_FRM101"", ""ORG_ID"": ""360"", ""ITM_NM_ENG"": ""The amount of export"", ""PRD_SE"": ""M"", ""ITM_NM"": ""수출액"", ""LST_CHN_DE"": ""2025-05-16"", ""ITM_ID"": ""13103112831T1"", ""UNIT_NM"": ""천달러"", ""C1"": ""13102112831A.77637"", ""DT"": ""136282"", ""UNIT_NM_ENG"": ""Thousand Dollar"", ""C1_OBJ_NM_ENG"": ""By SKTC"", ""C1_NM"": ""감광성 반도체 디바이스 및 발광다이오드 "", ""PRD_DE"": ""202412"", ""TBL_NM"": ""품목별 수출액 수입액"", ""C1_OBJ_NM"": ""품목별""}], ""response_row_count"": 1, ""unit_valid"": true, ""period_valid"": true, ""unit_unknown"": false, ""available_periods"": [""202412""], ""missing_periods"": [], ""validation_reason"": """"}]",1,1,0,0,READY,2.0,validated candidate,"{""itm_id"": ""13103112831T1"", ""itm_name"": ""수출액"", ""semantic_score"": 2.0, ""default_fields"": [], ""default_reason"": """", ""default_risk"": ""NONE"", ""objL1"": ""13102112831A.77637"", ""objL1_name"": ""감광성 반도체 디바이스 및 발광다이오드"", ""item_meta_valid"": true, ""obj_meta_valid"": true, ""invalid_obj_codes"": [], ""metadata_valid"": true, ""response_code_valid"": true, ""matching_rows"": [{""TBL_ID"": ""DT_1R11001_FRM101"", ""ORG_ID"": ""360"", ""ITM_NM_ENG"": ""The amount of export"", ""PRD_SE"": ""M"", ""ITM_NM"": ""수출액"", ""LST_CHN_DE"": ""2025-05-16"", ""ITM_ID"": ""13103112831T1"", ""UNIT_NM"": ""천달러"", ""C1"": ""13102112831A.77637"", ""DT"": ""136282"", ""UNIT_NM_ENG"": ""Thousand Dollar"", ""C1_OBJ_NM_ENG"": ""By SKTC"", ""C1_NM"": ""감광성 반도체 디바이스 및 발광다이오드 "", ""PRD_DE"": ""202412"", ""TBL_NM"": ""품목별 수출액 수입액"", ""C1_OBJ_NM"": ""품목별""}], ""response_row_count"": 1, ""unit_valid"": true, ""period_valid"": true, ""unit_unknown"": false, ""available_periods"": [""202412""], ""missing_periods"": [], ""validation_reason"": """", ""api_valid"": true, ""ranking_score"": 2.0, ""final_confidence"": 2.0}",True,True,True,True,True,,NONE,True,,,1,DOWNSTREAM_VALIDATED,14500000000.0,13102112831A.77637,감광성 반도체 디바이스 및 발광다이오드,13103112831T1,수출액,천달러,M,202412,,136282.0,136282000.0,1,-14363718000.0,N,,판단불가,OBJ_CODE_REVIEW_REQUIRED,metadata,반도체 claim인데 세부 품목 코드(objL1=감광성 반도체 디바이스 및 발광다이오드[13102112831A.77637] axis=13101112831A)가 좁게 잡혀 수동 확인 필요 / item=수출액[13103112831T1] from selected_itm_id / objL1=감광성 반도체 디바이스 및 발광다이오드[13102112831A.77637] axis=13101112831A / aggregation=sum / 단위 환산계수=1000: KOSIS=천달러 → claim=달러
A0018-SP32C9008706,A0018-SP32C9008706-m1,작년 한 해 전체 수출액이 6838억달러(약 1006조원)로 2023년에 비해 8.2% 증가했다고 산업통상자원부와 관세청이 1일 밝혔다.,2025-01-02,총수출액,총수출액,무역,,,683800000000,달러,달러,달러,currency,amount,item,수준값,현재값,KOSIS_VALUE,2024,2024,Y,Y,전년,,direct,-,-,-,-,-,,360,DT_1R11001_FRM101,"품목별 수출액, 수입액",SITC에의한무역통계,360:DT_1R11001_FRM101:88ab6f72eb11a8a9,1,ALTERNATE,382,,3,13103112831T1,수출액,천달러,chroma_hybrid_v1,3,0.7044385075569153,,,0.015873015873015872,0.5749915242195129,0.5749915242195129,True,Y,13102112831A.A,총액,13101112831A,,,,,,,,,,,,,,,,,,,,,,"[""13103112831T1""]","[{""itm_id"": ""13103112831T1"", ""itm_name"": ""수출액"", ""semantic_score"": 2.0, ""default_fields"": [], ""default_reason"": """", ""default_risk"": ""NONE"", ""objL1"": ""13102112831A.A"", ""objL1_name"": ""총액"", ""item_meta_valid"": true, ""obj_meta_valid"": true, ""invalid_obj_codes"": [], ""metadata_valid"": true, ""response_code_valid"": true, ""matching_rows"": [{""TBL_ID"": ""DT_1R11001_FRM101"", ""ORG_ID"": ""360"", ""ITM_NM_ENG"": ""The amount of export"", ""PRD_SE"": ""A"", ""ITM_NM"": ""수출액"", ""LST_CHN_DE"": ""2025-05-16"", ""ITM_ID"": ""13103112831T1"", ""UNIT_NM"": ""천달러"", ""C1"": ""13102112831A.A"", ""DT"": ""683609488"", ""UNIT_NM_ENG"": ""Thousand Dollar"", ""C1_OBJ_NM_ENG"": ""By SKTC"", ""C1_NM"": ""총액"", ""PRD_DE"": ""2024"", ""TBL_NM"": ""품목별 수출액 수입액"", ""C1_OBJ_NM"": ""품목별""}], ""response_row_count"": 1, ""unit_valid"": true, ""period_valid"": true, ""unit_unknown"": false, ""available_periods"": [""2024""], ""missing_periods"": [], ""validation_reason"": """"}]",1,1,0,0,READY,2.0,validated candidate,"{""itm_id"": ""13103112831T1"", ""itm_name"": ""수출액"", ""semantic_score"": 2.0, ""default_fields"": [], ""default_reason"": """", ""default_risk"": ""NONE"", ""objL1"": ""13102112831A.A"", ""objL1_name"": ""총액"", ""item_meta_valid"": true, ""obj_meta_valid"": true, ""invalid_obj_codes"": [], ""metadata_valid"": true, ""response_code_valid"": true, ""matching_rows"": [{""TBL_ID"": ""DT_1R11001_FRM101"", ""ORG_ID"": ""360"", ""ITM_NM_ENG"": ""The amount of export"", ""PRD_SE"": ""A"", ""ITM_NM"": ""수출액"", ""LST_CHN_DE"": ""2025-05-16"", ""ITM_ID"": ""13103112831T1"", ""UNIT_NM"": ""천달러"", ""C1"": ""13102112831A.A"", ""DT"": ""683609488"", ""UNIT_NM_ENG"": ""Thousand Dollar"", ""C1_OBJ_NM_ENG"": ""By SKTC"", ""C1_NM"": ""총액"", ""PRD_DE"": ""2024"", ""TBL_NM"": ""품목별 수출액 수입액"", ""C1_OBJ_NM"": ""품목별""}], ""response_row_count"": 1, ""unit_valid"": true, ""period_valid"": true, ""unit_unknown"": false, ""available_periods"": [""2024""], ""missing_periods"": [], ""validation_reason"": """", ""api_valid"": true, ""ranking_score"": 2.0, ""final_confidence"": 2.0}",True,True,True,True,True,,NONE,True,,,1,DOWNSTREAM_VALIDATED,683800000000.0,13102112831A.A,총액,13103112831T1,수출액,천달러,Y,2024,,683609488.0,683609488000.0,1,-190512000.0,N,,일치,MATCH,comparison,"차이=1.90512e+08, 차이율=0.0279% / item=수출액[13103112831T1] from selected_itm_id / objL1=총액[13102112831A.A] axis=13101112831A / aggregation=sum / 단위 환산계수=1000: KOSIS=천달러 → claim=달러"
A0018-SP32C9008706,A0018-SP32C9008706-m3,작년 한 해 전체 수출액이 6838억달러(약 1006조원)로 2023년에 비해 8.2% 증가했다고 산업통상자원부와 관세청이 1일 밝혔다.,2025-01-02,총수출액 증감률,총수출액 증감률,무역,,,8.2,%,%,%,rate,rate_change,item,증감률,증감률,KOSIS_VALUE,2024,2023,Y,Y,전년,2023,rate_from_level,-,-,-,-,-,KOSIS 수준값에서 증감률 계산 필요,115,DT_115040_21,연간 총 수출액,탄소소재·부품산업통계조사,115:DT_115040_21:a46cb587415b9ad3,1,TABLE_ONLY,589,382,1,T003,사례수,개,chroma_hybrid_v1,43,0.6742459535598755,1,0.14957264957264957,0.02610218048702849,0.3039383590221405,0.3039383590221405,False,M,00,전체,00,0,합계,D2,,,,,,,,,,,,,,,,,,,"[""T003""]","[{""itm_id"": ""T003"", ""itm_name"": ""사례수"", ""semantic_score"": 3.0, ""default_fields"": [], ""default_reason"": """", ""default_risk"": ""NONE"", ""objL1"": ""00"", ""objL1_name"": ""전체"", ""objL2"": ""0"", ""objL2_name"": ""합계"", ""item_meta_valid"": true, ""obj_meta_valid"": true, ""invalid_obj_codes"": [], ""metadata_valid"": true, ""response_code_valid"": true, ""matching_rows"": [{""TBL_ID"": ""DT_115040_21"", ""ORG_ID"": ""115"", ""C2_NM"": ""합계"", ""PRD_SE"": ""A"", ""ITM_NM"": ""사례수"", ""LST_CHN_DE"": ""2025-04-25"", ""ITM_ID"": ""T003"", ""UNIT_NM"": ""개"", ""C1"": ""00"", ""C2"": ""0"", ""C2_OBJ_NM"": ""2023년 연간 총 매출액"", ""DT"": ""581"", ""UNIT_NM_ENG"": ""Each                          "", ""C1_NM"": ""전체"", ""PRD_DE"": ""2023"", ""TBL_NM"": ""연간 총 수출액"", ""C1_OBJ_NM"": ""탄소소재부품산업""}, {""TBL_ID"": ""DT_115040_21"", ""ORG_ID"": ""115"", ""C2_NM"": ""합계"", ""PRD_SE"": ""A"", ""ITM_NM"": ""사례수"", ""LST_CHN_DE"": ""2026-03-24"", ""ITM_ID"": ""T003"", ""UNIT_NM"": ""개"", ""C1"": ""00"", ""C2"": ""0"", ""C2_OBJ_NM"": ""2023년 연간 총 매출액"", ""DT"": ""661"", ""UNIT_NM_ENG"": ""Each                          "", ""C1_NM"": ""전체"", ""PRD_DE"": ""2024"", ""TBL_NM"": ""연간 총 수출액"", ""C1_OBJ_NM"": ""탄소소재부품산업""}], ""response_row_count"": 2, ""unit_valid"": true, ""period_valid"": true, ""unit_unknown"": false, ""available_periods"": [""2023"", ""2024""], ""missing_periods"": [], ""validation_reason"": """"}]",1,1,0,0,READY,3.0,validated candidate,"{""itm_id"": ""T003"", ""itm_name"": ""사례수"", ""semantic_score"": 3.0, ""default_fields"": [], ""default_reason"": """", ""default_risk"": ""NONE"", ""objL1"": ""00"", ""objL1_name"": ""전체"", ""objL2"": ""0"", ""objL2_name"": ""합계"", ""item_meta_valid"": true, ""obj_meta_valid"": true, ""invalid_obj_codes"": [], ""metadata_valid"": true, ""response_code_valid"": true, ""matching_rows"": [{""TBL_ID"": ""DT_115040_21"", ""ORG_ID"": ""115"", ""C2_NM"": ""합계"", ""PRD_SE"": ""A"", ""ITM_NM"": ""사례수"", ""LST_CHN_DE"": ""2025-04-25"", ""ITM_ID"": ""T003"", ""UNIT_NM"": ""개"", ""C1"": ""00"", ""C2"": ""0"", ""C2_OBJ_NM"": ""2023년 연간 총 매출액"", ""DT"": ""581"", ""UNIT_NM_ENG"": ""Each                          "", ""C1_NM"": ""전체"", ""PRD_DE"": ""2023"", ""TBL_NM"": ""연간 총 수출액"", ""C1_OBJ_NM"": ""탄소소재부품산업""}, {""TBL_ID"": ""DT_115040_21"", ""ORG_ID"": ""115"", ""C2_NM"": ""합계"", ""PRD_SE"": ""A"", ""ITM_NM"": ""사례수"", ""LST_CHN_DE"": ""2026-03-24"", ""ITM_ID"": ""T003"", ""UNIT_NM"": ""개"", ""C1"": ""00"", ""C2"": ""0"", ""C2_OBJ_NM"": ""2023년 연간 총 매출액"", ""DT"": ""661"", ""UNIT_NM_ENG"": ""Each                          "", ""C1_NM"": ""전체"", ""PRD_DE"": ""2024"", ""TBL_NM"": ""연간 총 수출액"", ""C1_OBJ_NM"": ""탄소소재부품산업""}], ""response_row_count"": 2, ""unit_valid"": true, ""period_valid"": true, ""unit_unknown"": false, ""available_periods"": [""2023"", ""2024""], ""missing_periods"": [], ""validation_reason"": """", ""api_valid"": true, ""ranking_score"": 3.0, ""final_confidence"": 3.0}",True,True,True,True,True,,NONE,True,,,1,DOWNSTREAM_VALIDATED,8.2,,,,,,,,,,,,,N,,판단불가,NO_COMPATIBLE_ITEM,metadata,단위/지표 의미가 맞는 ITEM 후보 없음
A0018-SPBAED6BB4CA,A0018-SPBAED6BB4CA-m2,기존 역대 최대 규모였던 2022년 기록(6836억달러)을 2억달러 웃돌아 역대 최대 수출 실적을 달성했다.,2025-01-02,총 수출액 증감,총 수출액 증감,무역,,,200000000,달러,달러,달러,currency,absolute_change,item,증감량,증감값,KOSIS_VALUE,2022,2022,Y,Y,전년동기,2021,difference_from_level,-,-,-,-,-,KOSIS 수준값에서 증감량 계산 필요,127,DT_127005_005,수출 및 수입액,ICT실태조사,127:DT_127005_005:c4091dd8c1ba41d3,1,ALTERNATE,386,,2,T001,수출액,백만US$,chroma_hybrid_v1,,,1,0.2517241379310345,0.01639344262295082,0.09947021305561066,0.09947021305561066,True,Y,A01,합계,A,,,,,,,,,,,,,,,,,,,,,,"[""T001""]","[{""itm_id"": ""T001"", ""itm_name"": ""수출액"", ""semantic_score"": 2.0, ""default_fields"": [], ""default_reason"": """", ""default_risk"": ""NONE"", ""objL1"": ""A01"", ""objL1_name"": ""합계"", ""item_meta_valid"": true, ""obj_meta_valid"": true, ""invalid_obj_codes"": [], ""metadata_valid"": true, ""response_code_valid"": true, ""matching_rows"": [{""TBL_ID"": ""DT_127005_005"", ""ORG_ID"": ""127"", ""PRD_SE"": ""A"", ""ITM_NM"": ""수출액"", ""LST_CHN_DE"": ""2023-06-27"", ""ITM_ID"": ""T001"", ""UNIT_NM"": ""백만US$"", ""C1"": ""A01"", ""DT"": ""246095"", ""UNIT_NM_ENG"": ""million US$"", ""C1_NM"": ""합계"", ""PRD_DE"": ""2021"", ""TBL_NM"": ""수출 및 수입액"", ""C1_OBJ_NM"": ""ICT산업별""}, {""TBL_ID"": ""DT_127005_005"", ""ORG_ID"": ""127"", ""PRD_SE"": ""A"", ""ITM_NM"": ""수출액"", ""LST_CHN_DE"": ""2024-06-25"", ""ITM_ID"": ""T001"", ""UNIT_NM"": ""백만US$"", ""C1"": ""A01"", ""DT"": ""254718"", ""UNIT_NM_ENG"": ""million US$"", ""C1_NM"": ""합계"", ""PRD_DE"": ""2022"", ""TBL_NM"": ""수출 및 수입액"", ""C1_OBJ_NM"": ""ICT산업별""}], ""response_row_count"": 2, ""unit_valid"": true, ""period_valid"": true, ""unit_unknown"": false, ""available_periods"": [""2021"", ""2022""], ""missing_periods"": [], ""validation_reason"": """"}]",1,1,0,0,READY,2.0,validated candidate,"{""itm_id"": ""T001"", ""itm_name"": ""수출액"", ""semantic_score"": 2.0, ""default_fields"": [], ""default_reason"": """", ""default_risk"": ""NONE"", ""objL1"": ""A01"", ""objL1_name"": ""합계"", ""item_meta_valid"": true, ""obj_meta_valid"": true, ""invalid_obj_codes"": [], ""metadata_valid"": true, ""response_code_valid"": true, ""matching_rows"": [{""TBL_ID"": ""DT_127005_005"", ""ORG_ID"": ""127"", ""PRD_SE"": ""A"", ""ITM_NM"": ""수출액"", ""LST_CHN_DE"": ""2023-06-27"", ""ITM_ID"": ""T001"", ""UNIT_NM"": ""백만US$"", ""C1"": ""A01"", ""DT"": ""246095"", ""UNIT_NM_ENG"": ""million US$"", ""C1_NM"": ""합계"", ""PRD_DE"": ""2021"", ""TBL_NM"": ""수출 및 수입액"", ""C1_OBJ_NM"": ""ICT산업별""}, {""TBL_ID"": ""DT_127005_005"", ""ORG_ID"": ""127"", ""PRD_SE"": ""A"", ""ITM_NM"": ""수출액"", ""LST_CHN_DE"": ""2024-06-25"", ""ITM_ID"": ""T001"", ""UNIT_NM"": ""백만US$"", ""C1"": ""A01"", ""DT"": ""254718"", ""UNIT_NM_ENG"": ""million US$"", ""C1_NM"": ""합계"", ""PRD_DE"": ""2022"", ""TBL_NM"": ""수출 및 수입액"", ""C1_OBJ_NM"": ""ICT산업별""}], ""response_row_count"": 2, ""unit_valid"": true, ""period_valid"": true, ""unit_unknown"": false, ""available_periods"": [""2021"", ""2022""], ""missing_periods"": [], ""validation_reason"": """", ""api_valid"": true, ""ranking_score"": 2.0, ""final_confidence"": 2.0}",True,True,True,True,True,,NONE,True,,,1,DOWNSTREAM_VALIDATED,200000000.0,A01,합계,T001,수출액,백만US$,Y,2022,2021,8623.0,8623000000.0,2,8423000000.0,N,,판단불가,LIKELY_MISMAPPING,mapping,"차이=8.423e+09, 차이율=4.21e+03% (차이율이 300% 를 넘어 좌표 매핑 오류로 의심 — 기사 오류로 단정하지 않고 사람 검토로 보낸다) / item=수출액[T001] from selected_itm_id / objL1=합계[A01] axis=A / 수준값에서 증감량 계산; aggregation=sum / 단위 환산계수=1e+06: KOSIS=백만US$ → claim=달러"
A0018-SP2F67F9842A,A0018-SP2F67F9842A-m1,주력 수출 품목인 반도체 수출액이 1419억달러로 역대 최대치를 고쳐 쓰면서 수출 증가세를 주도했다.,2025-01-02,수출액,수출액,무역,반도체,반도체,141900000000,달러,달러,달러,currency,amount,item,수준값,현재값,KOSIS_VALUE,2024,2024,Y,Y,전년,,direct,-,-,-,-,-,,127,DT_127005_005,수출 및 수입액,ICT실태조사,127:DT_127005_005:306b73b19c9c5ebc,1,TABLE_ONLY,653,647,1,T001,수출액,백만US$,chroma_hybrid_v1,,,1,0.33563218390804594,0.01639344262295082,0.7864589095115662,0.7864589095115662,True,Y,A020101,반도체,A,,,,,,,,,,,,,,,,,,,,,,"[""T001""]","[{""itm_id"": ""T001"", ""itm_name"": ""수출액"", ""semantic_score"": 2.0, ""default_fields"": [], ""default_reason"": """", ""default_risk"": ""NONE"", ""objL1"": ""A020101"", ""objL1_name"": ""반도체"", ""item_meta_valid"": true, ""obj_meta_valid"": true, ""invalid_obj_codes"": [], ""metadata_valid"": true, ""response_code_valid"": true, ""matching_rows"": [{""TBL_ID"": ""DT_127005_005"", ""ORG_ID"": ""127"", ""PRD_SE"": ""A"", ""ITM_NM"": ""수출액"", ""LST_CHN_DE"": ""2026-06-12"", ""ITM_ID"": ""T001"", ""UNIT_NM"": ""백만US$"", ""C1"": ""A020101"", ""DT"": ""142086"", ""UNIT_NM_ENG"": ""million US$"", ""C1_NM"": ""반도체"", ""PRD_DE"": ""2024"", ""TBL_NM"": ""수출 및 수입액"", ""C1_OBJ_NM"": ""ICT산업별""}], ""response_row_count"": 1, ""unit_valid"": true, ""period_valid"": true, ""unit_unknown"": false, ""available_periods"": [""2024""], ""missing_periods"": [], ""validation_reason"": """"}]",1,1,0,0,READY,2.0,validated candidate,"{""itm_id"": ""T001"", ""itm_name"": ""수출액"", ""semantic_score"": 2.0, ""default_fields"": [], ""default_reason"": """", ""default_risk"": ""NONE"", ""objL1"": ""A020101"", ""objL1_name"": ""반도체"", ""item_meta_valid"": true, ""obj_meta_valid"": true, ""invalid_obj_codes"": [], ""metadata_valid"": true, ""response_code_valid"": true, ""matching_rows"": [{""TBL_ID"": ""DT_127005_005"", ""ORG_ID"": ""127"", ""PRD_SE"": ""A"", ""ITM_NM"": ""수출액"", ""LST_CHN_DE"": ""2026-06-12"", ""ITM_ID"": ""T001"", ""UNIT_NM"": ""백만US$"", ""C1"": ""A020101"", ""DT"": ""142086"", ""UNIT_NM_ENG"": ""million US$"", ""C1_NM"": ""반도체"", ""PRD_DE"": ""2024"", ""TBL_NM"": ""수출 및 수입액"", ""C1_OBJ_NM"": ""ICT산업별""}], ""response_row_count"": 1, ""unit_valid"": true, ""period_valid"": true, ""unit_unknown"": false, ""available_periods"": [""2024""], ""missing_periods"": [], ""validation_reason"": """", ""api_valid"": true, ""ranking_score"": 2.0, ""final_confidence"": 2.0}",True,True,True,True,True,,NONE,True,,,1,DOWNSTREAM_VALIDATED,141900000000.0,A020101,반도체,T001,수출액,백만US$,Y,2024,,142086.0,142086000000.0,1,186000000.0,N,,일치,MATCH,comparison,"차이=1.86e+08, 차이율=0.131% / item=수출액[T001] from selected_itm_id / objL1=반도체[A020101] axis=A / aggregation=sum / 단위 환산계수=1e+06: KOSIS=백만US$ → claim=달러"
A0018-SP33EC69A061,A0018-SP33EC69A061-m1,"작년 한국의 수입액은 전년보다 1.6% 감소한 6320억달러로, 518억달러의 무역 흑자를 기록했다.",2025-01-02,수입액 증감률,수입액 증감률,무역,,-,1.6,%,%,%,rate,rate_change,unspecified,증감률,증감률,KOSIS_VALUE,2024,2024,Y,Y,전년,2023,rate_from_level,-,-,-,-,-,KOSIS 수준값에서 증감률 계산 필요,360,DT_1R11006_FRM101,"국가별 수출액, 수입액",SITC에의한무역통계,360:DT_1R11006_FRM101:ad968034891cf2e7,1,ALTERNATE,569,,2,13103103829T2,수입액,천달러,chroma_hybrid_v1,49,0.6760993599891663,16,0.19732441471571907,0.02233220666344761,0.34015634655952454,0.34015634655952454,True,Y,13102103829E.00,계,13101103829E,,,,,,,,,,,,,,,,,,,,,,"[""13103103829T2""]","[{""itm_id"": ""13103103829T2"", ""itm_name"": ""수입액"", ""semantic_score"": 2.0, ""default_fields"": [], ""default_reason"": """", ""default_risk"": ""NONE"", ""objL1"": ""13102103829E.00"", ""objL1_name"": ""계"", ""item_meta_valid"": true, ""obj_meta_valid"": true, ""invalid_obj_codes"": [], ""metadata_valid"": true, ""response_code_valid"": true, ""matching_rows"": [{""TBL_ID"": ""DT_1R11006_FRM101"", ""ORG_ID"": ""360"", ""ITM_NM_ENG"": ""The amount of import"", ""PRD_SE"": ""A"", ""ITM_NM"": ""수입액"", ""LST_CHN_DE"": """", ""ITM_ID"": ""13103103829T2"", ""UNIT_NM"": ""천달러"", ""C1"": ""13102103829E.00"", ""DT"": ""642572126"", ""UNIT_NM_ENG"": ""Thousand dollars"", ""C1_OBJ_NM_ENG"": ""country"", ""C1_NM"": ""계"", ""PRD_DE"": ""2023"", ""C1_NM_ENG"": ""Total"", ""TBL_NM"": ""국가별 수출액 수입액"", ""C1_OBJ_NM"": ""국가별""}, {""TBL_ID"": ""DT_1R11006_FRM101"", ""ORG_ID"": ""360"", ""ITM_NM_ENG"": ""The amount of import"", ""PRD_SE"": ""A"", ""ITM_NM"": ""수입액"", ""LST_CHN_DE"": ""2025-05-16"", ""ITM_ID"": ""13103103829T2"", ""UNIT_NM"": ""천달러"", ""C1"": ""13102103829E.00"", ""DT"": ""631767209"", ""UNIT_NM_ENG"": ""Thousand dollars"", ""C1_OBJ_NM_ENG"": ""country"", ""C1_NM"": ""계"", ""PRD_DE"": ""2024"", ""C1_NM_ENG"": ""Total"", ""TBL_NM"": ""국가별 수출액 수입액"", ""C1_OBJ_NM"": ""국가별""}], ""response_row_count"": 2, ""unit_valid"": true, ""period_valid"": true, ""unit_unknown"": false, ""available_periods"": [""2023"", ""2024""], ""missing_periods"": [], ""validation_reason"": """"}]",1,1,0,0,READY,2.0,validated candidate,"{""itm_id"": ""13103103829T2"", ""itm_name"": ""수입액"", ""semantic_score"": 2.0, ""default_fields"": [], ""default_reason"": """", ""default_risk"": ""NONE"", ""objL1"": ""13102103829E.00"", ""objL1_name"": ""계"", ""item_meta_valid"": true, ""obj_meta_valid"": true, ""invalid_obj_codes"": [], ""metadata_valid"": true, ""response_code_valid"": true, ""matching_rows"": [{""TBL_ID"": ""DT_1R11006_FRM101"", ""ORG_ID"": ""360"", ""ITM_NM_ENG"": ""The amount of import"", ""PRD_SE"": ""A"", ""ITM_NM"": ""수입액"", ""LST_CHN_DE"": """", ""ITM_ID"": ""13103103829T2"", ""UNIT_NM"": ""천달러"", ""C1"": ""13102103829E.00"", ""DT"": ""642572126"", ""UNIT_NM_ENG"": ""Thousand dollars"", ""C1_OBJ_NM_ENG"": ""country"", ""C1_NM"": ""계"", ""PRD_DE"": ""2023"", ""C1_NM_ENG"": ""Total"", ""TBL_NM"": ""국가별 수출액 수입액"", ""C1_OBJ_NM"": ""국가별""}, {""TBL_ID"": ""DT_1R11006_FRM101"", ""ORG_ID"": ""360"", ""ITM_NM_ENG"": ""The amount of import"", ""PRD_SE"": ""A"", ""ITM_NM"": ""수입액"", ""LST_CHN_DE"": ""2025-05-16"", ""ITM_ID"": ""13103103829T2"", ""UNIT_NM"": ""천달러"", ""C1"": ""13102103829E.00"", ""DT"": ""631767209"", ""UNIT_NM_ENG"": ""Thousand dollars"", ""C1_OBJ_NM_ENG"": ""country"", ""C1_NM"": ""계"", ""PRD_DE"": ""2024"", ""C1_NM_ENG"": ""Total"", ""TBL_NM"": ""국가별 수출액 수입액"", ""C1_OBJ_NM"": ""국가별""}], ""response_row_count"": 2, ""unit_valid"": true, ""period_valid"": true, ""unit_unknown"": false, ""available_periods"": [""2023"", ""2024""], ""missing_periods"": [], ""validation_reason"": """", ""api_valid"": true, ""ranking_score"": 2.0, ""final_confidence"": 2.0}",True,True,True,True,True,,NONE,True,,,1,DOWNSTREAM_VALIDATED,1.6,13102103829E.00,계,13103103829T2,수입액,천달러,Y,2024,2023,-1.6815103803615659,-1.6815103803615659,2,-0.08151038036156577,N,20250516,판정보류,REVISION_VINTAGE_RISK,comparison,"차이=0.0815104, 차이율=5.09% (방향부호 적용: claim=-1.6) (KOSIS 개정일 20250516 > 기사일 20250102: 기사 당시 공표치가 이후 개정되었을 수 있어 보류) / item=수입액[13103103829T2] from selected_itm_id / objL1=계[13102103829E.00] axis=13101103829E / 수준값에서 증감률 계산; aggregation=sum / 수준값 증감률 계산에서는 단위 배율 상쇄"
A0018-SP33EC69A061,A0018-SP33EC69A061-m2,"작년 한국의 수입액은 전년보다 1.6% 감소한 6320억달러로, 518억달러의 무역 흑자를 기록했다.",2025-01-02,수입액,수입액,무역,,-,632000000000,달러,달러,달러,currency,amount,unspecified,수준값,현재값,KOSIS_VALUE,2024,2024,Y,Y,전년,,direct,-,-,-,-,-,,360,DT_1R11001_FRM101,"품목별 수출액, 수입액",SITC에의한무역통계,360:DT_1R11001_FRM101:ff7235aaee228266,1,TABLE_ONLY,628,602,1,13103112831T2,수입액,천달러,chroma_hybrid_v1,11,0.6967689990997314,50,0.18285714285714286,0.02317541613316261,0.2483518421649933,0.2483518421649933,True,Y,13102112831A.A,총액,13101112831A,,,,,,,,,,,,,,,,,,,,,,"[""13103112831T2""]","[{""itm_id"": ""13103112831T2"", ""itm_name"": ""수입액"", ""semantic_score"": 2.0, ""default_fields"": [], ""default_reason"": """", ""default_risk"": ""NONE"", ""objL1"": ""13102112831A.A"", ""objL1_name"": ""총액"", ""item_meta_valid"": true, ""obj_meta_valid"": true, ""invalid_obj_codes"": [], ""metadata_valid"": true, ""response_code_valid"": true, ""matching_rows"": [{""TBL_ID"": ""DT_1R11001_FRM101"", ""ORG_ID"": ""360"", ""ITM_NM_ENG"": ""The amount of import"", ""PRD_SE"": ""A"", ""ITM_NM"": ""수입액"", ""LST_CHN_DE"": ""2025-05-16"", ""ITM_ID"": ""13103112831T2"", ""UNIT_NM"": ""천달러"", ""C1"": ""13102112831A.A"", ""DT"": ""631767209"", ""UNIT_NM_ENG"": ""Thousand Dollar"", ""C1_OBJ_NM_ENG"": ""By SKTC"", ""C1_NM"": ""총액"", ""PRD_DE"": ""2024"", ""TBL_NM"": ""품목별 수출액 수입액"", ""C1_OBJ_NM"": ""품목별""}], ""response_row_count"": 1, ""unit_valid"": true, ""period_valid"": true, ""unit_unknown"": false, ""available_periods"": [""2024""], ""missing_periods"": [], ""validation_reason"": """"}]",1,1,0,0,READY,2.0,validated candidate,"{""itm_id"": ""13103112831T2"", ""itm_name"": ""수입액"", ""semantic_score"": 2.0, ""default_fields"": [], ""default_reason"": """", ""default_risk"": ""NONE"", ""objL1"": ""13102112831A.A"", ""objL1_name"": ""총액"", ""item_meta_valid"": true, ""obj_meta_valid"": true, ""invalid_obj_codes"": [], ""metadata_valid"": true, ""response_code_valid"": true, ""matching_rows"": [{""TBL_ID"": ""DT_1R11001_FRM101"", ""ORG_ID"": ""360"", ""ITM_NM_ENG"": ""The amount of import"", ""PRD_SE"": ""A"", ""ITM_NM"": ""수입액"", ""LST_CHN_DE"": ""2025-05-16"", ""ITM_ID"": ""13103112831T2"", ""UNIT_NM"": ""천달러"", ""C1"": ""13102112831A.A"", ""DT"": ""631767209"", ""UNIT_NM_ENG"": ""Thousand Dollar"", ""C1_OBJ_NM_ENG"": ""By SKTC"", ""C1_NM"": ""총액"", ""PRD_DE"": ""2024"", ""TBL_NM"": ""품목별 수출액 수입액"", ""C1_OBJ_NM"": ""품목별""}], ""response_row_count"": 1, ""unit_valid"": true, ""period_valid"": true, ""unit_unknown"": false, ""available_periods"": [""2024""], ""missing_periods"": [], ""validation_reason"": """", ""api_valid"": true, ""ranking_score"": 2.0, ""final_confidence"": 2.0}",True,True,True,True,True,,NONE,True,,,1,DOWNSTREAM_VALIDATED,632000000000.0,13102112831A.A,총액,13103112831T2,수입액,천달러,Y,2024,,631767209.0,631767209000.0,1,-232791000.0,N,,일치,MATCH,comparison,"차이=2.32791e+08, 차이율=0.0368% / item=수입액[13103112831T2] from selected_itm_id / objL1=총액[13102112831A.A] axis=13101112831A / aggregation=sum / 단위 환산계수=1000: KOSIS=천달러 → claim=달러"
A0018-SP6C1F318589,A0018-SP6C1F318589-m1,작년 12월 수출은 613억8000만달러로 1년 전 대비 6.6% 늘어 한 달 전(1.4%)에 비해 오름폭을 키웠다.,2025-01-02,총수출액,총수출액,무역,,-,61380000000,달러,달러,달러,currency,amount,unspecified,수준값,현재값,KOSIS_VALUE,202412,2024-12,M,M,전년동월,,direct,-,-,-,-,-,,360,DT_1R11001_FRM101,"품목별 수출액, 수입액",SITC에의한무역통계,360:DT_1R11001_FRM101:88ab6f72eb11a8a9,1,ALTERNATE,505,,3,13103112831T1,수출액,천달러,chroma_hybrid_v1,10,0.7031084299087524,15,0.08994708994708994,0.02761904761904762,0.426261842250824,0.426261842250824,False,Y,13102112831A.A,총액,13101112831A,,,,,,,,,,,,,,,,,,,,,,"[""13103112831T1""]","[{""itm_id"": ""13103112831T1"", ""itm_name"": ""수출액"", ""semantic_score"": 2.0, ""default_fields"": [], ""default_reason"": """", ""default_risk"": ""NONE"", ""objL1"": ""13102112831A.A"", ""objL1_name"": ""총액"", ""item_meta_valid"": true, ""obj_meta_valid"": true, ""invalid_obj_codes"": [], ""metadata_valid"": true, ""response_code_valid"": true, ""matching_rows"": [{""TBL_ID"": ""DT_1R11001_FRM101"", ""ORG_ID"": ""360"", ""ITM_NM_ENG"": ""The amount of export"", ""PRD_SE"": ""M"", ""ITM_NM"": ""수출액"", ""LST_CHN_DE"": ""2025-05-16"", ""ITM_ID"": ""13103112831T1"", ""UNIT_NM"": ""천달러"", ""C1"": ""13102112831A.A"", ""DT"": ""61359250"", ""UNIT_NM_ENG"": ""Thousand Dollar"", ""C1_OBJ_NM_ENG"": ""By SKTC"", ""C1_NM"": ""총액"", ""PRD_DE"": ""202412"", ""TBL_NM"": ""품목별 수출액 수입액"", ""C1_OBJ_NM"": ""품목별""}], ""response_row_count"": 1, ""unit_valid"": true, ""period_valid"": true, ""unit_unknown"": false, ""available_periods"": [""202412""], ""missing_periods"": [], ""validation_reason"": """"}]",1,1,0,0,READY,2.0,validated candidate,"{""itm_id"": ""13103112831T1"", ""itm_name"": ""수출액"", ""semantic_score"": 2.0, ""default_fields"": [], ""default_reason"": """", ""default_risk"": ""NONE"", ""objL1"": ""13102112831A.A"", ""objL1_name"": ""총액"", ""item_meta_valid"": true, ""obj_meta_valid"": true, ""invalid_obj_codes"": [], ""metadata_valid"": true, ""response_code_valid"": true, ""matching_rows"": [{""TBL_ID"": ""DT_1R11001_FRM101"", ""ORG_ID"": ""360"", ""ITM_NM_ENG"": ""The amount of export"", ""PRD_SE"": ""M"", ""ITM_NM"": ""수출액"", ""LST_CHN_DE"": ""2025-05-16"", ""ITM_ID"": ""13103112831T1"", ""UNIT_NM"": ""천달러"", ""C1"": ""13102112831A.A"", ""DT"": ""61359250"", ""UNIT_NM_ENG"": ""Thousand Dollar"", ""C1_OBJ_NM_ENG"": ""By SKTC"", ""C1_NM"": ""총액"", ""PRD_DE"": ""202412"", ""TBL_NM"": ""품목별 수출액 수입액"", ""C1_OBJ_NM"": ""품목별""}], ""response_row_count"": 1, ""unit_valid"": true, ""period_valid"": true, ""unit_unknown"": false, ""available_periods"": [""202412""], ""missing_periods"": [], ""validation_reason"": """", ""api_valid"": true, ""ranking_score"": 2.0, ""final_confidence"": 2.0}",True,True,True,True,True,,NONE,True,,,1,DOWNSTREAM_VALIDATED,61380000000.0,13102112831A.A,총액,13103112831T1,수출액,천달러,M,202412,,61359250.0,61359250000.0,1,-20750000.0,N,,일치,MATCH,comparison,"차이=2.075e+07, 차이율=0.0338% / item=수출액[13103112831T1] from selected_itm_id / objL1=총액[13102112831A.A] axis=13101112831A / aggregation=sum / 단위 환산계수=1000: KOSIS=천달러 → claim=달러"
A0018-SP6C1F318589,A0018-SP6C1F318589-m2,작년 12월 수출은 613억8000만달러로 1년 전 대비 6.6% 늘어 한 달 전(1.4%)에 비해 오름폭을 키웠다.,2025-01-02,수출 증가율,수출 증가율,무역,,-,6.6,%,%,%,rate,rate_change,unspecified,증감률,증감률,KOSIS_VALUE,202412,2024-12,M,M,전년동월,202312,rate_from_level,-,-,-,-,-,KOSIS 수준값에서 증감률 계산 필요,360,DT_1R11006_FRM101,"국가별 수출액, 수입액",SITC에의한무역통계,360:DT_1R11006_FRM101:4c18150b474551b5,1,TABLE_ONLY,546,544,1,13103103829T1,수출액,천달러,chroma_hybrid_v1,41,0.6872362494468689,3,0.09615384615384616,0.025774005972025775,0.5513623952865601,0.5513623952865601,False,Y,13102103829E.00,계,13101103829E,,,,,,,,,,,,,,,,,,,,,,"[""13103103829T1""]","[{""itm_id"": ""13103103829T1"", ""itm_name"": ""수출액"", ""semantic_score"": 2.0, ""default_fields"": [], ""default_reason"": """", ""default_risk"": ""NONE"", ""objL1"": ""13102103829E.00"", ""objL1_name"": ""계"", ""item_meta_valid"": true, ""obj_meta_valid"": true, ""invalid_obj_codes"": [], ""metadata_valid"": true, ""response_code_valid"": true, ""matching_rows"": [{""TBL_ID"": ""DT_1R11006_FRM101"", ""ORG_ID"": ""360"", ""ITM_NM_ENG"": ""The amount of export"", ""PRD_SE"": ""M"", ""ITM_NM"": ""수출액"", ""LST_CHN_DE"": """", ""ITM_ID"": ""13103103829T1"", ""UNIT_NM"": ""천달러"", ""C1"": ""13102103829E.00"", ""DT"": ""57573193"", ""UNIT_NM_ENG"": ""Thousand dollars"", ""C1_OBJ_NM_ENG"": ""country"", ""C1_NM"": ""계"", ""PRD_DE"": ""202312"", ""C1_NM_ENG"": ""Total"", ""TBL_NM"": ""국가별 수출액 수입액"", ""C1_OBJ_NM"": ""국가별""}, {""TBL_ID"": ""DT_1R11006_FRM101"", ""ORG_ID"": ""360"", ""ITM_NM_ENG"": ""The amount of export"", ""PRD_SE"": ""M"", ""ITM_NM"": ""수출액"", ""LST_CHN_DE"": ""2025-05-16"", ""ITM_ID"": ""13103103829T1"", ""UNIT_NM"": ""천달러"", ""C1"": ""13102103829E.00"", ""DT"": ""54709823"", ""UNIT_NM_ENG"": ""Thousand dollars"", ""C1_OBJ_NM_ENG"": ""country"", ""C1_NM"": ""계"", ""PRD_DE"": ""202401"", ""C1_NM_ENG"": ""Total"", ""TBL_NM"": ""국가별 수출액 수입액"", ""C1_OBJ_NM"": ""국가별""}, {""TBL_ID"": ""DT_1R11006_FRM101"", ""ORG_ID"": ""360"", ""ITM_NM_ENG"": ""The amount of export"", ""PRD_SE"": ""M"", ""ITM_NM"": ""수출액"", ""LST_CHN_DE"": ""2025-05-16"", ""ITM_ID"": ""13103103829T1"", ""UNIT_NM"": ""천달러"", ""C1"": ""13102103829E.00"", ""DT"": ""52076390"", ""UNIT_NM_ENG"": ""Thousand dollars"", ""C1_OBJ_NM_ENG"": ""country"", ""C1_NM"": ""계"", ""PRD_DE"": ""202402"", ""C1_NM_ENG"": ""Total"", ""TBL_NM"": ""국가별 수출액 수입액"", ""C1_OBJ_NM"": ""국가별""}, {""TBL_ID"": ""DT_1R11006_FRM101"", ""ORG_ID"": ""360"", ""ITM_NM_ENG"": ""The amount of export"", ""PRD_SE"": ""M"", ""ITM_NM"": ""수출액"", ""LST_CHN_DE"": ""2025-05-16"", ""ITM_ID"": ""13103103829T1"", ""UNIT_NM"": ""천달러"", ""C1"": ""13102103829E.00"", ""DT"": ""56518309"", ""UNIT_NM_ENG"": ""Thousand dollars"", ""C1_OBJ_NM_ENG"": ""country"", ""C1_NM"": ""계"", ""PRD_DE"": ""202403"", ""C1_NM_ENG"": ""Total"", ""TBL_NM"": ""국가별 수출액 수입액"", ""C1_OBJ_NM"": ""국가별""}, {""TBL_ID"": ""DT_1R11006_FRM101"", ""ORG_ID"": ""360"", ""ITM_NM_ENG"": ""The amount of export"", ""PRD_SE"": ""M"", ""ITM_NM"": ""수출액"", ""LST_CHN_DE"": ""2025-05-16"", ""ITM_ID"": ""13103103829T1"", ""UNIT_NM"": ""천달러"", ""C1"": ""13102103829E.00"", ""DT"": ""56148299"", ""UNIT_NM_ENG"": ""Thousand dollars"", ""C1_OBJ_NM_ENG"": ""country"", ""C1_NM"": ""계"", ""PRD_DE"": ""202404"", ""C1_NM_ENG"": ""Total"", ""TBL_NM"": ""국가별 수출액 수입액"", ""C1_OBJ_NM"": ""국가별""}, {""TBL_ID"": ""DT_1R11006_FRM101"", ""ORG_ID"": ""360"", ""ITM_NM_ENG"": ""The amount of export"", ""PRD_SE"": ""M"", ""ITM_NM"": ""수출액"", ""LST_CHN_DE"": ""2025-05-16"", ""ITM_ID"": ""13103103829T1"", ""UNIT_NM"": ""천달러"", ""C1"": ""13102103829E.00"", ""DT"": ""58020557"", ""UNIT_NM_ENG"": ""Thousand dollars"", ""C1_OBJ_NM_ENG"": ""country"", ""C1_NM"": ""계"", ""PRD_DE"": ""202405"", ""C1_NM_ENG"": ""Total"", ""TBL_NM"": ""국가별 수출액 수입액"", ""C1_OBJ_NM"": ""국가별""}, {""TBL_ID"": ""DT_1R11006_FRM101"", ""ORG_ID"": ""360"", ""ITM_NM_ENG"": ""The amount of export"", ""PRD_SE"": ""M"", ""ITM_NM"": ""수출액"", ""LST_CHN_DE"": ""2025-05-16"", ""ITM_ID"": ""13103103829T1"", ""UNIT_NM"": ""천달러"", ""C1"": ""13102103829E.00"", ""DT"": ""57341634"", ""UNIT_NM_ENG"": ""Thousand dollars"", ""C1_OBJ_NM_ENG"": ""country"", ""C1_NM"": ""계"", ""PRD_DE"": ""202406"", ""C1_NM_ENG"": ""Total"", ""TBL_NM"": ""국가별 수출액 수입액"", ""C1_OBJ_NM"": ""국가별""}, {""TBL_ID"": ""DT_1R11006_FRM101"", ""ORG_ID"": ""360"", ""ITM_NM_ENG"": ""The amount of export"", ""PRD_SE"": ""M"", ""ITM_NM"": ""수출액"", ""LST_CHN_DE"": ""2025-05-16"", ""ITM_ID"": ""13103103829T1"", ""UNIT_NM"": ""천달러"", ""C1"": ""13102103829E.00"", ""DT"": ""57458788"", ""UNIT_NM_ENG"": ""Thousand dollars"", ""C1_OBJ_NM_ENG"": ""country"", ""C1_NM"": ""계"", ""PRD_DE"": ""202407"", ""C1_NM_ENG"": ""Total"", ""TBL_NM"": ""국가별 수출액 수입액"", ""C1_OBJ_NM"": ""국가별""}, {""TBL_ID"": ""DT_1R11006_FRM101"", ""ORG_ID"": ""360"", ""ITM_NM_ENG"": ""The amount of export"", ""PRD_SE"": ""M"", ""ITM_NM"": ""수출액"", ""LST_CHN_DE"": ""2025-05-16"", ""ITM_ID"": ""13103103829T1"", ""UNIT_NM"": ""천달러"", ""C1"": ""13102103829E.00"", ""DT"": ""57642924"", ""UNIT_NM_ENG"": ""Thousand dollars"", ""C1_OBJ_NM_ENG"": ""country"", ""C1_NM"": ""계"", ""PRD_DE"": ""202408"", ""C1_NM_ENG"": ""Total"", ""TBL_NM"": ""국가별 수출액 수입액"", ""C1_OBJ_NM"": ""국가별""}, {""TBL_ID"": ""DT_1R11006_FRM101"", ""ORG_ID"": ""360"", ""ITM_NM_ENG"": ""The amount of export"", ""PRD_SE"": ""M"", ""ITM_NM"": ""수출액"", ""LST_CHN_DE"": ""2025-05-16"", ""ITM_ID"": ""13103103829T1"", ""UNIT_NM"": ""천달러"", ""C1"": ""13102103829E.00"", ""DT"": ""58544693"", ""UNIT_NM_ENG"": ""Thousand dollars"", ""C1_OBJ_NM_ENG"": ""country"", ""C1_NM"": ""계"", ""PRD_DE"": ""202409"", ""C1_NM_ENG"": ""Total"", ""TBL_NM"": ""국가별 수출액 수입액"", ""C1_OBJ_NM"": ""국가별""}, {""TBL_ID"": ""DT_1R11006_FRM101"", ""ORG_ID"": ""360"", ""ITM_NM_ENG"": ""The amount of export"", ""PRD_SE"": ""M"", ""ITM_NM"": ""수출액"", ""LST_CHN_DE"": ""2025-05-16"", ""ITM_ID"": ""13103103829T1"", ""UNIT_NM"": ""천달러"", ""C1"": ""13102103829E.00"", ""DT"": ""57500192"", ""UNIT_NM_ENG"": ""Thousand dollars"", ""C1_OBJ_NM_ENG"": ""country"", ""C1_NM"": ""계"", ""PRD_DE"": ""202410"", ""C1_NM_ENG"": ""Total"", ""TBL_NM"": ""국가별 수출액 수입액"", ""C1_OBJ_NM"": ""국가별""}, {""TBL_ID"": ""DT_1R11006_FRM101"", ""ORG_ID"": ""360"", ""ITM_NM_ENG"": ""The amount of export"", ""PRD_SE"": ""M"", ""ITM_NM"": ""수출액"", ""LST_CHN_DE"": ""2025-05-16"", ""ITM_ID"": ""13103103829T1"", ""UNIT_NM"": ""천달러"", ""C1"": ""13102103829E.00"", ""DT"": ""56288629"", ""UNIT_NM_ENG"": ""Thousand dollars"", ""C1_OBJ_NM_ENG"": ""country"", ""C1_NM"": ""계"", ""PRD_DE"": ""202411"", ""C1_NM_ENG"": ""Total"", ""TBL_NM"": ""국가별 수출액 수입액"", ""C1_OBJ_NM"": ""국가별""}, {""TBL_ID"": ""DT_1R11006_FRM101"", ""ORG_ID"": ""360"", ""ITM_NM_ENG"": ""The amount of export"", ""PRD_SE"": ""M"", ""ITM_NM"": ""수출액"", ""LST_CHN_DE"": ""2025-05-16"", ""ITM_ID"": ""13103103829T1"", ""UNIT_NM"": ""천달러"", ""C1"": ""13102103829E.00"", ""DT"": ""61359250"", ""UNIT_NM_ENG"": ""Thousand dollars"", ""C1_OBJ_NM_ENG"": ""country"", ""C1_NM"": ""계"", ""PRD_DE"": ""202412"", ""C1_NM_ENG"": ""Total"", ""TBL_NM"": ""국가별 수출액 수입액"", ""C1_OBJ_NM"": ""국가별""}], ""response_row_count"": 13, ""unit_valid"": true, ""period_valid"": true, ""unit_unknown"": false, ""available_periods"": [""202312"", ""202401"", ""202402"", ""202403"", ""202404"", ""202405"", ""202406"", ""202407"", ""202408"", ""202409"", ""202410"", ""202411"", ""202412""], ""missing_periods"": [], ""validation_reason"": """"}]",1,1,0,0,READY,2.0,validated candidate,"{""itm_id"": ""13103103829T1"", ""itm_name"": ""수출액"", ""semantic_score"": 2.0, ""default_fields"": [], ""default_reason"": """", ""default_risk"": ""NONE"", ""objL1"": ""13102103829E.00"", ""objL1_name"": ""계"", ""item_meta_valid"": true, ""obj_meta_valid"": true, ""invalid_obj_codes"": [], ""metadata_valid"": true, ""response_code_valid"": true, ""matching_rows"": [{""TBL_ID"": ""DT_1R11006_FRM101"", ""ORG_ID"": ""360"", ""ITM_NM_ENG"": ""The amount of export"", ""PRD_SE"": ""M"", ""ITM_NM"": ""수출액"", ""LST_CHN_DE"": """", ""ITM_ID"": ""13103103829T1"", ""UNIT_NM"": ""천달러"", ""C1"": ""13102103829E.00"", ""DT"": ""57573193"", ""UNIT_NM_ENG"": ""Thousand dollars"", ""C1_OBJ_NM_ENG"": ""country"", ""C1_NM"": ""계"", ""PRD_DE"": ""202312"", ""C1_NM_ENG"": ""Total"", ""TBL_NM"": ""국가별 수출액 수입액"", ""C1_OBJ_NM"": ""국가별""}, {""TBL_ID"": ""DT_1R11006_FRM101"", ""ORG_ID"": ""360"", ""ITM_NM_ENG"": ""The amount of export"", ""PRD_SE"": ""M"", ""ITM_NM"": ""수출액"", ""LST_CHN_DE"": ""2025-05-16"", ""ITM_ID"": ""13103103829T1"", ""UNIT_NM"": ""천달러"", ""C1"": ""13102103829E.00"", ""DT"": ""54709823"", ""UNIT_NM_ENG"": ""Thousand dollars"", ""C1_OBJ_NM_ENG"": ""country"", ""C1_NM"": ""계"", ""PRD_DE"": ""202401"", ""C1_NM_ENG"": ""Total"", ""TBL_NM"": ""국가별 수출액 수입액"", ""C1_OBJ_NM"": ""국가별""}, {""TBL_ID"": ""DT_1R11006_FRM101"", ""ORG_ID"": ""360"", ""ITM_NM_ENG"": ""The amount of export"", ""PRD_SE"": ""M"", ""ITM_NM"": ""수출액"", ""LST_CHN_DE"": ""2025-05-16"", ""ITM_ID"": ""13103103829T1"", ""UNIT_NM"": ""천달러"", ""C1"": ""13102103829E.00"", ""DT"": ""52076390"", ""UNIT_NM_ENG"": ""Thousand dollars"", ""C1_OBJ_NM_ENG"": ""country"", ""C1_NM"": ""계"", ""PRD_DE"": ""202402"", ""C1_NM_ENG"": ""Total"", ""TBL_NM"": ""국가별 수출액 수입액"", ""C1_OBJ_NM"": ""국가별""}, {""TBL_ID"": ""DT_1R11006_FRM101"", ""ORG_ID"": ""360"", ""ITM_NM_ENG"": ""The amount of export"", ""PRD_SE"": ""M"", ""ITM_NM"": ""수출액"", ""LST_CHN_DE"": ""2025-05-16"", ""ITM_ID"": ""13103103829T1"", ""UNIT_NM"": ""천달러"", ""C1"": ""13102103829E.00"", ""DT"": ""56518309"", ""UNIT_NM_ENG"": ""Thousand dollars"", ""C1_OBJ_NM_ENG"": ""country"", ""C1_NM"": ""계"", ""PRD_DE"": ""202403"", ""C1_NM_ENG"": ""Total"", ""TBL_NM"": ""국가별 수출액 수입액"", ""C1_OBJ_NM"": ""국가별""}, {""TBL_ID"": ""DT_1R11006_FRM101"", ""ORG_ID"": ""360"", ""ITM_NM_ENG"": ""The amount of export"", ""PRD_SE"": ""M"", ""ITM_NM"": ""수출액"", ""LST_CHN_DE"": ""2025-05-16"", ""ITM_ID"": ""13103103829T1"", ""UNIT_NM"": ""천달러"", ""C1"": ""13102103829E.00"", ""DT"": ""56148299"", ""UNIT_NM_ENG"": ""Thousand dollars"", ""C1_OBJ_NM_ENG"": ""country"", ""C1_NM"": ""계"", ""PRD_DE"": ""202404"", ""C1_NM_ENG"": ""Total"", ""TBL_NM"": ""국가별 수출액 수입액"", ""C1_OBJ_NM"": ""국가별""}, {""TBL_ID"": ""DT_1R11006_FRM101"", ""ORG_ID"": ""360"", ""ITM_NM_ENG"": ""The amount of export"", ""PRD_SE"": ""M"", ""ITM_NM"": ""수출액"", ""LST_CHN_DE"": ""2025-05-16"", ""ITM_ID"": ""13103103829T1"", ""UNIT_NM"": ""천달러"", ""C1"": ""13102103829E.00"", ""DT"": ""58020557"", ""UNIT_NM_ENG"": ""Thousand dollars"", ""C1_OBJ_NM_ENG"": ""country"", ""C1_NM"": ""계"", ""PRD_DE"": ""202405"", ""C1_NM_ENG"": ""Total"", ""TBL_NM"": ""국가별 수출액 수입액"", ""C1_OBJ_NM"": ""국가별""}, {""TBL_ID"": ""DT_1R11006_FRM101"", ""ORG_ID"": ""360"", ""ITM_NM_ENG"": ""The amount of export"", ""PRD_SE"": ""M"", ""ITM_NM"": ""수출액"", ""LST_CHN_DE"": ""2025-05-16"", ""ITM_ID"": ""13103103829T1"", ""UNIT_NM"": ""천달러"", ""C1"": ""13102103829E.00"", ""DT"": ""57341634"", ""UNIT_NM_ENG"": ""Thousand dollars"", ""C1_OBJ_NM_ENG"": ""country"", ""C1_NM"": ""계"", ""PRD_DE"": ""202406"", ""C1_NM_ENG"": ""Total"", ""TBL_NM"": ""국가별 수출액 수입액"", ""C1_OBJ_NM"": ""국가별""}, {""TBL_ID"": ""DT_1R11006_FRM101"", ""ORG_ID"": ""360"", ""ITM_NM_ENG"": ""The amount of export"", ""PRD_SE"": ""M"", ""ITM_NM"": ""수출액"", ""LST_CHN_DE"": ""2025-05-16"", ""ITM_ID"": ""13103103829T1"", ""UNIT_NM"": ""천달러"", ""C1"": ""13102103829E.00"", ""DT"": ""57458788"", ""UNIT_NM_ENG"": ""Thousand dollars"", ""C1_OBJ_NM_ENG"": ""country"", ""C1_NM"": ""계"", ""PRD_DE"": ""202407"", ""C1_NM_ENG"": ""Total"", ""TBL_NM"": ""국가별 수출액 수입액"", ""C1_OBJ_NM"": ""국가별""}, {""TBL_ID"": ""DT_1R11006_FRM101"", ""ORG_ID"": ""360"", ""ITM_NM_ENG"": ""The amount of export"", ""PRD_SE"": ""M"", ""ITM_NM"": ""수출액"", ""LST_CHN_DE"": ""2025-05-16"", ""ITM_ID"": ""13103103829T1"", ""UNIT_NM"": ""천달러"", ""C1"": ""13102103829E.00"", ""DT"": ""57642924"", ""UNIT_NM_ENG"": ""Thousand dollars"", ""C1_OBJ_NM_ENG"": ""country"", ""C1_NM"": ""계"", ""PRD_DE"": ""202408"", ""C1_NM_ENG"": ""Total"", ""TBL_NM"": ""국가별 수출액 수입액"", ""C1_OBJ_NM"": ""국가별""}, {""TBL_ID"": ""DT_1R11006_FRM101"", ""ORG_ID"": ""360"", ""ITM_NM_ENG"": ""The amount of export"", ""PRD_SE"": ""M"", ""ITM_NM"": ""수출액"", ""LST_CHN_DE"": ""2025-05-16"", ""ITM_ID"": ""13103103829T1"", ""UNIT_NM"": ""천달러"", ""C1"": ""13102103829E.00"", ""DT"": ""58544693"", ""UNIT_NM_ENG"": ""Thousand dollars"", ""C1_OBJ_NM_ENG"": ""country"", ""C1_NM"": ""계"", ""PRD_DE"": ""202409"", ""C1_NM_ENG"": ""Total"", ""TBL_NM"": ""국가별 수출액 수입액"", ""C1_OBJ_NM"": ""국가별""}, {""TBL_ID"": ""DT_1R11006_FRM101"", ""ORG_ID"": ""360"", ""ITM_NM_ENG"": ""The amount of export"", ""PRD_SE"": ""M"", ""ITM_NM"": ""수출액"", ""LST_CHN_DE"": ""2025-05-16"", ""ITM_ID"": ""13103103829T1"", ""UNIT_NM"": ""천달러"", ""C1"": ""13102103829E.00"", ""DT"": ""57500192"", ""UNIT_NM_ENG"": ""Thousand dollars"", ""C1_OBJ_NM_ENG"": ""country"", ""C1_NM"": ""계"", ""PRD_DE"": ""202410"", ""C1_NM_ENG"": ""Total"", ""TBL_NM"": ""국가별 수출액 수입액"", ""C1_OBJ_NM"": ""국가별""}, {""TBL_ID"": ""DT_1R11006_FRM101"", ""ORG_ID"": ""360"", ""ITM_NM_ENG"": ""The amount of export"", ""PRD_SE"": ""M"", ""ITM_NM"": ""수출액"", ""LST_CHN_DE"": ""2025-05-16"", ""ITM_ID"": ""13103103829T1"", ""UNIT_NM"": ""천달러"", ""C1"": ""13102103829E.00"", ""DT"": ""56288629"", ""UNIT_NM_ENG"": ""Thousand dollars"", ""C1_OBJ_NM_ENG"": ""country"", ""C1_NM"": ""계"", ""PRD_DE"": ""202411"", ""C1_NM_ENG"": ""Total"", ""TBL_NM"": ""국가별 수출액 수입액"", ""C1_OBJ_NM"": ""국가별""}, {""TBL_ID"": ""DT_1R11006_FRM101"", ""ORG_ID"": ""360"", ""ITM_NM_ENG"": ""The amount of export"", ""PRD_SE"": ""M"", ""ITM_NM"": ""수출액"", ""LST_CHN_DE"": ""2025-05-16"", ""ITM_ID"": ""13103103829T1"", ""UNIT_NM"": ""천달러"", ""C1"": ""13102103829E.00"", ""DT"": ""61359250"", ""UNIT_NM_ENG"": ""Thousand dollars"", ""C1_OBJ_NM_ENG"": ""country"", ""C1_NM"": ""계"", ""PRD_DE"": ""202412"", ""C1_NM_ENG"": ""Total"", ""TBL_NM"": ""국가별 수출액 수입액"", ""C1_OBJ_NM"": ""국가별""}], ""response_row_count"": 13, ""unit_valid"": true, ""period_valid"": true, ""unit_unknown"": false, ""available_periods"": [""202312"", ""202401"", ""202402"", ""202403"", ""202404"", ""202405"", ""202406"", ""202407"", ""202408"", ""202409"", ""202410"", ""202411"", ""202412""], ""missing_periods"": [], ""validation_reason"": """", ""api_valid"": true, ""ranking_score"": 2.0, ""final_confidence"": 2.0}",True,True,True,True,True,,NONE,True,,,1,DOWNSTREAM_VALIDATED,6.6,13102103829E.00,계,13103103829T1,수출액,천달러,M,202412,202312,6.576076126262444,6.576076126262444,13,-0.023923873737556,N,,일치,MATCH,comparison,"차이=0.0239239, 차이율=0.362% / item=수출액[13103103829T1] from selected_itm_id / objL1=계[13102103829E.00] axis=13101103829E / 수준값에서 증감률 계산; aggregation=latest / 수준값 증감률 계산에서는 단위 배율 상쇄"
A0018-SP6C1F318589,A0018-SP6C1F318589-m4,작년 12월 수출은 613억8000만달러로 1년 전 대비 6.6% 늘어 한 달 전(1.4%)에 비해 오름폭을 키웠다.,2025-01-02,수출 증가율,수출 증가율,무역,,-,1.4,%,%,%,rate,rate_change,unspecified,증감률,증감률,KOSIS_VALUE,202411,2024-11,M,M,전월,202410,rate_from_level,-,-,-,-,-,KOSIS 수준값에서 증감률 계산 필요,360,DT_1R11006_FRM101,"국가별 수출액, 수입액",SITC에의한무역통계,360:DT_1R11006_FRM101:4c18150b474551b5,1,TABLE_ONLY,549,547,1,13103103829T1,수출액,천달러,chroma_hybrid_v1,29,0.6895129680633545,1,0.09615384615384616,0.027629397679130595,0.5150330066680908,0.5150330066680908,False,Y,13102103829E.00,계,13101103829E,,,,,,,,,,,,,,,,,,,,,,"[""13103103829T1""]","[{""itm_id"": ""13103103829T1"", ""itm_name"": ""수출액"", ""semantic_score"": 2.0, ""default_fields"": [], ""default_reason"": """", ""default_risk"": ""NONE"", ""objL1"": ""13102103829E.00"", ""objL1_name"": ""계"", ""item_meta_valid"": true, ""obj_meta_valid"": true, ""invalid_obj_codes"": [], ""metadata_valid"": true, ""response_code_valid"": true, ""matching_rows"": [{""TBL_ID"": ""DT_1R11006_FRM101"", ""ORG_ID"": ""360"", ""ITM_NM_ENG"": ""The amount of export"", ""PRD_SE"": ""M"", ""ITM_NM"": ""수출액"", ""LST_CHN_DE"": ""2025-05-16"", ""ITM_ID"": ""13103103829T1"", ""UNIT_NM"": ""천달러"", ""C1"": ""13102103829E.00"", ""DT"": ""57500192"", ""UNIT_NM_ENG"": ""Thousand dollars"", ""C1_OBJ_NM_ENG"": ""country"", ""C1_NM"": ""계"", ""PRD_DE"": ""202410"", ""C1_NM_ENG"": ""Total"", ""TBL_NM"": ""국가별 수출액 수입액"", ""C1_OBJ_NM"": ""국가별""}, {""TBL_ID"": ""DT_1R11006_FRM101"", ""ORG_ID"": ""360"", ""ITM_NM_ENG"": ""The amount of export"", ""PRD_SE"": ""M"", ""ITM_NM"": ""수출액"", ""LST_CHN_DE"": ""2025-05-16"", ""ITM_ID"": ""13103103829T1"", ""UNIT_NM"": ""천달러"", ""C1"": ""13102103829E.00"", ""DT"": ""56288629"", ""UNIT_NM_ENG"": ""Thousand dollars"", ""C1_OBJ_NM_ENG"": ""country"", ""C1_NM"": ""계"", ""PRD_DE"": ""202411"", ""C1_NM_ENG"": ""Total"", ""TBL_NM"": ""국가별 수출액 수입액"", ""C1_OBJ_NM"": ""국가별""}], ""response_row_count"": 2, ""unit_valid"": true, ""period_valid"": true, ""unit_unknown"": false, ""available_periods"": [""202410"", ""202411""], ""missing_periods"": [], ""validation_reason"": """"}]",1,1,0,0,READY,2.0,validated candidate,"{""itm_id"": ""13103103829T1"", ""itm_name"": ""수출액"", ""semantic_score"": 2.0, ""default_fields"": [], ""default_reason"": """", ""default_risk"": ""NONE"", ""objL1"": ""13102103829E.00"", ""objL1_name"": ""계"", ""item_meta_valid"": true, ""obj_meta_valid"": true, ""invalid_obj_codes"": [], ""metadata_valid"": true, ""response_code_valid"": true, ""matching_rows"": [{""TBL_ID"": ""DT_1R11006_FRM101"", ""ORG_ID"": ""360"", ""ITM_NM_ENG"": ""The amount of export"", ""PRD_SE"": ""M"", ""ITM_NM"": ""수출액"", ""LST_CHN_DE"": ""2025-05-16"", ""ITM_ID"": ""13103103829T1"", ""UNIT_NM"": ""천달러"", ""C1"": ""13102103829E.00"", ""DT"": ""57500192"", ""UNIT_NM_ENG"": ""Thousand dollars"", ""C1_OBJ_NM_ENG"": ""country"", ""C1_NM"": ""계"", ""PRD_DE"": ""202410"", ""C1_NM_ENG"": ""Total"", ""TBL_NM"": ""국가별 수출액 수입액"", ""C1_OBJ_NM"": ""국가별""}, {""TBL_ID"": ""DT_1R11006_FRM101"", ""ORG_ID"": ""360"", ""ITM_NM_ENG"": ""The amount of export"", ""PRD_SE"": ""M"", ""ITM_NM"": ""수출액"", ""LST_CHN_DE"": ""2025-05-16"", ""ITM_ID"": ""13103103829T1"", ""UNIT_NM"": ""천달러"", ""C1"": ""13102103829E.00"", ""DT"": ""56288629"", ""UNIT_NM_ENG"": ""Thousand dollars"", ""C1_OBJ_NM_ENG"": ""country"", ""C1_NM"": ""계"", ""PRD_DE"": ""202411"", ""C1_NM_ENG"": ""Total"", ""TBL_NM"": ""국가별 수출액 수입액"", ""C1_OBJ_NM"": ""국가별""}], ""response_row_count"": 2, ""unit_valid"": true, ""period_valid"": true, ""unit_unknown"": false, ""available_periods"": [""202410"", ""202411""], ""missing_periods"": [], ""validation_reason"": """", ""api_valid"": true, ""ranking_score"": 2.0, ""final_confidence"": 2.0}",True,True,True,True,True,,NONE,True,,,1,DOWNSTREAM_VALIDATED,1.4,,,,,,,,,,,,,N,,판단불가,CHANGE_BASE_AMBIGUOUS,input,문장은 '1년 전' 기준인데 change_base=전월 — 비교 기준을 확정할 수 없음
A0023-SP253B27241B,A0023-SP253B27241B-m1,성장률과 물가 상승률이 모두 2%를 밑돈 경우는 2020년이 마지막이었다.,2025-01-02,성장률과 물가 상승률,성장률과 물가 상승률,기타,,-,2,%,%,%,rate,rate_change,unspecified,증감률,증감률,KOSIS_VALUE,2020,2020,Y,Y,전년,2019,rate_from_level,-,-,-,-,-,KOSIS 수준값에서 증감률 계산 필요,101,DT_1J22003,소비자물가지수(2020=100),소비자물가조사,101:DT_1J22003:aaf1f043e2c4759a,1,ALTERNATE,532,,2,T,소비자물가지수(총지수),2020=100,chroma_hybrid_v1,1,0.6612147688865662,50,0.17878787878787877,0.02548435171385991,0.38185328245162964,0.38185328245162964,True,Y,T10,전국,C,,,,,,,,,,,,,,,,,,,,,,"[""T""]","[{""itm_id"": ""T"", ""itm_name"": ""소비자물가지수(총지수)"", ""semantic_score"": 2.0, ""default_fields"": [], ""default_reason"": """", ""default_risk"": ""NONE"", ""objL1"": ""T10"", ""objL1_name"": ""전국"", ""item_meta_valid"": true, ""obj_meta_valid"": true, ""invalid_obj_codes"": [], ""metadata_valid"": true, ""response_code_valid"": true, ""matching_rows"": [{""TBL_ID"": ""DT_1J22003"", ""ORG_ID"": ""101"", ""ITM_NM_ENG"": ""CPI"", ""PRD_SE"": ""A"", ""ITM_NM"": ""소비자물가지수(총지수)"", ""LST_CHN_DE"": ""2023-11-30"", ""ITM_ID"": ""T"", ""UNIT_NM"": ""2020＝100"", ""C1"": ""T10"", ""DT"": ""99.466"", ""UNIT_NM_ENG"": ""2020＝100"", ""C1_OBJ_NM_ENG"": ""by City"", ""C1_NM"": ""전국"", ""PRD_DE"": ""2019"", ""C1_NM_ENG"": ""whole country"", ""TBL_NM"": ""소비자물가지수(2020＝100)"", ""C1_OBJ_NM"": ""시도별""}, {""TBL_ID"": ""DT_1J22003"", ""ORG_ID"": ""101"", ""ITM_NM_ENG"": ""CPI"", ""PRD_SE"": ""A"", ""ITM_NM"": ""소비자물가지수(총지수)"", ""LST_CHN_DE"": ""2023-11-30"", ""ITM_ID"": ""T"", ""UNIT_NM"": ""2020＝100"", ""C1"": ""T10"", ""DT"": ""100"", ""UNIT_NM_ENG"": ""2020＝100"", ""C1_OBJ_NM_ENG"": ""by City"", ""C1_NM"": ""전국"", ""PRD_DE"": ""2020"", ""C1_NM_ENG"": ""whole country"", ""TBL_NM"": ""소비자물가지수(2020＝100)"", ""C1_OBJ_NM"": ""시도별""}], ""response_row_count"": 2, ""unit_valid"": true, ""period_valid"": true, ""unit_unknown"": false, ""available_periods"": [""2019"", ""2020""], ""missing_periods"": [], ""validation_reason"": """"}]",1,1,0,0,READY,2.0,validated candidate,"{""itm_id"": ""T"", ""itm_name"": ""소비자물가지수(총지수)"", ""semantic_score"": 2.0, ""default_fields"": [], ""default_reason"": """", ""default_risk"": ""NONE"", ""objL1"": ""T10"", ""objL1_name"": ""전국"", ""item_meta_valid"": true, ""obj_meta_valid"": true, ""invalid_obj_codes"": [], ""metadata_valid"": true, ""response_code_valid"": true, ""matching_rows"": [{""TBL_ID"": ""DT_1J22003"", ""ORG_ID"": ""101"", ""ITM_NM_ENG"": ""CPI"", ""PRD_SE"": ""A"", ""ITM_NM"": ""소비자물가지수(총지수)"", ""LST_CHN_DE"": ""2023-11-30"", ""ITM_ID"": ""T"", ""UNIT_NM"": ""2020＝100"", ""C1"": ""T10"", ""DT"": ""99.466"", ""UNIT_NM_ENG"": ""2020＝100"", ""C1_OBJ_NM_ENG"": ""by City"", ""C1_NM"": ""전국"", ""PRD_DE"": ""2019"", ""C1_NM_ENG"": ""whole country"", ""TBL_NM"": ""소비자물가지수(2020＝100)"", ""C1_OBJ_NM"": ""시도별""}, {""TBL_ID"": ""DT_1J22003"", ""ORG_ID"": ""101"", ""ITM_NM_ENG"": ""CPI"", ""PRD_SE"": ""A"", ""ITM_NM"": ""소비자물가지수(총지수)"", ""LST_CHN_DE"": ""2023-11-30"", ""ITM_ID"": ""T"", ""UNIT_NM"": ""2020＝100"", ""C1"": ""T10"", ""DT"": ""100"", ""UNIT_NM_ENG"": ""2020＝100"", ""C1_OBJ_NM_ENG"": ""by City"", ""C1_NM"": ""전국"", ""PRD_DE"": ""2020"", ""C1_NM_ENG"": ""whole country"", ""TBL_NM"": ""소비자물가지수(2020＝100)"", ""C1_OBJ_NM"": ""시도별""}], ""response_row_count"": 2, ""unit_valid"": true, ""period_valid"": true, ""unit_unknown"": false, ""available_periods"": [""2019"", ""2020""], ""missing_periods"": [], ""validation_reason"": """", ""api_valid"": true, ""ranking_score"": 2.0, ""final_confidence"": 2.0}",True,True,True,True,True,,NONE,True,,,1,DOWNSTREAM_VALIDATED,2.0,,,,,,,,,,,,,N,,판단불가,THRESHOLD_CLAIM_UNSUPPORTED,input,'2%를 밑돈 경우는 2020' — 한계값 서술이라 값 일치로 판정할 수 없음
A0029-SP31842CA273,A0029-SP31842CA273-m2,"해외 판매가 1% 늘었지만, 국내 판매량은 4.2% 줄었다.",2025-01-03,국내 판매 감소율,국내 판매 감소율,소매·소비,,,4.2,%,%,%,rate,rate_change,item,증감률,증감률,KOSIS_VALUE,2024,2024,Y,Y,전년,2023,,-,-,-,-,-,증감률 claim에 일반 비율 ITEM=점유율,145,TX_14503_A070,기타식품류 품목별 국내판매액 변동현황,식품및식품첨가물생산실적 > 국내판매액 변동현황(품목군별) > 시군구 허가품목,145:TX_14503_A070:c01acce9f3538a47,1,TABLE_ONLY,430,430,1,16145AAA7,점유율,%,chroma_hybrid_v1,2,0.6813942790031433,,,0.016129032258064516,0.030271869152784348,0.030271869152784348,True,Y,15145AB200,합계,15145AB2,,,,,,,,,,,,,,,,,,,,,,"[""16145AAA7""]","[{""itm_id"": ""16145AAA7"", ""itm_name"": ""점유율"", ""semantic_score"": 2.0, ""default_fields"": [], ""default_reason"": """", ""default_risk"": ""NONE"", ""objL1"": ""15145AB200"", ""objL1_name"": ""합계"", ""item_meta_valid"": true, ""obj_meta_valid"": true, ""invalid_obj_codes"": [], ""metadata_valid"": true, ""response_code_valid"": true, ""matching_rows"": [{""TBL_ID"": ""TX_14503_A070"", ""ORG_ID"": ""145"", ""PRD_SE"": ""A"", ""ITM_NM"": ""점유율"", ""LST_CHN_DE"": ""2024-09-19"", ""ITM_ID"": ""16145AAA7"", ""UNIT_NM"": ""%"", ""C1"": ""15145AB200"", ""DT"": ""100"", ""UNIT_NM_ENG"": ""%"", ""C1_NM"": ""합계"", ""PRD_DE"": ""2023"", ""TBL_NM"": ""기타식품류 품목별 국내판매액 변동현황"", ""C1_OBJ_NM"": ""품목별""}, {""TBL_ID"": ""TX_14503_A070"", ""ORG_ID"": ""145"", ""PRD_SE"": ""A"", ""ITM_NM"": ""점유율"", ""LST_CHN_DE"": ""2025-06-10"", ""ITM_ID"": ""16145AAA7"", ""UNIT_NM"": ""%"", ""C1"": ""15145AB200"", ""DT"": ""100"", ""UNIT_NM_ENG"": ""%"", ""C1_NM"": ""합계"", ""PRD_DE"": ""2024"", ""TBL_NM"": ""기타식품류 품목별 국내판매액 변동현황"", ""C1_OBJ_NM"": ""품목별""}], ""response_row_count"": 2, ""unit_valid"": true, ""period_valid"": true, ""unit_unknown"": false, ""available_periods"": [""2023"", ""2024""], ""missing_periods"": [], ""validation_reason"": """"}]",1,1,0,0,READY,2.0,validated candidate,"{""itm_id"": ""16145AAA7"", ""itm_name"": ""점유율"", ""semantic_score"": 2.0, ""default_fields"": [], ""default_reason"": """", ""default_risk"": ""NONE"", ""objL1"": ""15145AB200"", ""objL1_name"": ""합계"", ""item_meta_valid"": true, ""obj_meta_valid"": true, ""invalid_obj_codes"": [], ""metadata_valid"": true, ""response_code_valid"": true, ""matching_rows"": [{""TBL_ID"": ""TX_14503_A070"", ""ORG_ID"": ""145"", ""PRD_SE"": ""A"", ""ITM_NM"": ""점유율"", ""LST_CHN_DE"": ""2024-09-19"", ""ITM_ID"": ""16145AAA7"", ""UNIT_NM"": ""%"", ""C1"": ""15145AB200"", ""DT"": ""100"", ""UNIT_NM_ENG"": ""%"", ""C1_NM"": ""합계"", ""PRD_DE"": ""2023"", ""TBL_NM"": ""기타식품류 품목별 국내판매액 변동현황"", ""C1_OBJ_NM"": ""품목별""}, {""TBL_ID"": ""TX_14503_A070"", ""ORG_ID"": ""145"", ""PRD_SE"": ""A"", ""ITM_NM"": ""점유율"", ""LST_CHN_DE"": ""2025-06-10"", ""ITM_ID"": ""16145AAA7"", ""UNIT_NM"": ""%"", ""C1"": ""15145AB200"", ""DT"": ""100"", ""UNIT_NM_ENG"": ""%"", ""C1_NM"": ""합계"", ""PRD_DE"": ""2024"", ""TBL_NM"": ""기타식품류 품목별 국내판매액 변동현황"", ""C1_OBJ_NM"": ""품목별""}], ""response_row_count"": 2, ""unit_valid"": true, ""period_valid"": true, ""unit_unknown"": false, ""available_periods"": [""2023"", ""2024""], ""missing_periods"": [], ""validation_reason"": """", ""api_valid"": true, ""ranking_score"": 2.0, ""final_confidence"": 2.0}",True,True,True,True,True,,NONE,True,,,1,DOWNSTREAM_VALIDATED,4.2,,,,,,,,,,,,,N,,판단불가,MAPPING_TYPE_UNSUPPORTED,candidate,지원하지 않는 mapping_type=-
A0041-SP87530E5592,A0041-SP87530E5592-m3,"175개 품목의 평균 물가 상승폭은 3.9%로, 지난해 연간 소비자물가지수 상승폭(2.3%)을 뛰어넘었다.",2025-01-04,지난해 연간 소비자물가지수 상승폭,지난해 연간 소비자물가지수 상승폭,물가,,-,2.3,%,%,%,rate,rate_change,unspecified,증감률,증감률,KOSIS_VALUE,2024,202401,Y,Y,전년,2023,rate_from_level,-,-,-,-,-,KOSIS 수준값에서 증감률 계산 필요,101,DT_1J22136,"연도별 품목성질별 소비자물가지수(9개도, 39개시: 2020=100)",소비자물가조사,101:DT_1J22136:987b07c6bf922dd4,1,TABLE_ONLY,671,665,1,T,소비자물가지수,2020=100,chroma_hybrid_v1,4,0.7493534088134766,39,0.1507177033492823,0.025726010101010104,0.6268097162246704,0.6268097162246704,True,Y,T10,전국,C,00,총지수,J,,,,,,,,,,,,,,,,,,,"[""T""]","[{""itm_id"": ""T"", ""itm_name"": ""소비자물가지수"", ""semantic_score"": 3.0, ""default_fields"": [], ""default_reason"": """", ""default_risk"": ""NONE"", ""objL1"": ""T10"", ""objL1_name"": ""전국"", ""objL2"": ""00"", ""objL2_name"": ""총지수"", ""item_meta_valid"": true, ""obj_meta_valid"": true, ""invalid_obj_codes"": [], ""metadata_valid"": true, ""response_code_valid"": true, ""matching_rows"": [{""TBL_ID"": ""DT_1J22136"", ""ORG_ID"": ""101"", ""C2_OBJ_NM_ENG"": ""By Commodities ＆ Services"", ""C2_NM"": ""총지수"", ""ITM_NM_ENG"": ""CPI"", ""PRD_SE"": ""A"", ""ITM_NM"": ""소비자물가지수"", ""LST_CHN_DE"": ""2024-06-26"", ""ITM_ID"": ""T"", ""UNIT_NM"": ""2020＝100"", ""C1"": ""T10"", ""C2"": ""00"", ""C2_OBJ_NM"": ""품목성질별"", ""DT"": ""111.59"", ""UNIT_NM_ENG"": ""2020＝100"", ""C1_OBJ_NM_ENG"": ""by City"", ""C1_NM"": ""전국"", ""C2_NM_ENG"": ""All items"", ""PRD_DE"": ""2023"", ""C1_NM_ENG"": ""All cities"", ""TBL_NM"": ""연도별 품목성질별 소비자물가지수(9개도 39개시: 2020＝100)"", ""C1_OBJ_NM"": ""도시별""}, {""TBL_ID"": ""DT_1J22136"", ""ORG_ID"": ""101"", ""C2_OBJ_NM_ENG"": ""By Commodities ＆ Services"", ""C2_NM"": ""총지수"", ""ITM_NM_ENG"": ""CPI"", ""PRD_SE"": ""A"", ""ITM_NM"": ""소비자물가지수"", ""LST_CHN_DE"": ""2024-12-27"", ""ITM_ID"": ""T"", ""UNIT_NM"": ""2020＝100"", ""C1"": ""T10"", ""C2"": ""00"", ""C2_OBJ_NM"": ""품목성질별"", ""DT"": ""114.18"", ""UNIT_NM_ENG"": ""2020＝100"", ""C1_OBJ_NM_ENG"": ""by City"", ""C1_NM"": ""전국"", ""C2_NM_ENG"": ""All items"", ""PRD_DE"": ""2024"", ""C1_NM_ENG"": ""All cities"", ""TBL_NM"": ""연도별 품목성질별 소비자물가지수(9개도 39개시: 2020＝100)"", ""C1_OBJ_NM"": ""도시별""}], ""response_row_count"": 2, ""unit_valid"": true, ""period_valid"": true, ""unit_unknown"": false, ""available_periods"": [""2023"", ""2024""], ""missing_periods"": [], ""validation_reason"": """"}]",1,1,0,0,READY,3.0,validated candidate,"{""itm_id"": ""T"", ""itm_name"": ""소비자물가지수"", ""semantic_score"": 3.0, ""default_fields"": [], ""default_reason"": """", ""default_risk"": ""NONE"", ""objL1"": ""T10"", ""objL1_name"": ""전국"", ""objL2"": ""00"", ""objL2_name"": ""총지수"", ""item_meta_valid"": true, ""obj_meta_valid"": true, ""invalid_obj_codes"": [], ""metadata_valid"": true, ""response_code_valid"": true, ""matching_rows"": [{""TBL_ID"": ""DT_1J22136"", ""ORG_ID"": ""101"", ""C2_OBJ_NM_ENG"": ""By Commodities ＆ Services"", ""C2_NM"": ""총지수"", ""ITM_NM_ENG"": ""CPI"", ""PRD_SE"": ""A"", ""ITM_NM"": ""소비자물가지수"", ""LST_CHN_DE"": ""2024-06-26"", ""ITM_ID"": ""T"", ""UNIT_NM"": ""2020＝100"", ""C1"": ""T10"", ""C2"": ""00"", ""C2_OBJ_NM"": ""품목성질별"", ""DT"": ""111.59"", ""UNIT_NM_ENG"": ""2020＝100"", ""C1_OBJ_NM_ENG"": ""by City"", ""C1_NM"": ""전국"", ""C2_NM_ENG"": ""All items"", ""PRD_DE"": ""2023"", ""C1_NM_ENG"": ""All cities"", ""TBL_NM"": ""연도별 품목성질별 소비자물가지수(9개도 39개시: 2020＝100)"", ""C1_OBJ_NM"": ""도시별""}, {""TBL_ID"": ""DT_1J22136"", ""ORG_ID"": ""101"", ""C2_OBJ_NM_ENG"": ""By Commodities ＆ Services"", ""C2_NM"": ""총지수"", ""ITM_NM_ENG"": ""CPI"", ""PRD_SE"": ""A"", ""ITM_NM"": ""소비자물가지수"", ""LST_CHN_DE"": ""2024-12-27"", ""ITM_ID"": ""T"", ""UNIT_NM"": ""2020＝100"", ""C1"": ""T10"", ""C2"": ""00"", ""C2_OBJ_NM"": ""품목성질별"", ""DT"": ""114.18"", ""UNIT_NM_ENG"": ""2020＝100"", ""C1_OBJ_NM_ENG"": ""by City"", ""C1_NM"": ""전국"", ""C2_NM_ENG"": ""All items"", ""PRD_DE"": ""2024"", ""C1_NM_ENG"": ""All cities"", ""TBL_NM"": ""연도별 품목성질별 소비자물가지수(9개도 39개시: 2020＝100)"", ""C1_OBJ_NM"": ""도시별""}], ""response_row_count"": 2, ""unit_valid"": true, ""period_valid"": true, ""unit_unknown"": false, ""available_periods"": [""2023"", ""2024""], ""missing_periods"": [], ""validation_reason"": """", ""api_valid"": true, ""ranking_score"": 3.0, ""final_confidence"": 3.0}",True,True,True,True,True,,NONE,True,,,1,DOWNSTREAM_VALIDATED,2.3,,,,,,,,,,,,,N,,판단불가,THRESHOLD_CLAIM_UNSUPPORTED,input,'2.3%)을 뛰어넘었다.' — 한계값 서술이라 값 일치로 판정할 수 없음
