org_id,tbl_id,tbl_name,category_path,axis_id,axis_name,axis_order,code_id,code_name,parent_code_id,is_item,unit_id,unit_name,unit_eng_name,prd_se_list,metadata_source
101,DT_1DA7001S,성별 경제활동인구 총괄,,ITEM,항목,,T10,15세이상인구,,Y,14STD06156,천명,Thousand Person,M|Q|Y,KOSIS_MCP_TABLE_INFO
101,DT_1DA7001S,성별 경제활동인구 총괄,,ITEM,항목,,T20,경제활동인구,,Y,14STD06156,천명,Thousand Person,M|Q|Y,KOSIS_MCP_TABLE_INFO
101,DT_1DA7001S,성별 경제활동인구 총괄,,ITEM,항목,,T30,취업자,,Y,14STD06156,천명,Thousand Person,M|Q|Y,KOSIS_MCP_TABLE_INFO
101,DT_1DA7001S,성별 경제활동인구 총괄,,ITEM,항목,,T40,실업자,,Y,14STD06156,천명,Thousand Person,M|Q|Y,KOSIS_MCP_TABLE_INFO
101,DT_1DA7001S,성별 경제활동인구 총괄,,ITEM,항목,,T50,비경제활동인구,,Y,14STD06156,천명,Thousand Person,M|Q|Y,KOSIS_MCP_TABLE_INFO
101,DT_1DA7001S,성별 경제활동인구 총괄,,ITEM,항목,,T60,경제활동참가율,,Y,14STD00018,%,%,M|Q|Y,KOSIS_MCP_TABLE_INFO
101,DT_1DA7001S,성별 경제활동인구 총괄,,ITEM,항목,,T80,실업률,,Y,14STD00018,%,%,M|Q|Y,KOSIS_MCP_TABLE_INFO
101,DT_1DA7001S,성별 경제활동인구 총괄,,ITEM,항목,,T90,고용률,,Y,14STD00018,%,%,M|Q|Y,KOSIS_MCP_TABLE_INFO
101,DT_1DA7001S,성별 경제활동인구 총괄,,B,성별,1,0,계,,N,,,,M|Q|Y,KOSIS_MCP_TABLE_INFO
101,DT_1DA7001S,성별 경제활동인구 총괄,,B,성별,1,2,남자,,N,,,,M|Q|Y,KOSIS_MCP_TABLE_INFO
101,DT_1DA7001S,성별 경제활동인구 총괄,,B,성별,1,3,여자,,N,,,,M|Q|Y,KOSIS_MCP_TABLE_INFO
101,DT_1DA7001S,성별 경제활동인구 총괄,,B,성별,1,4,농가,,N,,,,M|Q|Y,KOSIS_MCP_TABLE_INFO
101,DT_1DA7001S,성별 경제활동인구 총괄,,B,성별,1,5,농가남자,,N,,,,M|Q|Y,KOSIS_MCP_TABLE_INFO
101,DT_1DA7001S,성별 경제활동인구 총괄,,B,성별,1,6,농가여자,,N,,,,M|Q|Y,KOSIS_MCP_TABLE_INFO
101,DT_1DA7001S,성별 경제활동인구 총괄,,B,성별,1,7,비농가,,N,,,,M|Q|Y,KOSIS_MCP_TABLE_INFO
101,DT_1DA7001S,성별 경제활동인구 총괄,,B,성별,1,8,비농가남자,,N,,,,M|Q|Y,KOSIS_MCP_TABLE_INFO
101,DT_1DA7001S,성별 경제활동인구 총괄,,B,성별,1,9,비농가여자,,N,,,,M|Q|Y,KOSIS_MCP_TABLE_INFO
101,DT_1DA7002S,연령별 경제활동인구 총괄,,ITEM,항목,,T10,인구,,Y,14STD06156,천명,Thousand Person,M|Q|Y,KOSIS_MCP_TABLE_INFO
101,DT_1DA7002S,연령별 경제활동인구 총괄,,ITEM,항목,,T20,경제활동인구,,Y,14STD06156,천명,Thousand Person,M|Q|Y,KOSIS_MCP_TABLE_INFO
101,DT_1DA7002S,연령별 경제활동인구 총괄,,ITEM,항목,,T30,취업자,,Y,14STD06156,천명,Thousand Person,M|Q|Y,KOSIS_MCP_TABLE_INFO
101,DT_1DA7002S,연령별 경제활동인구 총괄,,ITEM,항목,,T40,실업자,,Y,14STD06156,천명,Thousand Person,M|Q|Y,KOSIS_MCP_TABLE_INFO
101,DT_1DA7002S,연령별 경제활동인구 총괄,,ITEM,항목,,T50,비경제활동인구,,Y,14STD06156,천명,Thousand Person,M|Q|Y,KOSIS_MCP_TABLE_INFO
101,DT_1DA7002S,연령별 경제활동인구 총괄,,ITEM,항목,,T60,경제활동참가율,,Y,14STD00018,%,%,M|Q|Y,KOSIS_MCP_TABLE_INFO
101,DT_1DA7002S,연령별 경제활동인구 총괄,,ITEM,항목,,T80,실업률,,Y,14STD00018,%,%,M|Q|Y,KOSIS_MCP_TABLE_INFO
101,DT_1DA7002S,연령별 경제활동인구 총괄,,ITEM,항목,,T90,고용률,,Y,14STD00018,%,%,M|Q|Y,KOSIS_MCP_TABLE_INFO
101,DT_1DA7002S,연령별 경제활동인구 총괄,,G,연령계층별,1,00,15세 이상 전체,,N,,,,M|Q|Y,KOSIS_MCP_TABLE_INFO
101,DT_1DA7002S,연령별 경제활동인구 총괄,,G,연령계층별,1,75,15 - 29세,,N,,,,M|Q|Y,KOSIS_MCP_TABLE_INFO
101,DT_1DA7002S,연령별 경제활동인구 총괄,,G,연령계층별,1,10,15 - 19세,,N,,,,M|Q|Y,KOSIS_MCP_TABLE_INFO
101,DT_1DA7002S,연령별 경제활동인구 총괄,,G,연령계층별,1,20,20 - 29세,,N,,,,M|Q|Y,KOSIS_MCP_TABLE_INFO
101,DT_1DA7002S,연령별 경제활동인구 총괄,,G,연령계층별,1,201,20 - 24세,20,N,,,,M|Q|Y,KOSIS_MCP_TABLE_INFO
101,DT_1DA7002S,연령별 경제활동인구 총괄,,G,연령계층별,1,202,25 - 29세,20,N,,,,M|Q|Y,KOSIS_MCP_TABLE_INFO
101,DT_1DA7002S,연령별 경제활동인구 총괄,,G,연령계층별,1,30,30 - 39세,,N,,,,M|Q|Y,KOSIS_MCP_TABLE_INFO
101,DT_1DA7002S,연령별 경제활동인구 총괄,,G,연령계층별,1,301,30 - 34세,30,N,,,,M|Q|Y,KOSIS_MCP_TABLE_INFO
101,DT_1DA7002S,연령별 경제활동인구 총괄,,G,연령계층별,1,302,35 - 39세,30,N,,,,M|Q|Y,KOSIS_MCP_TABLE_INFO
101,DT_1DA7002S,연령별 경제활동인구 총괄,,G,연령계층별,1,40,40 - 49세,,N,,,,M|Q|Y,KOSIS_MCP_TABLE_INFO
101,DT_1DA7002S,연령별 경제활동인구 총괄,,G,연령계층별,1,401,40 - 44세,40,N,,,,M|Q|Y,KOSIS_MCP_TABLE_INFO
101,DT_1DA7002S,연령별 경제활동인구 총괄,,G,연령계층별,1,402,45 - 49세,40,N,,,,M|Q|Y,KOSIS_MCP_TABLE_INFO
101,DT_1DA7002S,연령별 경제활동인구 총괄,,G,연령계층별,1,50,50 - 59세,,N,,,,M|Q|Y,KOSIS_MCP_TABLE_INFO
101,DT_1DA7002S,연령별 경제활동인구 총괄,,G,연령계층별,1,501,50 - 54세,50,N,,,,M|Q|Y,KOSIS_MCP_TABLE_INFO
101,DT_1DA7002S,연령별 경제활동인구 총괄,,G,연령계층별,1,502,55 - 59세,50,N,,,,M|Q|Y,KOSIS_MCP_TABLE_INFO
101,DT_1DA7002S,연령별 경제활동인구 총괄,,G,연령계층별,1,60,60세이상,,N,,,,M|Q|Y,KOSIS_MCP_TABLE_INFO
101,DT_1DA7002S,연령별 경제활동인구 총괄,,G,연령계층별,1,91,60 - 69세,60,N,,,,M|Q|Y,KOSIS_MCP_TABLE_INFO
101,DT_1DA7002S,연령별 경제활동인구 총괄,,G,연령계층별,1,601,ㆍ60 - 64세,60,N,,,,M|Q|Y,KOSIS_MCP_TABLE_INFO
101,DT_1DA7002S,연령별 경제활동인구 총괄,,G,연령계층별,1,912,ㆍ65 - 69세,60,N,,,,M|Q|Y,KOSIS_MCP_TABLE_INFO
101,DT_1DA7002S,연령별 경제활동인구 총괄,,G,연령계층별,1,602,65세 이상,60,N,,,,M|Q|Y,KOSIS_MCP_TABLE_INFO
101,DT_1DA7002S,연령별 경제활동인구 총괄,,G,연령계층별,1,92,70세 이상,60,N,,,,M|Q|Y,KOSIS_MCP_TABLE_INFO
101,DT_1DA7002S,연령별 경제활동인구 총괄,,G,연령계층별,1,701,ㆍ70 - 74세,60,N,,,,M|Q|Y,KOSIS_MCP_TABLE_INFO
101,DT_1DA7002S,연령별 경제활동인구 총괄,,G,연령계층별,1,702,ㆍ75세 이상,60,N,,,,M|Q|Y,KOSIS_MCP_TABLE_INFO
101,DT_1DA7002S,연령별 경제활동인구 총괄,,G,연령계층별,1,63,15 - 64세,,N,,,,M|Q|Y,KOSIS_MCP_TABLE_INFO
101,DT_1DA7002S,연령별 경제활동인구 총괄,,G,연령계층별,1,70,15 - 24세,,N,,,,M|Q|Y,KOSIS_MCP_TABLE_INFO
101,DT_1EA1011,"행정구역(시군구)별 농가, 농가인구",,ITEM,항목,,T00,농가,,Y,14STD03085,가구,households,Y,KOSIS_MCP_TABLE_INFO
101,DT_1EA1011,"행정구역(시군구)별 농가, 농가인구",,ITEM,항목,,T01,상대표준오차,,Y,,,,Y,KOSIS_MCP_TABLE_INFO
101,DT_1EA1011,"행정구역(시군구)별 농가, 농가인구",,ITEM,항목,,T02,농가인구,,Y,14STD04548,명,In person,Y,KOSIS_MCP_TABLE_INFO
101,DT_1EA1011,"행정구역(시군구)별 농가, 농가인구",,ITEM,항목,,T03,상대표준오차(농가인구),,Y,,,,Y,KOSIS_MCP_TABLE_INFO
101,DT_1EA1011,"행정구역(시군구)별 농가, 농가인구",,ITEM,항목,,T04,농가인구(남),,Y,14STD04548,명,In person,Y,KOSIS_MCP_TABLE_INFO
101,DT_1EA1011,"행정구역(시군구)별 농가, 농가인구",,ITEM,항목,,T05,농가인구(여),,Y,14STD04548,명,In person,Y,KOSIS_MCP_TABLE_INFO
101,DT_1EA1011,"행정구역(시군구)별 농가, 농가인구",,A,행정구역별,1,00,전국,,N,,,,Y,KOSIS_MCP_TABLE_INFO
101,DT_1EA1011,"행정구역(시군구)별 농가, 농가인구",,A,행정구역별,1,11,서울특별시,,N,,,,Y,KOSIS_MCP_TABLE_INFO
101,DT_1EA1011,"행정구역(시군구)별 농가, 농가인구",,A,행정구역별,1,11000,서울시부,11,N,,,,Y,KOSIS_MCP_TABLE_INFO
101,DT_1EA1011,"행정구역(시군구)별 농가, 농가인구",,A,행정구역별,1,21,부산광역시,,N,,,,Y,KOSIS_MCP_TABLE_INFO
101,DT_1EA1011,"행정구역(시군구)별 농가, 농가인구",,A,행정구역별,1,21000,부산시부,21,N,,,,Y,KOSIS_MCP_TABLE_INFO
101,DT_1EA1011,"행정구역(시군구)별 농가, 농가인구",,A,행정구역별,1,21310,기장군,21,N,,,,Y,KOSIS_MCP_TABLE_INFO
101,DT_1EA1011,"행정구역(시군구)별 농가, 농가인구",,A,행정구역별,1,22,대구광역시,,N,,,,Y,KOSIS_MCP_TABLE_INFO
101,DT_1EA1011,"행정구역(시군구)별 농가, 농가인구",,A,행정구역별,1,22000,대구시부,22,N,,,,Y,KOSIS_MCP_TABLE_INFO
101,DT_1EA1011,"행정구역(시군구)별 농가, 농가인구",,A,행정구역별,1,22310,달성군,22,N,,,,Y,KOSIS_MCP_TABLE_INFO
101,DT_1EA1011,"행정구역(시군구)별 농가, 농가인구",,A,행정구역별,1,23,인천광역시,,N,,,,Y,KOSIS_MCP_TABLE_INFO
101,DT_1EA1011,"행정구역(시군구)별 농가, 농가인구",,A,행정구역별,1,23000,인천시부,23,N,,,,Y,KOSIS_MCP_TABLE_INFO
101,DT_1EA1011,"행정구역(시군구)별 농가, 농가인구",,A,행정구역별,1,23310,강화군,23,N,,,,Y,KOSIS_MCP_TABLE_INFO
101,DT_1EA1011,"행정구역(시군구)별 농가, 농가인구",,A,행정구역별,1,23320,옹진군,23,N,,,,Y,KOSIS_MCP_TABLE_INFO
101,DT_1EA1011,"행정구역(시군구)별 농가, 농가인구",,A,행정구역별,1,24,광주광역시,,N,,,,Y,KOSIS_MCP_TABLE_INFO
101,DT_1EA1011,"행정구역(시군구)별 농가, 농가인구",,A,행정구역별,1,24000,광주시부,24,N,,,,Y,KOSIS_MCP_TABLE_INFO
101,DT_1EA1011,"행정구역(시군구)별 농가, 농가인구",,A,행정구역별,1,24050,광산구,24,N,,,,Y,KOSIS_MCP_TABLE_INFO
101,DT_1EA1011,"행정구역(시군구)별 농가, 농가인구",,A,행정구역별,1,25,대전광역시,,N,,,,Y,KOSIS_MCP_TABLE_INFO
101,DT_1EA1011,"행정구역(시군구)별 농가, 농가인구",,A,행정구역별,1,25000,대전시부,25,N,,,,Y,KOSIS_MCP_TABLE_INFO
101,DT_1EA1011,"행정구역(시군구)별 농가, 농가인구",,A,행정구역별,1,26,울산광역시,,N,,,,Y,KOSIS_MCP_TABLE_INFO
101,DT_1EA1011,"행정구역(시군구)별 농가, 농가인구",,A,행정구역별,1,26000,울산시부,26,N,,,,Y,KOSIS_MCP_TABLE_INFO
101,DT_1EA1011,"행정구역(시군구)별 농가, 농가인구",,A,행정구역별,1,26310,울주군,26,N,,,,Y,KOSIS_MCP_TABLE_INFO
101,DT_1EA1011,"행정구역(시군구)별 농가, 농가인구",,A,행정구역별,1,29,세종특별자치시,,N,,,,Y,KOSIS_MCP_TABLE_INFO
101,DT_1EA1011,"행정구역(시군구)별 농가, 농가인구",,A,행정구역별,1,31,경기도,,N,,,,Y,KOSIS_MCP_TABLE_INFO
101,DT_1EA1011,"행정구역(시군구)별 농가, 농가인구",,A,행정구역별,1,31010,수원시,31,N,,,,Y,KOSIS_MCP_TABLE_INFO
101,DT_1EA1011,"행정구역(시군구)별 농가, 농가인구",,A,행정구역별,1,31020,성남시,31,N,,,,Y,KOSIS_MCP_TABLE_INFO
101,DT_1EA1011,"행정구역(시군구)별 농가, 농가인구",,A,행정구역별,1,31030,의정부시,31,N,,,,Y,KOSIS_MCP_TABLE_INFO
101,DT_1EA1011,"행정구역(시군구)별 농가, 농가인구",,A,행정구역별,1,31040,안양시,31,N,,,,Y,KOSIS_MCP_TABLE_INFO
101,DT_1EA1011,"행정구역(시군구)별 농가, 농가인구",,A,행정구역별,1,31050,부천시,31,N,,,,Y,KOSIS_MCP_TABLE_INFO
101,DT_1EA1011,"행정구역(시군구)별 농가, 농가인구",,A,행정구역별,1,31060,광명시,31,N,,,,Y,KOSIS_MCP_TABLE_INFO
101,DT_1EA1011,"행정구역(시군구)별 농가, 농가인구",,A,행정구역별,1,31070,평택시,31,N,,,,Y,KOSIS_MCP_TABLE_INFO
101,DT_1EA1011,"행정구역(시군구)별 농가, 농가인구",,A,행정구역별,1,31080,동두천시,31,N,,,,Y,KOSIS_MCP_TABLE_INFO
101,DT_1EA1011,"행정구역(시군구)별 농가, 농가인구",,A,행정구역별,1,31090,안산시,31,N,,,,Y,KOSIS_MCP_TABLE_INFO
101,DT_1EA1011,"행정구역(시군구)별 농가, 농가인구",,A,행정구역별,1,31100,고양시,31,N,,,,Y,KOSIS_MCP_TABLE_INFO
101,DT_1EA1011,"행정구역(시군구)별 농가, 농가인구",,A,행정구역별,1,31110,과천시,31,N,,,,Y,KOSIS_MCP_TABLE_INFO
101,DT_1EA1011,"행정구역(시군구)별 농가, 농가인구",,A,행정구역별,1,31120,구리시,31,N,,,,Y,KOSIS_MCP_TABLE_INFO
101,DT_1EA1011,"행정구역(시군구)별 농가, 농가인구",,A,행정구역별,1,31130,남양주시,31,N,,,,Y,KOSIS_MCP_TABLE_INFO
101,DT_1EA1011,"행정구역(시군구)별 농가, 농가인구",,A,행정구역별,1,31140,오산시,31,N,,,,Y,KOSIS_MCP_TABLE_INFO
101,DT_1EA1011,"행정구역(시군구)별 농가, 농가인구",,A,행정구역별,1,31150,시흥시,31,N,,,,Y,KOSIS_MCP_TABLE_INFO
101,DT_1EA1011,"행정구역(시군구)별 농가, 농가인구",,A,행정구역별,1,31160,군포시,31,N,,,,Y,KOSIS_MCP_TABLE_INFO
101,DT_1EA1011,"행정구역(시군구)별 농가, 농가인구",,A,행정구역별,1,31170,의왕시,31,N,,,,Y,KOSIS_MCP_TABLE_INFO
101,DT_1EA1011,"행정구역(시군구)별 농가, 농가인구",,A,행정구역별,1,31180,하남시,31,N,,,,Y,KOSIS_MCP_TABLE_INFO
101,DT_1EA1011,"행정구역(시군구)별 농가, 농가인구",,A,행정구역별,1,31190,용인시,31,N,,,,Y,KOSIS_MCP_TABLE_INFO
101,DT_1EA1011,"행정구역(시군구)별 농가, 농가인구",,A,행정구역별,1,31200,파주시,31,N,,,,Y,KOSIS_MCP_TABLE_INFO
101,DT_1EA1011,"행정구역(시군구)별 농가, 농가인구",,A,행정구역별,1,31210,이천시,31,N,,,,Y,KOSIS_MCP_TABLE_INFO
101,DT_1EA1011,"행정구역(시군구)별 농가, 농가인구",,A,행정구역별,1,31220,안성시,31,N,,,,Y,KOSIS_MCP_TABLE_INFO
101,DT_1EA1011,"행정구역(시군구)별 농가, 농가인구",,A,행정구역별,1,31230,김포시,31,N,,,,Y,KOSIS_MCP_TABLE_INFO
101,DT_1EA1011,"행정구역(시군구)별 농가, 농가인구",,A,행정구역별,1,31240,화성시,31,N,,,,Y,KOSIS_MCP_TABLE_INFO
101,DT_1EA1011,"행정구역(시군구)별 농가, 농가인구",,A,행정구역별,1,31250,광주시,31,N,,,,Y,KOSIS_MCP_TABLE_INFO
101,DT_1EA1011,"행정구역(시군구)별 농가, 농가인구",,A,행정구역별,1,31260,양주시,31,N,,,,Y,KOSIS_MCP_TABLE_INFO
101,DT_1EA1011,"행정구역(시군구)별 농가, 농가인구",,A,행정구역별,1,31270,포천시,31,N,,,,Y,KOSIS_MCP_TABLE_INFO
101,DT_1EA1011,"행정구역(시군구)별 농가, 농가인구",,A,행정구역별,1,31280,여주시,31,N,,,,Y,KOSIS_MCP_TABLE_INFO
101,DT_1EA1011,"행정구역(시군구)별 농가, 농가인구",,A,행정구역별,1,31320,여주군,31,N,,,,Y,KOSIS_MCP_TABLE_INFO
101,DT_1EA1011,"행정구역(시군구)별 농가, 농가인구",,A,행정구역별,1,31350,연천군,31,N,,,,Y,KOSIS_MCP_TABLE_INFO
101,DT_1EA1011,"행정구역(시군구)별 농가, 농가인구",,A,행정구역별,1,31370,가평군,31,N,,,,Y,KOSIS_MCP_TABLE_INFO
101,DT_1EA1011,"행정구역(시군구)별 농가, 농가인구",,A,행정구역별,1,31380,양평군,31,N,,,,Y,KOSIS_MCP_TABLE_INFO
101,DT_1EA1011,"행정구역(시군구)별 농가, 농가인구",,A,행정구역별,1,32,강원도,,N,,,,Y,KOSIS_MCP_TABLE_INFO
101,DT_1EA1011,"행정구역(시군구)별 농가, 농가인구",,A,행정구역별,1,32010,춘천시,32,N,,,,Y,KOSIS_MCP_TABLE_INFO
101,DT_1EA1011,"행정구역(시군구)별 농가, 농가인구",,A,행정구역별,1,32020,원주시,32,N,,,,Y,KOSIS_MCP_TABLE_INFO
101,DT_1EA1011,"행정구역(시군구)별 농가, 농가인구",,A,행정구역별,1,32030,강릉시,32,N,,,,Y,KOSIS_MCP_TABLE_INFO
101,DT_1EA1011,"행정구역(시군구)별 농가, 농가인구",,A,행정구역별,1,32040,동해시,32,N,,,,Y,KOSIS_MCP_TABLE_INFO
101,DT_1EA1011,"행정구역(시군구)별 농가, 농가인구",,A,행정구역별,1,32050,태백시,32,N,,,,Y,KOSIS_MCP_TABLE_INFO
101,DT_1EA1011,"행정구역(시군구)별 농가, 농가인구",,A,행정구역별,1,32060,속초시,32,N,,,,Y,KOSIS_MCP_TABLE_INFO
101,DT_1EA1011,"행정구역(시군구)별 농가, 농가인구",,A,행정구역별,1,32070,삼척시,32,N,,,,Y,KOSIS_MCP_TABLE_INFO
101,DT_1EA1011,"행정구역(시군구)별 농가, 농가인구",,A,행정구역별,1,32310,홍천군,32,N,,,,Y,KOSIS_MCP_TABLE_INFO
101,DT_1EA1011,"행정구역(시군구)별 농가, 농가인구",,A,행정구역별,1,32320,횡성군,32,N,,,,Y,KOSIS_MCP_TABLE_INFO
101,DT_1EA1011,"행정구역(시군구)별 농가, 농가인구",,A,행정구역별,1,32330,영월군,32,N,,,,Y,KOSIS_MCP_TABLE_INFO
101,DT_1EA1011,"행정구역(시군구)별 농가, 농가인구",,A,행정구역별,1,32340,평창군,32,N,,,,Y,KOSIS_MCP_TABLE_INFO
101,DT_1EA1011,"행정구역(시군구)별 농가, 농가인구",,A,행정구역별,1,32350,정선군,32,N,,,,Y,KOSIS_MCP_TABLE_INFO
101,DT_1EA1011,"행정구역(시군구)별 농가, 농가인구",,A,행정구역별,1,32360,철원군,32,N,,,,Y,KOSIS_MCP_TABLE_INFO
101,DT_1EA1011,"행정구역(시군구)별 농가, 농가인구",,A,행정구역별,1,32370,화천군,32,N,,,,Y,KOSIS_MCP_TABLE_INFO
101,DT_1EA1011,"행정구역(시군구)별 농가, 농가인구",,A,행정구역별,1,32380,양구군,32,N,,,,Y,KOSIS_MCP_TABLE_INFO
101,DT_1EA1011,"행정구역(시군구)별 농가, 농가인구",,A,행정구역별,1,32390,인제군,32,N,,,,Y,KOSIS_MCP_TABLE_INFO
101,DT_1EA1011,"행정구역(시군구)별 농가, 농가인구",,A,행정구역별,1,32400,고성군,32,N,,,,Y,KOSIS_MCP_TABLE_INFO
101,DT_1EA1011,"행정구역(시군구)별 농가, 농가인구",,A,행정구역별,1,32410,양양군,32,N,,,,Y,KOSIS_MCP_TABLE_INFO
101,DT_1EA1011,"행정구역(시군구)별 농가, 농가인구",,A,행정구역별,1,33,충청북도,,N,,,,Y,KOSIS_MCP_TABLE_INFO
101,DT_1EA1011,"행정구역(시군구)별 농가, 농가인구",,A,행정구역별,1,33020,충주시,33,N,,,,Y,KOSIS_MCP_TABLE_INFO
101,DT_1EA1011,"행정구역(시군구)별 농가, 농가인구",,A,행정구역별,1,33030,제천시,33,N,,,,Y,KOSIS_MCP_TABLE_INFO
101,DT_1EA1011,"행정구역(시군구)별 농가, 농가인구",,A,행정구역별,1,33010,청주시,33,N,,,,Y,KOSIS_MCP_TABLE_INFO
101,DT_1EA1011,"행정구역(시군구)별 농가, 농가인구",,A,행정구역별,1,33310,청원군,33,N,,,,Y,KOSIS_MCP_TABLE_INFO
101,DT_1EA1011,"행정구역(시군구)별 농가, 농가인구",,A,행정구역별,1,33320,보은군,33,N,,,,Y,KOSIS_MCP_TABLE_INFO
101,DT_1EA1011,"행정구역(시군구)별 농가, 농가인구",,A,행정구역별,1,33330,옥천군,33,N,,,,Y,KOSIS_MCP_TABLE_INFO
101,DT_1EA1011,"행정구역(시군구)별 농가, 농가인구",,A,행정구역별,1,33340,영동군,33,N,,,,Y,KOSIS_MCP_TABLE_INFO
101,DT_1EA1011,"행정구역(시군구)별 농가, 농가인구",,A,행정구역별,1,33350,진천군,33,N,,,,Y,KOSIS_MCP_TABLE_INFO
101,DT_1EA1011,"행정구역(시군구)별 농가, 농가인구",,A,행정구역별,1,33360,괴산군,33,N,,,,Y,KOSIS_MCP_TABLE_INFO
101,DT_1EA1011,"행정구역(시군구)별 농가, 농가인구",,A,행정구역별,1,33370,음성군,33,N,,,,Y,KOSIS_MCP_TABLE_INFO
101,DT_1EA1011,"행정구역(시군구)별 농가, 농가인구",,A,행정구역별,1,33380,단양군,33,N,,,,Y,KOSIS_MCP_TABLE_INFO
101,DT_1EA1011,"행정구역(시군구)별 농가, 농가인구",,A,행정구역별,1,33390,증평군,33,N,,,,Y,KOSIS_MCP_TABLE_INFO
101,DT_1EA1011,"행정구역(시군구)별 농가, 농가인구",,A,행정구역별,1,34,충청남도,,N,,,,Y,KOSIS_MCP_TABLE_INFO
101,DT_1EA1011,"행정구역(시군구)별 농가, 농가인구",,A,행정구역별,1,34010,천안시,34,N,,,,Y,KOSIS_MCP_TABLE_INFO
101,DT_1EA1011,"행정구역(시군구)별 농가, 농가인구",,A,행정구역별,1,34020,공주시,34,N,,,,Y,KOSIS_MCP_TABLE_INFO
101,DT_1EA1011,"행정구역(시군구)별 농가, 농가인구",,A,행정구역별,1,34030,보령시,34,N,,,,Y,KOSIS_MCP_TABLE_INFO
101,DT_1EA1011,"행정구역(시군구)별 농가, 농가인구",,A,행정구역별,1,34040,아산시,34,N,,,,Y,KOSIS_MCP_TABLE_INFO
101,DT_1EA1011,"행정구역(시군구)별 농가, 농가인구",,A,행정구역별,1,34050,서산시,34,N,,,,Y,KOSIS_MCP_TABLE_INFO
101,DT_1EA1011,"행정구역(시군구)별 농가, 농가인구",,A,행정구역별,1,34060,논산시,34,N,,,,Y,KOSIS_MCP_TABLE_INFO
101,DT_1EA1011,"행정구역(시군구)별 농가, 농가인구",,A,행정구역별,1,34070,계룡시,34,N,,,,Y,KOSIS_MCP_TABLE_INFO
101,DT_1EA1011,"행정구역(시군구)별 농가, 농가인구",,A,행정구역별,1,34080,당진시,34,N,,,,Y,KOSIS_MCP_TABLE_INFO
101,DT_1EA1011,"행정구역(시군구)별 농가, 농가인구",,A,행정구역별,1,34310,금산군,34,N,,,,Y,KOSIS_MCP_TABLE_INFO
101,DT_1EA1011,"행정구역(시군구)별 농가, 농가인구",,A,행정구역별,1,34320,연기군,34,N,,,,Y,KOSIS_MCP_TABLE_INFO
101,DT_1EA1011,"행정구역(시군구)별 농가, 농가인구",,A,행정구역별,1,34330,부여군,34,N,,,,Y,KOSIS_MCP_TABLE_INFO
101,DT_1EA1011,"행정구역(시군구)별 농가, 농가인구",,A,행정구역별,1,34340,서천군,34,N,,,,Y,KOSIS_MCP_TABLE_INFO
101,DT_1EA1011,"행정구역(시군구)별 농가, 농가인구",,A,행정구역별,1,34350,청양군,34,N,,,,Y,KOSIS_MCP_TABLE_INFO
101,DT_1EA1011,"행정구역(시군구)별 농가, 농가인구",,A,행정구역별,1,34360,홍성군,34,N,,,,Y,KOSIS_MCP_TABLE_INFO
101,DT_1EA1011,"행정구역(시군구)별 농가, 농가인구",,A,행정구역별,1,34370,예산군,34,N,,,,Y,KOSIS_MCP_TABLE_INFO
101,DT_1EA1011,"행정구역(시군구)별 농가, 농가인구",,A,행정구역별,1,34380,태안군,34,N,,,,Y,KOSIS_MCP_TABLE_INFO
101,DT_1EA1011,"행정구역(시군구)별 농가, 농가인구",,A,행정구역별,1,34390,당진군,34,N,,,,Y,KOSIS_MCP_TABLE_INFO
101,DT_1EA1011,"행정구역(시군구)별 농가, 농가인구",,A,행정구역별,1,35,전라북도,,N,,,,Y,KOSIS_MCP_TABLE_INFO
101,DT_1EA1011,"행정구역(시군구)별 농가, 농가인구",,A,행정구역별,1,35010,전주시,35,N,,,,Y,KOSIS_MCP_TABLE_INFO
101,DT_1EA1011,"행정구역(시군구)별 농가, 농가인구",,A,행정구역별,1,35020,군산시,35,N,,,,Y,KOSIS_MCP_TABLE_INFO
101,DT_1EA1011,"행정구역(시군구)별 농가, 농가인구",,A,행정구역별,1,35030,익산시,35,N,,,,Y,KOSIS_MCP_TABLE_INFO
101,DT_1EA1011,"행정구역(시군구)별 농가, 농가인구",,A,행정구역별,1,35040,정읍시,35,N,,,,Y,KOSIS_MCP_TABLE_INFO
101,DT_1EA1011,"행정구역(시군구)별 농가, 농가인구",,A,행정구역별,1,35050,남원시,35,N,,,,Y,KOSIS_MCP_TABLE_INFO
101,DT_1EA1011,"행정구역(시군구)별 농가, 농가인구",,A,행정구역별,1,35060,김제시,35,N,,,,Y,KOSIS_MCP_TABLE_INFO
101,DT_1EA1011,"행정구역(시군구)별 농가, 농가인구",,A,행정구역별,1,35310,완주군,35,N,,,,Y,KOSIS_MCP_TABLE_INFO
101,DT_1EA1011,"행정구역(시군구)별 농가, 농가인구",,A,행정구역별,1,35320,진안군,35,N,,,,Y,KOSIS_MCP_TABLE_INFO
101,DT_1EA1011,"행정구역(시군구)별 농가, 농가인구",,A,행정구역별,1,35330,무주군,35,N,,,,Y,KOSIS_MCP_TABLE_INFO
101,DT_1EA1011,"행정구역(시군구)별 농가, 농가인구",,A,행정구역별,1,35340,장수군,35,N,,,,Y,KOSIS_MCP_TABLE_INFO
101,DT_1EA1011,"행정구역(시군구)별 농가, 농가인구",,A,행정구역별,1,35350,임실군,35,N,,,,Y,KOSIS_MCP_TABLE_INFO
101,DT_1EA1011,"행정구역(시군구)별 농가, 농가인구",,A,행정구역별,1,35360,순창군,35,N,,,,Y,KOSIS_MCP_TABLE_INFO
101,DT_1EA1011,"행정구역(시군구)별 농가, 농가인구",,A,행정구역별,1,35370,고창군,35,N,,,,Y,KOSIS_MCP_TABLE_INFO
101,DT_1EA1011,"행정구역(시군구)별 농가, 농가인구",,A,행정구역별,1,35380,부안군,35,N,,,,Y,KOSIS_MCP_TABLE_INFO
101,DT_1EA1011,"행정구역(시군구)별 농가, 농가인구",,A,행정구역별,1,36,전라남도,,N,,,,Y,KOSIS_MCP_TABLE_INFO
101,DT_1EA1011,"행정구역(시군구)별 농가, 농가인구",,A,행정구역별,1,36010,목포시,36,N,,,,Y,KOSIS_MCP_TABLE_INFO
101,DT_1EA1011,"행정구역(시군구)별 농가, 농가인구",,A,행정구역별,1,36020,여수시,36,N,,,,Y,KOSIS_MCP_TABLE_INFO
101,DT_1EA1011,"행정구역(시군구)별 농가, 농가인구",,A,행정구역별,1,36030,순천시,36,N,,,,Y,KOSIS_MCP_TABLE_INFO
101,DT_1EA1011,"행정구역(시군구)별 농가, 농가인구",,A,행정구역별,1,36040,나주시,36,N,,,,Y,KOSIS_MCP_TABLE_INFO
101,DT_1EA1011,"행정구역(시군구)별 농가, 농가인구",,A,행정구역별,1,36060,광양시,36,N,,,,Y,KOSIS_MCP_TABLE_INFO
101,DT_1EA1011,"행정구역(시군구)별 농가, 농가인구",,A,행정구역별,1,36310,담양군,36,N,,,,Y,KOSIS_MCP_TABLE_INFO
101,DT_1EA1011,"행정구역(시군구)별 농가, 농가인구",,A,행정구역별,1,36320,곡성군,36,N,,,,Y,KOSIS_MCP_TABLE_INFO
101,DT_1EA1011,"행정구역(시군구)별 농가, 농가인구",,A,행정구역별,1,36330,구례군,36,N,,,,Y,KOSIS_MCP_TABLE_INFO
101,DT_1EA1011,"행정구역(시군구)별 농가, 농가인구",,A,행정구역별,1,36350,고흥군,36,N,,,,Y,KOSIS_MCP_TABLE_INFO
101,DT_1EA1011,"행정구역(시군구)별 농가, 농가인구",,A,행정구역별,1,36360,보성군,36,N,,,,Y,KOSIS_MCP_TABLE_INFO
101,DT_1EA1011,"행정구역(시군구)별 농가, 농가인구",,A,행정구역별,1,36370,화순군,36,N,,,,Y,KOSIS_MCP_TABLE_INFO
101,DT_1EA1011,"행정구역(시군구)별 농가, 농가인구",,A,행정구역별,1,36380,장흥군,36,N,,,,Y,KOSIS_MCP_TABLE_INFO
101,DT_1EA1011,"행정구역(시군구)별 농가, 농가인구",,A,행정구역별,1,36390,강진군,36,N,,,,Y,KOSIS_MCP_TABLE_INFO
101,DT_1EA1011,"행정구역(시군구)별 농가, 농가인구",,A,행정구역별,1,36400,해남군,36,N,,,,Y,KOSIS_MCP_TABLE_INFO
101,DT_1EA1011,"행정구역(시군구)별 농가, 농가인구",,A,행정구역별,1,36410,영암군,36,N,,,,Y,KOSIS_MCP_TABLE_INFO
101,DT_1EA1011,"행정구역(시군구)별 농가, 농가인구",,A,행정구역별,1,36420,무안군,36,N,,,,Y,KOSIS_MCP_TABLE_INFO
101,DT_1EA1011,"행정구역(시군구)별 농가, 농가인구",,A,행정구역별,1,36430,함평군,36,N,,,,Y,KOSIS_MCP_TABLE_INFO
101,DT_1EA1011,"행정구역(시군구)별 농가, 농가인구",,A,행정구역별,1,36440,영광군,36,N,,,,Y,KOSIS_MCP_TABLE_INFO
101,DT_1EA1011,"행정구역(시군구)별 농가, 농가인구",,A,행정구역별,1,36450,장성군,36,N,,,,Y,KOSIS_MCP_TABLE_INFO
101,DT_1EA1011,"행정구역(시군구)별 농가, 농가인구",,A,행정구역별,1,36460,완도군,36,N,,,,Y,KOSIS_MCP_TABLE_INFO
101,DT_1EA1011,"행정구역(시군구)별 농가, 농가인구",,A,행정구역별,1,36470,진도군,36,N,,,,Y,KOSIS_MCP_TABLE_INFO
101,DT_1EA1011,"행정구역(시군구)별 농가, 농가인구",,A,행정구역별,1,36480,신안군,36,N,,,,Y,KOSIS_MCP_TABLE_INFO
101,DT_1EA1011,"행정구역(시군구)별 농가, 농가인구",,A,행정구역별,1,37,경상북도,,N,,,,Y,KOSIS_MCP_TABLE_INFO
101,DT_1EA1011,"행정구역(시군구)별 농가, 농가인구",,A,행정구역별,1,37010,포항시,37,N,,,,Y,KOSIS_MCP_TABLE_INFO
101,DT_1EA1011,"행정구역(시군구)별 농가, 농가인구",,A,행정구역별,1,37020,경주시,37,N,,,,Y,KOSIS_MCP_TABLE_INFO
101,DT_1EA1011,"행정구역(시군구)별 농가, 농가인구",,A,행정구역별,1,37030,김천시,37,N,,,,Y,KOSIS_MCP_TABLE_INFO
101,DT_1EA1011,"행정구역(시군구)별 농가, 농가인구",,A,행정구역별,1,37040,안동시,37,N,,,,Y,KOSIS_MCP_TABLE_INFO
101,DT_1EA1011,"행정구역(시군구)별 농가, 농가인구",,A,행정구역별,1,37050,구미시,37,N,,,,Y,KOSIS_MCP_TABLE_INFO
101,DT_1EA1011,"행정구역(시군구)별 농가, 농가인구",,A,행정구역별,1,37060,영주시,37,N,,,,Y,KOSIS_MCP_TABLE_INFO
101,DT_1EA1011,"행정구역(시군구)별 농가, 농가인구",,A,행정구역별,1,37070,영천시,37,N,,,,Y,KOSIS_MCP_TABLE_INFO
101,DT_1EA1011,"행정구역(시군구)별 농가, 농가인구",,A,행정구역별,1,37080,상주시,37,N,,,,Y,KOSIS_MCP_TABLE_INFO
101,DT_1EA1011,"행정구역(시군구)별 농가, 농가인구",,A,행정구역별,1,37090,문경시,37,N,,,,Y,KOSIS_MCP_TABLE_INFO
101,DT_1EA1011,"행정구역(시군구)별 농가, 농가인구",,A,행정구역별,1,37100,경산시,37,N,,,,Y,KOSIS_MCP_TABLE_INFO
101,DT_1EA1011,"행정구역(시군구)별 농가, 농가인구",,A,행정구역별,1,37310,군위군,37,N,,,,Y,KOSIS_MCP_TABLE_INFO
101,DT_1EA1011,"행정구역(시군구)별 농가, 농가인구",,A,행정구역별,1,37320,의성군,37,N,,,,Y,KOSIS_MCP_TABLE_INFO
101,DT_1EA1011,"행정구역(시군구)별 농가, 농가인구",,A,행정구역별,1,37330,청송군,37,N,,,,Y,KOSIS_MCP_TABLE_INFO
101,DT_1EA1011,"행정구역(시군구)별 농가, 농가인구",,A,행정구역별,1,37340,영양군,37,N,,,,Y,KOSIS_MCP_TABLE_INFO
101,DT_1EA1011,"행정구역(시군구)별 농가, 농가인구",,A,행정구역별,1,37350,영덕군,37,N,,,,Y,KOSIS_MCP_TABLE_INFO
101,DT_1EA1011,"행정구역(시군구)별 농가, 농가인구",,A,행정구역별,1,37360,청도군,37,N,,,,Y,KOSIS_MCP_TABLE_INFO
101,DT_1EA1011,"행정구역(시군구)별 농가, 농가인구",,A,행정구역별,1,37370,고령군,37,N,,,,Y,KOSIS_MCP_TABLE_INFO
101,DT_1EA1011,"행정구역(시군구)별 농가, 농가인구",,A,행정구역별,1,37380,성주군,37,N,,,,Y,KOSIS_MCP_TABLE_INFO
101,DT_1EA1011,"행정구역(시군구)별 농가, 농가인구",,A,행정구역별,1,37390,칠곡군,37,N,,,,Y,KOSIS_MCP_TABLE_INFO
101,DT_1EA1011,"행정구역(시군구)별 농가, 농가인구",,A,행정구역별,1,37400,예천군,37,N,,,,Y,KOSIS_MCP_TABLE_INFO
101,DT_1EA1011,"행정구역(시군구)별 농가, 농가인구",,A,행정구역별,1,37410,봉화군,37,N,,,,Y,KOSIS_MCP_TABLE_INFO
101,DT_1EA1011,"행정구역(시군구)별 농가, 농가인구",,A,행정구역별,1,37420,울진군,37,N,,,,Y,KOSIS_MCP_TABLE_INFO
101,DT_1EA1011,"행정구역(시군구)별 농가, 농가인구",,A,행정구역별,1,37430,울릉군,37,N,,,,Y,KOSIS_MCP_TABLE_INFO
101,DT_1EA1011,"행정구역(시군구)별 농가, 농가인구",,A,행정구역별,1,38,경상남도,,N,,,,Y,KOSIS_MCP_TABLE_INFO
101,DT_1EA1011,"행정구역(시군구)별 농가, 농가인구",,A,행정구역별,1,38030,진주시,38,N,,,,Y,KOSIS_MCP_TABLE_INFO
101,DT_1EA1011,"행정구역(시군구)별 농가, 농가인구",,A,행정구역별,1,38050,통영시,38,N,,,,Y,KOSIS_MCP_TABLE_INFO
101,DT_1EA1011,"행정구역(시군구)별 농가, 농가인구",,A,행정구역별,1,38060,사천시,38,N,,,,Y,KOSIS_MCP_TABLE_INFO
101,DT_1EA1011,"행정구역(시군구)별 농가, 농가인구",,A,행정구역별,1,38070,김해시,38,N,,,,Y,KOSIS_MCP_TABLE_INFO
101,DT_1EA1011,"행정구역(시군구)별 농가, 농가인구",,A,행정구역별,1,38080,밀양시,38,N,,,,Y,KOSIS_MCP_TABLE_INFO
101,DT_1EA1011,"행정구역(시군구)별 농가, 농가인구",,A,행정구역별,1,38090,거제시,38,N,,,,Y,KOSIS_MCP_TABLE_INFO
101,DT_1EA1011,"행정구역(시군구)별 농가, 농가인구",,A,행정구역별,1,38100,양산시,38,N,,,,Y,KOSIS_MCP_TABLE_INFO
101,DT_1EA1011,"행정구역(시군구)별 농가, 농가인구",,A,행정구역별,1,38110,창원시,38,N,,,,Y,KOSIS_MCP_TABLE_INFO
101,DT_1EA1011,"행정구역(시군구)별 농가, 농가인구",,A,행정구역별,1,38310,의령군,38,N,,,,Y,KOSIS_MCP_TABLE_INFO
101,DT_1EA1011,"행정구역(시군구)별 농가, 농가인구",,A,행정구역별,1,38320,함안군,38,N,,,,Y,KOSIS_MCP_TABLE_INFO
101,DT_1EA1011,"행정구역(시군구)별 농가, 농가인구",,A,행정구역별,1,38330,창녕군,38,N,,,,Y,KOSIS_MCP_TABLE_INFO
101,DT_1EA1011,"행정구역(시군구)별 농가, 농가인구",,A,행정구역별,1,38340,고성군,38,N,,,,Y,KOSIS_MCP_TABLE_INFO
101,DT_1K41012,재별 및 상품군별 소매판매액지수(2020=100.0),,ITEM,항목,,T1,경상지수,,Y,,,,M|Q|Y,KOSIS_MCP_TABLE_INFO
101,DT_1K41012,재별 및 상품군별 소매판매액지수(2020=100.0),,ITEM,항목,,T2,불변지수,,Y,,,,M|Q|Y,KOSIS_MCP_TABLE_INFO
101,DT_1K41012,재별 및 상품군별 소매판매액지수(2020=100.0),,ITEM,항목,,T3,계절조정지수,,Y,,,,M|Q|Y,KOSIS_MCP_TABLE_INFO
101,DT_1K41012,재별 및 상품군별 소매판매액지수(2020=100.0),,A,재별 및 상품군별,1,G0,총지수,,N,,,,M|Q|Y,KOSIS_MCP_TABLE_INFO
101,DT_1K41012,재별 및 상품군별 소매판매액지수(2020=100.0),,A,재별 및 상품군별,1,G01,합계(승용차 제외),G0,N,,,,M|Q|Y,KOSIS_MCP_TABLE_INFO
101,DT_1K41012,재별 및 상품군별 소매판매액지수(2020=100.0),,A,재별 및 상품군별,1,G1,내구재,G0,N,,,,M|Q|Y,KOSIS_MCP_TABLE_INFO
101,DT_1K41012,재별 및 상품군별 소매판매액지수(2020=100.0),,A,재별 및 상품군별,1,G11,승용차,G1,N,,,,M|Q|Y,KOSIS_MCP_TABLE_INFO
101,DT_1K41012,재별 및 상품군별 소매판매액지수(2020=100.0),,A,재별 및 상품군별,1,G111,국내 승용차,G11,N,,,,M|Q|Y,KOSIS_MCP_TABLE_INFO
101,DT_1K41012,재별 및 상품군별 소매판매액지수(2020=100.0),,A,재별 및 상품군별,1,G112,수입 승용차,G11,N,,,,M|Q|Y,KOSIS_MCP_TABLE_INFO
101,DT_1K41012,재별 및 상품군별 소매판매액지수(2020=100.0),,A,재별 및 상품군별,1,G12,가전제품,G1,N,,,,M|Q|Y,KOSIS_MCP_TABLE_INFO
101,DT_1K41012,재별 및 상품군별 소매판매액지수(2020=100.0),,A,재별 및 상품군별,1,G13,통신기기 및 컴퓨터,G1,N,,,,M|Q|Y,KOSIS_MCP_TABLE_INFO
101,DT_1K41012,재별 및 상품군별 소매판매액지수(2020=100.0),,A,재별 및 상품군별,1,G131,통신기기,G13,N,,,,M|Q|Y,KOSIS_MCP_TABLE_INFO
101,DT_1K41012,재별 및 상품군별 소매판매액지수(2020=100.0),,A,재별 및 상품군별,1,G132,컴퓨터,G13,N,,,,M|Q|Y,KOSIS_MCP_TABLE_INFO
101,DT_1K41012,재별 및 상품군별 소매판매액지수(2020=100.0),,A,재별 및 상품군별,1,G14,가구,G1,N,,,,M|Q|Y,KOSIS_MCP_TABLE_INFO
101,DT_1K41012,재별 및 상품군별 소매판매액지수(2020=100.0),,A,재별 및 상품군별,1,G19,기타내구재,G1,N,,,,M|Q|Y,KOSIS_MCP_TABLE_INFO
101,DT_1K41012,재별 및 상품군별 소매판매액지수(2020=100.0),,A,재별 및 상품군별,1,G2,준내구재,G0,N,,,,M|Q|Y,KOSIS_MCP_TABLE_INFO
101,DT_1K41012,재별 및 상품군별 소매판매액지수(2020=100.0),,A,재별 및 상품군별,1,G21,의복,G2,N,,,,M|Q|Y,KOSIS_MCP_TABLE_INFO
101,DT_1K41012,재별 및 상품군별 소매판매액지수(2020=100.0),,A,재별 및 상품군별,1,G22,신발 및 가방,G2,N,,,,M|Q|Y,KOSIS_MCP_TABLE_INFO
101,DT_1K41012,재별 및 상품군별 소매판매액지수(2020=100.0),,A,재별 및 상품군별,1,G221,신발,G22,N,,,,M|Q|Y,KOSIS_MCP_TABLE_INFO
101,DT_1K41012,재별 및 상품군별 소매판매액지수(2020=100.0),,A,재별 및 상품군별,1,G222,가방,G22,N,,,,M|Q|Y,KOSIS_MCP_TABLE_INFO
101,DT_1K41012,재별 및 상품군별 소매판매액지수(2020=100.0),,A,재별 및 상품군별,1,G23,오락 취미 경기용품,G2,N,,,,M|Q|Y,KOSIS_MCP_TABLE_INFO
101,DT_1K41012,재별 및 상품군별 소매판매액지수(2020=100.0),,A,재별 및 상품군별,1,G29,기타준내구재,G2,N,,,,M|Q|Y,KOSIS_MCP_TABLE_INFO
101,DT_1K41012,재별 및 상품군별 소매판매액지수(2020=100.0),,A,재별 및 상품군별,1,G3,비내구재,G0,N,,,,M|Q|Y,KOSIS_MCP_TABLE_INFO
101,DT_1K41012,재별 및 상품군별 소매판매액지수(2020=100.0),,A,재별 및 상품군별,1,G31,음식료품,G3,N,,,,M|Q|Y,KOSIS_MCP_TABLE_INFO
101,DT_1K41012,재별 및 상품군별 소매판매액지수(2020=100.0),,A,재별 및 상품군별,1,G32,의약품,G3,N,,,,M|Q|Y,KOSIS_MCP_TABLE_INFO
101,DT_1K41012,재별 및 상품군별 소매판매액지수(2020=100.0),,A,재별 및 상품군별,1,G33,화장품,G3,N,,,,M|Q|Y,KOSIS_MCP_TABLE_INFO
101,DT_1K41012,재별 및 상품군별 소매판매액지수(2020=100.0),,A,재별 및 상품군별,1,G34,서적 문구,G3,N,,,,M|Q|Y,KOSIS_MCP_TABLE_INFO
101,DT_1K41012,재별 및 상품군별 소매판매액지수(2020=100.0),,A,재별 및 상품군별,1,G35,차량연료,G3,N,,,,M|Q|Y,KOSIS_MCP_TABLE_INFO
101,DT_1K41012,재별 및 상품군별 소매판매액지수(2020=100.0),,A,재별 및 상품군별,1,G39,기타비내구재,G3,N,,,,M|Q|Y,KOSIS_MCP_TABLE_INFO
101,DT_1KC2020,산업별 서비스업생산지수(2020=100.0),,ITEM,항목,,T1,경상지수,,Y,,,,M|Q|Y,KOSIS_MCP_TABLE_INFO
101,DT_1KC2020,산업별 서비스업생산지수(2020=100.0),,ITEM,항목,,T2,불변지수,,Y,,,,M|Q|Y,KOSIS_MCP_TABLE_INFO
101,DT_1KC2020,산업별 서비스업생산지수(2020=100.0),,ITEM,항목,,T3,계절조정지수,,Y,,,,M|Q|Y,KOSIS_MCP_TABLE_INFO
101,DT_1KC2020,산업별 서비스업생산지수(2020=100.0),,A,업종별,1,T,총지수,,N,,,,M|Q|Y,KOSIS_MCP_TABLE_INFO
101,DT_1KC2020,산업별 서비스업생산지수(2020=100.0),,A,업종별,1,E,수도 하수 및 폐기물 처리 원료 재생업,,N,,,,M|Q|Y,KOSIS_MCP_TABLE_INFO
101,DT_1KC2020,산업별 서비스업생산지수(2020=100.0),,A,업종별,1,E36,수도업,E,N,,,,M|Q|Y,KOSIS_MCP_TABLE_INFO
101,DT_1KC2020,산업별 서비스업생산지수(2020=100.0),,A,업종별,1,E360,수도업,E36,N,,,,M|Q|Y,KOSIS_MCP_TABLE_INFO
101,DT_1KC2020,산업별 서비스업생산지수(2020=100.0),,A,업종별,1,E37,하수 폐수 및 분뇨 처리업,E,N,,,,M|Q|Y,KOSIS_MCP_TABLE_INFO
101,DT_1KC2020,산업별 서비스업생산지수(2020=100.0),,A,업종별,1,E370,하수 폐수 및 분뇨 처리업,E37,N,,,,M|Q|Y,KOSIS_MCP_TABLE_INFO
101,DT_1KC2020,산업별 서비스업생산지수(2020=100.0),,A,업종별,1,E3701,하수 및 폐수 처리업,E370,N,,,,M|Q|Y,KOSIS_MCP_TABLE_INFO
101,DT_1KC2020,산업별 서비스업생산지수(2020=100.0),,A,업종별,1,E38,폐기물 수집 운반 처리 및 원료 재생업,E,N,,,,M|Q|Y,KOSIS_MCP_TABLE_INFO
101,DT_1KC2020,산업별 서비스업생산지수(2020=100.0),,A,업종별,1,G,도매 및 소매업,,N,,,,M|Q|Y,KOSIS_MCP_TABLE_INFO
101,DT_1KC2020,산업별 서비스업생산지수(2020=100.0),,A,업종별,1,G45,자동차 및 부품 판매업,G,N,,,,M|Q|Y,KOSIS_MCP_TABLE_INFO
101,DT_1KC2020,산업별 서비스업생산지수(2020=100.0),,A,업종별,1,G451,자동차 판매업,G45,N,,,,M|Q|Y,KOSIS_MCP_TABLE_INFO
101,DT_1KC2020,산업별 서비스업생산지수(2020=100.0),,A,업종별,1,G452,자동차 부품 및 내장품 판매업,G45,N,,,,M|Q|Y,KOSIS_MCP_TABLE_INFO
101,DT_1KC2020,산업별 서비스업생산지수(2020=100.0),,A,업종별,1,G4521,자동차 신품 부품 및 내장품 판매업,G452,N,,,,M|Q|Y,KOSIS_MCP_TABLE_INFO
101,DT_1KC2020,산업별 서비스업생산지수(2020=100.0),,A,업종별,1,G46,도매 및 상품 중개업,G,N,,,,M|Q|Y,KOSIS_MCP_TABLE_INFO
101,DT_1KC2020,산업별 서비스업생산지수(2020=100.0),,A,업종별,1,G462,산업용 농ㆍ축산물 및 동ㆍ식물 도매업,G46,N,,,,M|Q|Y,KOSIS_MCP_TABLE_INFO
101,DT_1KC2020,산업별 서비스업생산지수(2020=100.0),,A,업종별,1,G4620,산업용 농ㆍ축산물 및 동ㆍ식물 도매업,G462,N,,,,M|Q|Y,KOSIS_MCP_TABLE_INFO
101,DT_1KC2020,산업별 서비스업생산지수(2020=100.0),,A,업종별,1,G463,음ㆍ식료품 및 담배 도매업,G46,N,,,,M|Q|Y,KOSIS_MCP_TABLE_INFO
101,DT_1KC2020,산업별 서비스업생산지수(2020=100.0),,A,업종별,1,G4631,신선식품 도매업,G463,N,,,,M|Q|Y,KOSIS_MCP_TABLE_INFO
101,DT_1KC2020,산업별 서비스업생산지수(2020=100.0),,A,업종별,1,G4632,가공식품 도매업,G463,N,,,,M|Q|Y,KOSIS_MCP_TABLE_INFO
101,DT_1KC2020,산업별 서비스업생산지수(2020=100.0),,A,업종별,1,G4633,음료 및 담배 도매업,G463,N,,,,M|Q|Y,KOSIS_MCP_TABLE_INFO
101,DT_1KC2020,산업별 서비스업생산지수(2020=100.0),,A,업종별,1,G464,생활용품 도매업,G46,N,,,,M|Q|Y,KOSIS_MCP_TABLE_INFO
101,DT_1KC2020,산업별 서비스업생산지수(2020=100.0),,A,업종별,1,G4641,의복 및 신발 도매업,G464,N,,,,M|Q|Y,KOSIS_MCP_TABLE_INFO
101,DT_1KC2020,산업별 서비스업생산지수(2020=100.0),,A,업종별,1,G4644,의약품 의료용품 및 화장품 도매업,G464,N,,,,M|Q|Y,KOSIS_MCP_TABLE_INFO
101,DT_1KC2020,산업별 서비스업생산지수(2020=100.0),,A,업종별,1,G4645,위생용품 문구용품 및 출판 인쇄물 도매업 ,G464,N,,,,M|Q|Y,KOSIS_MCP_TABLE_INFO
101,DT_1KC2020,산업별 서비스업생산지수(2020=100.0),,A,업종별,1,G4649,기타 생활용품 도매업,G464,N,,,,M|Q|Y,KOSIS_MCP_TABLE_INFO
101,DT_1KC2020,산업별 서비스업생산지수(2020=100.0),,A,업종별,1,G465,기계장비 및 관련 물품 도매업,G46,N,,,,M|Q|Y,KOSIS_MCP_TABLE_INFO
101,DT_1KC2020,산업별 서비스업생산지수(2020=100.0),,A,업종별,1,G4651,컴퓨터 및 통신장비 도매업,G465,N,,,,M|Q|Y,KOSIS_MCP_TABLE_INFO
101,DT_1KC2020,산업별 서비스업생산지수(2020=100.0),,A,업종별,1,G4652,가전 및 전기장비 도매업,G465,N,,,,M|Q|Y,KOSIS_MCP_TABLE_INFO
101,DT_1KC2020,산업별 서비스업생산지수(2020=100.0),,A,업종별,1,G4653,기타 기계장비 도매업,G465,N,,,,M|Q|Y,KOSIS_MCP_TABLE_INFO
101,DT_1KC2020,산업별 서비스업생산지수(2020=100.0),,A,업종별,1,G466,건축자재 도매업,G46,N,,,,M|Q|Y,KOSIS_MCP_TABLE_INFO
101,DT_1KC2020,산업별 서비스업생산지수(2020=100.0),,A,업종별,1,G467,기타 전문 도매업,G46,N,,,,M|Q|Y,KOSIS_MCP_TABLE_INFO
101,DT_1KC2020,산업별 서비스업생산지수(2020=100.0),,A,업종별,1,G4671,연료 도매업,G467,N,,,,M|Q|Y,KOSIS_MCP_TABLE_INFO
101,DT_1KC2020,산업별 서비스업생산지수(2020=100.0),,A,업종별,1,G4672,금속재료 도매업,G467,N,,,,M|Q|Y,KOSIS_MCP_TABLE_INFO
101,DT_1KC2020,산업별 서비스업생산지수(2020=100.0),,A,업종별,1,G4673,화학제품 도매업,G467,N,,,,M|Q|Y,KOSIS_MCP_TABLE_INFO
101,DT_1KC2020,산업별 서비스업생산지수(2020=100.0),,A,업종별,1,G4679,재생용 재료 및 기타 상품 전문 도매업,G467,N,,,,M|Q|Y,KOSIS_MCP_TABLE_INFO
101,DT_1KC2020,산업별 서비스업생산지수(2020=100.0),,A,업종별,1,G47,소매업; 자동차 제외,G,N,,,,M|Q|Y,KOSIS_MCP_TABLE_INFO
101,DT_1KC2020,산업별 서비스업생산지수(2020=100.0),,A,업종별,1,G471,종합 소매업,G47,N,,,,M|Q|Y,KOSIS_MCP_TABLE_INFO
101,DT_1KC2020,산업별 서비스업생산지수(2020=100.0),,A,업종별,1,G4711,대형 종합 소매업,G471,N,,,,M|Q|Y,KOSIS_MCP_TABLE_INFO
101,DT_1KC2020,산업별 서비스업생산지수(2020=100.0),,A,업종별,1,G4712,음ㆍ식료품 위주 종합 소매업,G471,N,,,,M|Q|Y,KOSIS_MCP_TABLE_INFO
101,DT_1KC2020,산업별 서비스업생산지수(2020=100.0),,A,업종별,1,G4713,면세점,G471,N,,,,M|Q|Y,KOSIS_MCP_TABLE_INFO
101,DT_1KC2020,산업별 서비스업생산지수(2020=100.0),,A,업종별,1,G472,음ㆍ식료품 소매업,G47,N,,,,M|Q|Y,KOSIS_MCP_TABLE_INFO
101,DT_1KC2020,산업별 서비스업생산지수(2020=100.0),,A,업종별,1,G473,가전제품 및 정보통신장비 소매업,G47,N,,,,M|Q|Y,KOSIS_MCP_TABLE_INFO
101,DT_1KC2020,산업별 서비스업생산지수(2020=100.0),,A,업종별,1,G4731,컴퓨터ㆍ통신기기 및 소프트웨어 소매업,G473,N,,,,M|Q|Y,KOSIS_MCP_TABLE_INFO
101,DT_1KC2020,산업별 서비스업생산지수(2020=100.0),,A,업종별,1,G4732,가전제품 소매업,G473,N,,,,M|Q|Y,KOSIS_MCP_TABLE_INFO
101,DT_1KC2020,산업별 서비스업생산지수(2020=100.0),,A,업종별,1,G474,섬유 의복 신발 및 가죽제품 소매업,G47,N,,,,M|Q|Y,KOSIS_MCP_TABLE_INFO
101,DT_1KC2020,산업별 서비스업생산지수(2020=100.0),,A,업종별,1,G4741,의복 및 섬유제품 소매업,G474,N,,,,M|Q|Y,KOSIS_MCP_TABLE_INFO
101,DT_1KC2020,산업별 서비스업생산지수(2020=100.0),,A,업종별,1,G4743,신발 및 가죽제품 소매업,G474,N,,,,M|Q|Y,KOSIS_MCP_TABLE_INFO
101,DT_1KC2020,산업별 서비스업생산지수(2020=100.0),,A,업종별,1,G475,기타 생활용품 소매업,G47,N,,,,M|Q|Y,KOSIS_MCP_TABLE_INFO
101,DT_1KC2020,산업별 서비스업생산지수(2020=100.0),,A,업종별,1,G4752,가구 소매업,G475,N,,,,M|Q|Y,KOSIS_MCP_TABLE_INFO
101,DT_1KC2020,산업별 서비스업생산지수(2020=100.0),,A,업종별,1,G4759,주방용품 및 기타 가정용품 소매업,G475,N,,,,M|Q|Y,KOSIS_MCP_TABLE_INFO
101,DT_1KC2020,산업별 서비스업생산지수(2020=100.0),,A,업종별,1,G476,문화 오락 및 여가 용품 소매업,G47,N,,,,M|Q|Y,KOSIS_MCP_TABLE_INFO
101,DT_1KC2020,산업별 서비스업생산지수(2020=100.0),,A,업종별,1,G4761,서적 및 문구용품 소매업,G476,N,,,,M|Q|Y,KOSIS_MCP_TABLE_INFO
101,DT_1KC2020,산업별 서비스업생산지수(2020=100.0),,A,업종별,1,G4763,오락 및 운동용품 소매업,G476,N,,,,M|Q|Y,KOSIS_MCP_TABLE_INFO
101,DT_1KC2020,산업별 서비스업생산지수(2020=100.0),,A,업종별,1,G477,연료 소매업,G47,N,,,,M|Q|Y,KOSIS_MCP_TABLE_INFO
101,DT_1KC2020,산업별 서비스업생산지수(2020=100.0),,A,업종별,1,G4771,차량연료 소매업,G477,N,,,,M|Q|Y,KOSIS_MCP_TABLE_INFO
101,DT_1KC2020,산업별 서비스업생산지수(2020=100.0),,A,업종별,1,G4772,가정연료 소매업,G477,N,,,,M|Q|Y,KOSIS_MCP_TABLE_INFO
101,DT_1KC2020,산업별 서비스업생산지수(2020=100.0),,A,업종별,1,G478,기타 상품 전문 소매업,G47,N,,,,M|Q|Y,KOSIS_MCP_TABLE_INFO
101,DT_1KC2020,산업별 서비스업생산지수(2020=100.0),,A,업종별,1,G4781,의약품 의료용 기구 화장품 및 방향제 소매업,G478,N,,,,M|Q|Y,KOSIS_MCP_TABLE_INFO
101,DT_1KC2020,산업별 서비스업생산지수(2020=100.0),,A,업종별,1,G4785,화초 및 기타상품 소매업,G478,N,,,,M|Q|Y,KOSIS_MCP_TABLE_INFO
101,DT_1KC2020,산업별 서비스업생산지수(2020=100.0),,A,업종별,1,G479,무점포 소매업,G47,N,,,,M|Q|Y,KOSIS_MCP_TABLE_INFO
101,DT_1KC2020,산업별 서비스업생산지수(2020=100.0),,A,업종별,1,G4791,통신 판매업,G479,N,,,,M|Q|Y,KOSIS_MCP_TABLE_INFO
101,DT_1KC2020,산업별 서비스업생산지수(2020=100.0),,A,업종별,1,G4799,방문 및 배달 소매업,G479,N,,,,M|Q|Y,KOSIS_MCP_TABLE_INFO
101,DT_1KC2020,산업별 서비스업생산지수(2020=100.0),,A,업종별,1,H,운수 및 창고업,,N,,,,M|Q|Y,KOSIS_MCP_TABLE_INFO
101,DT_1KC2020,산업별 서비스업생산지수(2020=100.0),,A,업종별,1,H49,육상운송 및 파이프라인 운송업,H,N,,,,M|Q|Y,KOSIS_MCP_TABLE_INFO
101,DT_1KC2020,산업별 서비스업생산지수(2020=100.0),,A,업종별,1,H491,철도 운송업,H49,N,,,,M|Q|Y,KOSIS_MCP_TABLE_INFO
101,DT_1KC2020,산업별 서비스업생산지수(2020=100.0),,A,업종별,1,H4910,철도 운송업,H491,N,,,,M|Q|Y,KOSIS_MCP_TABLE_INFO
101,DT_1KC2020,산업별 서비스업생산지수(2020=100.0),,A,업종별,1,H492,육상 여객 운송업,H49,N,,,,M|Q|Y,KOSIS_MCP_TABLE_INFO
101,DT_1KC2020,산업별 서비스업생산지수(2020=100.0),,A,업종별,1,H4921,도시 정기 육상 여객 운송업,H492,N,,,,M|Q|Y,KOSIS_MCP_TABLE_INFO
101,DT_1KC2020,산업별 서비스업생산지수(2020=100.0),,A,업종별,1,H4922,시외버스 운송업,H492,N,,,,M|Q|Y,KOSIS_MCP_TABLE_INFO
101,DT_1KC2020,산업별 서비스업생산지수(2020=100.0),,A,업종별,1,H4923,부정기 육상 여객 운송업,H492,N,,,,M|Q|Y,KOSIS_MCP_TABLE_INFO
101,DT_1KC2020,산업별 서비스업생산지수(2020=100.0),,A,업종별,1,H493,도로 화물 운송업,H49,N,,,,M|Q|Y,KOSIS_MCP_TABLE_INFO
101,DT_1KC2020,산업별 서비스업생산지수(2020=100.0),,A,업종별,1,H4930,도로 화물 운송업,H493,N,,,,M|Q|Y,KOSIS_MCP_TABLE_INFO
101,DT_1KC2020,산업별 서비스업생산지수(2020=100.0),,A,업종별,1,H494,소화물 전문 운송업,H49,N,,,,M|Q|Y,KOSIS_MCP_TABLE_INFO
101,DT_1KC2020,산업별 서비스업생산지수(2020=100.0),,A,업종별,1,H4940,소화물 전문 운송업,H494,N,,,,M|Q|Y,KOSIS_MCP_TABLE_INFO
101,DT_1KC2020,산업별 서비스업생산지수(2020=100.0),,A,업종별,1,H50,수상 운송업,H,N,,,,M|Q|Y,KOSIS_MCP_TABLE_INFO
101,DT_1KC2020,산업별 서비스업생산지수(2020=100.0),,A,업종별,1,H501,해상 운송업,H50,N,,,,M|Q|Y,KOSIS_MCP_TABLE_INFO
101,DT_1KC2020,산업별 서비스업생산지수(2020=100.0),,A,업종별,1,H5011,외항 운송업,H501,N,,,,M|Q|Y,KOSIS_MCP_TABLE_INFO
101,DT_1KC2020,산업별 서비스업생산지수(2020=100.0),,A,업종별,1,H5012,내항 운송업,H501,N,,,,M|Q|Y,KOSIS_MCP_TABLE_INFO
101,DT_1KC2020,산업별 서비스업생산지수(2020=100.0),,A,업종별,1,H51,항공 운송업,H,N,,,,M|Q|Y,KOSIS_MCP_TABLE_INFO
101,DT_1KC2020,산업별 서비스업생산지수(2020=100.0),,A,업종별,1,H511,항공 여객 운송업,H51,N,,,,M|Q|Y,KOSIS_MCP_TABLE_INFO
101,DT_1KC2020,산업별 서비스업생산지수(2020=100.0),,A,업종별,1,H5110,항공 여객 운송업,H511,N,,,,M|Q|Y,KOSIS_MCP_TABLE_INFO
101,DT_1KC2020,산업별 서비스업생산지수(2020=100.0),,A,업종별,1,H512,항공 화물 운송업,H51,N,,,,M|Q|Y,KOSIS_MCP_TABLE_INFO
101,DT_1KC2020,산업별 서비스업생산지수(2020=100.0),,A,업종별,1,H5120,항공 화물 운송업,H512,N,,,,M|Q|Y,KOSIS_MCP_TABLE_INFO
101,DT_1KC2020,산업별 서비스업생산지수(2020=100.0),,A,업종별,1,H52,창고 및 운송관련 서비스업,H,N,,,,M|Q|Y,KOSIS_MCP_TABLE_INFO
101,DT_1KC2020,산업별 서비스업생산지수(2020=100.0),,A,업종별,1,H521,보관 및 창고업,H52,N,,,,M|Q|Y,KOSIS_MCP_TABLE_INFO
101,DT_1KC2020,산업별 서비스업생산지수(2020=100.0),,A,업종별,1,H5210,보관 및 창고업,H521,N,,,,M|Q|Y,KOSIS_MCP_TABLE_INFO
101,DT_1KC2020,산업별 서비스업생산지수(2020=100.0),,A,업종별,1,H529,기타 운송관련 서비스업,H52,N,,,,M|Q|Y,KOSIS_MCP_TABLE_INFO
101,DT_1KC2020,산업별 서비스업생산지수(2020=100.0),,A,업종별,1,H5291,육상 운송지원 서비스업,H529,N,,,,M|Q|Y,KOSIS_MCP_TABLE_INFO
101,DT_1KC2020,산업별 서비스업생산지수(2020=100.0),,A,업종별,1,H5292,수상 운송지원 서비스업,H529,N,,,,M|Q|Y,KOSIS_MCP_TABLE_INFO
101,DT_1KC2020,산업별 서비스업생산지수(2020=100.0),,A,업종별,1,H5293,항공 운송지원 서비스업,H529,N,,,,M|Q|Y,KOSIS_MCP_TABLE_INFO
101,DT_1KC2020,산업별 서비스업생산지수(2020=100.0),,A,업종별,1,H5294,화물 취급업,H529,N,,,,M|Q|Y,KOSIS_MCP_TABLE_INFO
101,DT_1KC2020,산업별 서비스업생산지수(2020=100.0),,A,업종별,1,H5299,그 외 기타 운송관련 서비스업,H529,N,,,,M|Q|Y,KOSIS_MCP_TABLE_INFO
101,DT_1KC2020,산업별 서비스업생산지수(2020=100.0),,A,업종별,1,I,숙박 및 음식점업,,N,,,,M|Q|Y,KOSIS_MCP_TABLE_INFO
101,DT_1KC2020,산업별 서비스업생산지수(2020=100.0),,A,업종별,1,I55,숙박업,I,N,,,,M|Q|Y,KOSIS_MCP_TABLE_INFO
101,DT_1KC2020,산업별 서비스업생산지수(2020=100.0),,A,업종별,1,I551,일반 및 생활 숙박시설 운영업,I55,N,,,,M|Q|Y,KOSIS_MCP_TABLE_INFO
101,DT_1KC2020,산업별 서비스업생산지수(2020=100.0),,A,업종별,1,I5510,일반 및 생활 숙박시설 운영업,I551,N,,,,M|Q|Y,KOSIS_MCP_TABLE_INFO
101,DT_1KC2020,산업별 서비스업생산지수(2020=100.0),,A,업종별,1,I55101,호텔업,I5510,N,,,,M|Q|Y,KOSIS_MCP_TABLE_INFO
101,DT_1KC2020,산업별 서비스업생산지수(2020=100.0),,A,업종별,1,I55102,여관업,I5510,N,,,,M|Q|Y,KOSIS_MCP_TABLE_INFO
101,DT_1KC2020,산업별 서비스업생산지수(2020=100.0),,A,업종별,1,I56,음식점 및 주점업,I,N,,,,M|Q|Y,KOSIS_MCP_TABLE_INFO
101,DT_1KC2020,산업별 서비스업생산지수(2020=100.0),,A,업종별,1,I561,음식점업,I56,N,,,,M|Q|Y,KOSIS_MCP_TABLE_INFO
101,DT_1KC2020,산업별 서비스업생산지수(2020=100.0),,A,업종별,1,I5611,한식 음식점업,I561,N,,,,M|Q|Y,KOSIS_MCP_TABLE_INFO
101,DT_1KC2020,산업별 서비스업생산지수(2020=100.0),,A,업종별,1,I5612,외국식 음식점업,I561,N,,,,M|Q|Y,KOSIS_MCP_TABLE_INFO
101,DT_1KC2020,산업별 서비스업생산지수(2020=100.0),,A,업종별,1,I5613,기관 구내식당업,I561,N,,,,M|Q|Y,KOSIS_MCP_TABLE_INFO
101,DT_1KC2020,산업별 서비스업생산지수(2020=100.0),,A,업종별,1,I5619,기타 간이 음식점업,I561,N,,,,M|Q|Y,KOSIS_MCP_TABLE_INFO
101,DT_1KC2020,산업별 서비스업생산지수(2020=100.0),,A,업종별,1,I562,주점 및 비알코올 음료점업,I56,N,,,,M|Q|Y,KOSIS_MCP_TABLE_INFO
101,DT_1KC2020,산업별 서비스업생산지수(2020=100.0),,A,업종별,1,I5621,주점업,I562,N,,,,M|Q|Y,KOSIS_MCP_TABLE_INFO
101,DT_1KC2020,산업별 서비스업생산지수(2020=100.0),,A,업종별,1,I5622,커피 등 비알코올 음료점업,I562,N,,,,M|Q|Y,KOSIS_MCP_TABLE_INFO
101,DT_1KC2020,산업별 서비스업생산지수(2020=100.0),,A,업종별,1,J,정보통신업,,N,,,,M|Q|Y,KOSIS_MCP_TABLE_INFO
101,DT_1KC2020,산업별 서비스업생산지수(2020=100.0),,A,업종별,1,J58,출판업,J,N,,,,M|Q|Y,KOSIS_MCP_TABLE_INFO
101,DT_1KC2020,산업별 서비스업생산지수(2020=100.0),,A,업종별,1,J581,서적 잡지 및 기타 인쇄물 출판업,J58,N,,,,M|Q|Y,KOSIS_MCP_TABLE_INFO
101,DT_1KC2020,산업별 서비스업생산지수(2020=100.0),,A,업종별,1,J5811,서적 출판업,J581,N,,,,M|Q|Y,KOSIS_MCP_TABLE_INFO
101,DT_1KC2020,산업별 서비스업생산지수(2020=100.0),,A,업종별,1,J5812,신문 잡지 및 정기간행물 출판업,J581,N,,,,M|Q|Y,KOSIS_MCP_TABLE_INFO
101,DT_1KC2020,산업별 서비스업생산지수(2020=100.0),,A,업종별,1,J582,소프트웨어 개발 및 공급업,J58,N,,,,M|Q|Y,KOSIS_MCP_TABLE_INFO
101,DT_1KC2020,산업별 서비스업생산지수(2020=100.0),,A,업종별,1,J5821,게임 소프트웨어 개발 및 공급업,J582,N,,,,M|Q|Y,KOSIS_MCP_TABLE_INFO
101,DT_1KC2020,산업별 서비스업생산지수(2020=100.0),,A,업종별,1,J5822,시스템ㆍ응용 소프트웨어 개발 및 공급업,J582,N,,,,M|Q|Y,KOSIS_MCP_TABLE_INFO
101,DT_1KC2020,산업별 서비스업생산지수(2020=100.0),,A,업종별,1,J59,영상ㆍ오디오 기록물 제작 및 배급업,J,N,,,,M|Q|Y,KOSIS_MCP_TABLE_INFO
101,DT_1KC2020,산업별 서비스업생산지수(2020=100.0),,A,업종별,1,J591,영화 비디오물 방송 프로그램 제작 및 배급업,J59,N,,,,M|Q|Y,KOSIS_MCP_TABLE_INFO
101,DT_1KC2020,산업별 서비스업생산지수(2020=100.0),,A,업종별,1,J5911,영화 비디오물 및 방송프로그램 제작 및 배급업,J591,N,,,,M|Q|Y,KOSIS_MCP_TABLE_INFO
101,DT_1KC2020,산업별 서비스업생산지수(2020=100.0),,A,업종별,1,J5914,영화 및 비디오물 상영업,J591,N,,,,M|Q|Y,KOSIS_MCP_TABLE_INFO
101,DT_1KC2020,산업별 서비스업생산지수(2020=100.0),,A,업종별,1,J60,방송업,J,N,,,,M|Q|Y,KOSIS_MCP_TABLE_INFO
101,DT_1KC2020,산업별 서비스업생산지수(2020=100.0),,A,업종별,1,J602,텔레비전 방송업,J60,N,,,,M|Q|Y,KOSIS_MCP_TABLE_INFO
101,DT_1KC2020,산업별 서비스업생산지수(2020=100.0),,A,업종별,1,J6021,지상파 방송업,J602,N,,,,M|Q|Y,KOSIS_MCP_TABLE_INFO
101,DT_1KC2020,산업별 서비스업생산지수(2020=100.0),,A,업종별,1,J6022,유선 위성 및 기타 방송업,J602,N,,,,M|Q|Y,KOSIS_MCP_TABLE_INFO
101,DT_1KC2020,산업별 서비스업생산지수(2020=100.0),,A,업종별,1,J61,우편 및 통신업,J,N,,,,M|Q|Y,KOSIS_MCP_TABLE_INFO
101,DT_1KC2020,산업별 서비스업생산지수(2020=100.0),,A,업종별,1,J611,공영 우편업,J61,N,,,,M|Q|Y,KOSIS_MCP_TABLE_INFO
101,DT_1KC2020,산업별 서비스업생산지수(2020=100.0),,A,업종별,1,J6110,공영 우편업,J611,N,,,,M|Q|Y,KOSIS_MCP_TABLE_INFO
101,DT_1KC2020,산업별 서비스업생산지수(2020=100.0),,A,업종별,1,J612,전기 통신업,J61,N,,,,M|Q|Y,KOSIS_MCP_TABLE_INFO
101,DT_1KC2020,산업별 서비스업생산지수(2020=100.0),,A,업종별,1,J6121,유선 통신업,J612,N,,,,M|Q|Y,KOSIS_MCP_TABLE_INFO
101,DT_1KC2020,산업별 서비스업생산지수(2020=100.0),,A,업종별,1,J6122,무선 및 위성 통신업,J612,N,,,,M|Q|Y,KOSIS_MCP_TABLE_INFO
101,DT_1KC2020,산업별 서비스업생산지수(2020=100.0),,A,업종별,1,J62,컴퓨터 프로그래밍 시스템 통합 및 관리업,J,N,,,,M|Q|Y,KOSIS_MCP_TABLE_INFO
101,DT_1KC2020,산업별 서비스업생산지수(2020=100.0),,A,업종별,1,J620,컴퓨터 프로그래밍 시스템 통합 및 관리업,J62,N,,,,M|Q|Y,KOSIS_MCP_TABLE_INFO
101,DT_1KC2020,산업별 서비스업생산지수(2020=100.0),,A,업종별,1,J63,정보서비스업,J,N,,,,M|Q|Y,KOSIS_MCP_TABLE_INFO
101,DT_1KC2020,산업별 서비스업생산지수(2020=100.0),,A,업종별,1,J631,자료처리 호스팅 포털 및 기타 인터넷 정보 매개 서비스업,J63,N,,,,M|Q|Y,KOSIS_MCP_TABLE_INFO
101,DT_1KC2020,산업별 서비스업생산지수(2020=100.0),,A,업종별,1,J6312,포털 및 기타 인터넷 정보 매개 서비스업,J631,N,,,,M|Q|Y,KOSIS_MCP_TABLE_INFO
101,DT_1KC2020,산업별 서비스업생산지수(2020=100.0),,A,업종별,1,J639,기타 정보 서비스업,J63,N,,,,M|Q|Y,KOSIS_MCP_TABLE_INFO
101,DT_1KC2020,산업별 서비스업생산지수(2020=100.0),,A,업종별,1,J6399,그 외 기타 정보 서비스업,J639,N,,,,M|Q|Y,KOSIS_MCP_TABLE_INFO
101,DT_1KC2020,산업별 서비스업생산지수(2020=100.0),,A,업종별,1,K,금융 및 보험업,,N,,,,M|Q|Y,KOSIS_MCP_TABLE_INFO
101,DT_1KC2020,산업별 서비스업생산지수(2020=100.0),,A,업종별,1,K64,금융업,K,N,,,,M|Q|Y,KOSIS_MCP_TABLE_INFO
101,DT_1KC2020,산업별 서비스업생산지수(2020=100.0),,A,업종별,1,K641,은행 및 저축기관,K64,N,,,,M|Q|Y,KOSIS_MCP_TABLE_INFO
101,DT_1KC2020,산업별 서비스업생산지수(2020=100.0),,A,업종별,1,K6412,일반은행,K641,N,,,,M|Q|Y,KOSIS_MCP_TABLE_INFO
101,DT_1KC2020,산업별 서비스업생산지수(2020=100.0),,A,업종별,1,K6413,신용조합 및 저축기관,K641,N,,,,M|Q|Y,KOSIS_MCP_TABLE_INFO
101,DT_1KC2020,산업별 서비스업생산지수(2020=100.0),,A,업종별,1,K642,신탁업 및 집합 투자업,K64,N,,,,M|Q|Y,KOSIS_MCP_TABLE_INFO
101,DT_1KC2020,산업별 서비스업생산지수(2020=100.0),,A,업종별,1,K6420,신탁업 및 집합 투자업,K642,N,,,,M|Q|Y,KOSIS_MCP_TABLE_INFO
101,DT_1KC2020,산업별 서비스업생산지수(2020=100.0),,A,업종별,1,K649,기타 금융업,K64,N,,,,M|Q|Y,KOSIS_MCP_TABLE_INFO
101,DT_1KC2020,산업별 서비스업생산지수(2020=100.0),,A,업종별,1,K6491,여신 금융업,K649,N,,,,M|Q|Y,KOSIS_MCP_TABLE_INFO
101,DT_1KC2020,산업별 서비스업생산지수(2020=100.0),,A,업종별,1,K65,보험 및 연금업,K,N,,,,M|Q|Y,KOSIS_MCP_TABLE_INFO
101,DT_1KC2020,산업별 서비스업생산지수(2020=100.0),,A,업종별,1,K651,보험업,K65,N,,,,M|Q|Y,KOSIS_MCP_TABLE_INFO
101,DT_1KC2020,산업별 서비스업생산지수(2020=100.0),,A,업종별,1,K6511,생명보험업,K651,N,,,,M|Q|Y,KOSIS_MCP_TABLE_INFO
101,DT_1KC2020,산업별 서비스업생산지수(2020=100.0),,A,업종별,1,K6512,손해 및 보증보험업,K651,N,,,,M|Q|Y,KOSIS_MCP_TABLE_INFO
101,DT_1KC2020,산업별 서비스업생산지수(2020=100.0),,A,업종별,1,K652,재보험업,K65,N,,,,M|Q|Y,KOSIS_MCP_TABLE_INFO
101,DT_1KC2020,산업별 서비스업생산지수(2020=100.0),,A,업종별,1,K6520,재보험업,K652,N,,,,M|Q|Y,KOSIS_MCP_TABLE_INFO
101,DT_1KC2020,산업별 서비스업생산지수(2020=100.0),,A,업종별,1,K653,연금 및 공제업,K65,N,,,,M|Q|Y,KOSIS_MCP_TABLE_INFO
101,DT_1KC2020,산업별 서비스업생산지수(2020=100.0),,A,업종별,1,K6530,공제업,K653,N,,,,M|Q|Y,KOSIS_MCP_TABLE_INFO
101,DT_1KC2020,산업별 서비스업생산지수(2020=100.0),,A,업종별,1,K66,금융 및 보험 관련 서비스업,K,N,,,,M|Q|Y,KOSIS_MCP_TABLE_INFO
101,DT_1KC2020,산업별 서비스업생산지수(2020=100.0),,A,업종별,1,K661,금융 지원 서비스업,K66,N,,,,M|Q|Y,KOSIS_MCP_TABLE_INFO
101,DT_1KC2020,산업별 서비스업생산지수(2020=100.0),,A,업종별,1,K6612,증권 및 선물 중개업,K661,N,,,,M|Q|Y,KOSIS_MCP_TABLE_INFO
101,DT_1KC2020,산업별 서비스업생산지수(2020=100.0),,A,업종별,1,K6619,기타 금융 지원 서비스업,K661,N,,,,M|Q|Y,KOSIS_MCP_TABLE_INFO
101,DT_1KC2020,산업별 서비스업생산지수(2020=100.0),,A,업종별,1,K662,보험 및 연금관련 서비스업,K66,N,,,,M|Q|Y,KOSIS_MCP_TABLE_INFO
101,DT_1KC2020,산업별 서비스업생산지수(2020=100.0),,A,업종별,1,K6620,보험 및 연금관련 서비스업,K662,N,,,,M|Q|Y,KOSIS_MCP_TABLE_INFO
101,DT_1KC2020,산업별 서비스업생산지수(2020=100.0),,A,업종별,1,L,부동산업,,N,,,,M|Q|Y,KOSIS_MCP_TABLE_INFO
101,DT_1KC2020,산업별 서비스업생산지수(2020=100.0),,A,업종별,1,L68,부동산업,L,N,,,,M|Q|Y,KOSIS_MCP_TABLE_INFO
101,DT_1KC2020,산업별 서비스업생산지수(2020=100.0),,A,업종별,1,L681,부동산 임대 및 공급업,L68,N,,,,M|Q|Y,KOSIS_MCP_TABLE_INFO
101,DT_1KC2020,산업별 서비스업생산지수(2020=100.0),,A,업종별,1,L6811,부동산 임대업,L681,N,,,,M|Q|Y,KOSIS_MCP_TABLE_INFO
101,DT_1KC2020,산업별 서비스업생산지수(2020=100.0),,A,업종별,1,L6812,부동산 개발 및 공급업,L681,N,,,,M|Q|Y,KOSIS_MCP_TABLE_INFO
101,INH_1B8000F_01,"출생아수, 합계출산율, 자연증가 등",,ITEM,항목,,T1,인구동태건수 및 동태율 추이,,Y,,,,Y,KOSIS_MCP_TABLE_INFO
101,INH_1B8000F_01,"출생아수, 합계출산율, 자연증가 등",,A,기본항목별,1,11,출생아수(명),,N,,,,Y,KOSIS_MCP_TABLE_INFO
101,INH_1B8000F_01,"출생아수, 합계출산율, 자연증가 등",,A,기본항목별,1,14,자연증가건수(명),,N,,,,Y,KOSIS_MCP_TABLE_INFO
101,INH_1B8000F_01,"출생아수, 합계출산율, 자연증가 등",,A,기본항목별,1,21,조출생률(천명당),,N,,,,Y,KOSIS_MCP_TABLE_INFO
101,INH_1B8000F_01,"출생아수, 합계출산율, 자연증가 등",,A,기본항목별,1,24,자연증가율(천명당),,N,,,,Y,KOSIS_MCP_TABLE_INFO
101,INH_1B8000F_01,"출생아수, 합계출산율, 자연증가 등",,A,기본항목별,1,30,합계출산율(명),,N,,,,Y,KOSIS_MCP_TABLE_INFO
101,INH_1B8000F_01,"출생아수, 합계출산율, 자연증가 등",,A,기본항목별,1,31,출생성비(명),,N,,,,Y,KOSIS_MCP_TABLE_INFO
